-- phpMyAdmin SQL Dump
-- version 4.8.3
-- https://www.phpmyadmin.net/
--
-- Host: 127.0.0.1
-- Generation Time: Nov 11, 2020 at 05:55 PM
-- Server version: 10.1.35-MariaDB
-- PHP Version: 7.2.9

SET SQL_MODE = "NO_AUTO_VALUE_ON_ZERO";
SET AUTOCOMMIT = 0;
START TRANSACTION;
SET time_zone = "+00:00";


/*!40101 SET @OLD_CHARACTER_SET_CLIENT=@@CHARACTER_SET_CLIENT */;
/*!40101 SET @OLD_CHARACTER_SET_RESULTS=@@CHARACTER_SET_RESULTS */;
/*!40101 SET @OLD_COLLATION_CONNECTION=@@COLLATION_CONNECTION */;
/*!40101 SET NAMES utf8mb4 */;

--
-- Database: `flex`
--

-- --------------------------------------------------------

--
-- Table structure for table `address_bill_to`
--

CREATE TABLE `address_bill_to` (
  `id` int(11) NOT NULL,
  `customer_code` varchar(20) DEFAULT NULL COMMENT 'CardCode',
  `address_code` varchar(50) DEFAULT '0000' COMMENT 'Address',
  `branch_code` varchar(50) DEFAULT '0000' COMMENT 'Address2',
  `branch_name` varchar(50) DEFAULT 'สำนักงานใหญ่' COMMENT 'Address3',
  `address` varchar(254) DEFAULT NULL COMMENT 'street',
  `sub_district` varchar(100) DEFAULT NULL COMMENT 'Block',
  `district` varchar(100) DEFAULT NULL COMMENT 'County',
  `province` varchar(100) DEFAULT NULL COMMENT 'City',
  `postcode` varchar(20) DEFAULT NULL,
  `country` varchar(3) NOT NULL DEFAULT 'TH',
  `phone` varchar(50) DEFAULT NULL
) ENGINE=InnoDB DEFAULT CHARSET=utf8;

--
-- Dumping data for table `address_bill_to`
--

INSERT INTO `address_bill_to` (`id`, `customer_code`, `address_code`, `branch_code`, `branch_name`, `address`, `sub_district`, `district`, `province`, `postcode`, `country`, `phone`) VALUES
(1, 'C0001', '0000', '0000', 'สำนักงานใหญ่', '196/8 ม. 2 ถ.กรุงแสง', 'ชะมาย', 'ทุ่งสง', 'นครศรีธรรมราช', '80110', 'TH', '0891747597');

-- --------------------------------------------------------

--
-- Table structure for table `address_info`
--

CREATE TABLE `address_info` (
  `id` int(11) NOT NULL,
  `tumbon` varchar(100) NOT NULL,
  `amphur` varchar(100) NOT NULL,
  `province` varchar(100) NOT NULL,
  `zipcode` varchar(5) NOT NULL
) ENGINE=MyISAM DEFAULT CHARSET=utf8;

--
-- Dumping data for table `address_info`
--

INSERT INTO `address_info` (`id`, `tumbon`, `amphur`, `province`, `zipcode`) VALUES
(1, 'พระบรมมหาราชวัง', 'พระนคร', 'กรุงเทพมหานคร', '10200'),
(2, 'วังบูรพาภิรมย์', 'พระนคร', 'กรุงเทพมหานคร', '10200'),
(3, 'วัดราชบพิธ', 'พระนคร', 'กรุงเทพมหานคร', '10200'),
(4, 'สำราญราษฎร์', 'พระนคร', 'กรุงเทพมหานคร', '10200'),
(5, 'ศาลเจ้าพ่อเสือ', 'พระนคร', 'กรุงเทพมหานคร', '10200'),
(6, 'เสาชิงช้า', 'พระนคร', 'กรุงเทพมหานคร', '10200'),
(7, 'บวรนิเวศ', 'พระนคร', 'กรุงเทพมหานคร', '10200'),
(8, 'ตลาดยอด', 'พระนคร', 'กรุงเทพมหานคร', '10200'),
(9, 'ชนะสงคราม', 'พระนคร', 'กรุงเทพมหานคร', '10200'),
(10, 'บ้านพานถม', 'พระนคร', 'กรุงเทพมหานคร', '10200'),
(11, 'บางขุนพรหม', 'พระนคร', 'กรุงเทพมหานคร', '10200'),
(12, 'วัดสามพระยา', 'พระนคร', 'กรุงเทพมหานคร', '10200'),
(13, 'ดุสิต', 'ดุสิต', 'กรุงเทพมหานคร', '10300'),
(14, 'วชิรพยาบาล', 'ดุสิต', 'กรุงเทพมหานคร', '10300'),
(15, 'สวนจิตรลดา', 'ดุสิต', 'กรุงเทพมหานคร', '10300'),
(16, 'สี่แยกมหานาค', 'ดุสิต', 'กรุงเทพมหานคร', '10300'),
(17, 'ถนนนครไชยศรี', 'ดุสิต', 'กรุงเทพมหานคร', '10300'),
(18, 'กระทุ่มราย', 'หนองจอก', 'กรุงเทพมหานคร', '10530'),
(19, 'หนองจอก', 'หนองจอก', 'กรุงเทพมหานคร', '10530'),
(20, 'คลองสิบ', 'หนองจอก', 'กรุงเทพมหานคร', '10530'),
(21, 'คลองสิบสอง', 'หนองจอก', 'กรุงเทพมหานคร', '10530'),
(22, 'โคกแฝด', 'หนองจอก', 'กรุงเทพมหานคร', '10530'),
(23, 'คู้ฝั่งเหนือ', 'หนองจอก', 'กรุงเทพมหานคร', '10530'),
(24, 'ลำผักชี', 'หนองจอก', 'กรุงเทพมหานคร', '10530'),
(25, 'ลำต้อยติ่ง', 'หนองจอก', 'กรุงเทพมหานคร', '10530'),
(26, 'มหาพฤฒาราม', 'บางรัก', 'กรุงเทพมหานคร', '10500'),
(27, 'สีลม', 'บางรัก', 'กรุงเทพมหานคร', '10500'),
(28, 'สุริยวงศ์', 'บางรัก', 'กรุงเทพมหานคร', '10500'),
(29, 'บางรัก', 'บางรัก', 'กรุงเทพมหานคร', '10500'),
(30, 'สี่พระยา', 'บางรัก', 'กรุงเทพมหานคร', '10500'),
(31, 'อนุสาวรีย์', 'บางเขน', 'กรุงเทพมหานคร', '10220'),
(32, 'ท่าแร้ง', 'บางเขน', 'กรุงเทพมหานคร', '10220'),
(33, 'คลองจั่น', 'บางกะปิ', 'กรุงเทพมหานคร', '10240'),
(34, 'หัวหมาก', 'บางกะปิ', 'กรุงเทพมหานคร', '10240'),
(35, 'รองเมือง', 'ปทุมวัน', 'กรุงเทพมหานคร', '10330'),
(36, 'วังใหม่', 'ปทุมวัน', 'กรุงเทพมหานคร', '10330'),
(37, 'ปทุมวัน', 'ปทุมวัน', 'กรุงเทพมหานคร', '10330'),
(38, 'ลุมพินี', 'ปทุมวัน', 'กรุงเทพมหานคร', '10330'),
(39, 'ป้อมปราบ', 'ป้อมปราบศัตรูพ่าย', 'กรุงเทพมหานคร', '10100'),
(40, 'วัดเทพศิรินทร์', 'ป้อมปราบศัตรูพ่าย', 'กรุงเทพมหานคร', '10100'),
(41, 'คลองมหานาค', 'ป้อมปราบศัตรูพ่าย', 'กรุงเทพมหานคร', '10100'),
(42, 'บ้านบาตร', 'ป้อมปราบศัตรูพ่าย', 'กรุงเทพมหานคร', '10100'),
(43, 'วัดโสมนัส', 'ป้อมปราบศัตรูพ่าย', 'กรุงเทพมหานคร', '10100'),
(44, 'บางจาก', 'พระโขนง', 'กรุงเทพมหานคร', '10260'),
(45, 'มีนบุรี', 'มีนบุรี', 'กรุงเทพมหานคร', '10510'),
(46, 'แสนแสบ', 'มีนบุรี', 'กรุงเทพมหานคร', '10510'),
(47, 'ลาดกระบัง', 'ลาดกระบัง', 'กรุงเทพมหานคร', '10520'),
(48, 'คลองสองต้นนุ่น', 'ลาดกระบัง', 'กรุงเทพมหานคร', '10520'),
(49, 'คลองสามประเวศ', 'ลาดกระบัง', 'กรุงเทพมหานคร', '10520'),
(50, 'ลำปลาทิว', 'ลาดกระบัง', 'กรุงเทพมหานคร', '10520'),
(51, 'ทับยาว', 'ลาดกระบัง', 'กรุงเทพมหานคร', '10520'),
(52, 'ขุมทอง', 'ลาดกระบัง', 'กรุงเทพมหานคร', '10520'),
(53, 'ช่องนนทรี', 'ยานนาวา', 'กรุงเทพมหานคร', '10120'),
(54, 'บางโพงพาง', 'ยานนาวา', 'กรุงเทพมหานคร', '10120'),
(55, 'จักรวรรดิ', 'สัมพันธวงศ์', 'กรุงเทพมหานคร', '10100'),
(56, 'สัมพันธวงศ์', 'สัมพันธวงศ์', 'กรุงเทพมหานคร', '10100'),
(57, 'ตลาดน้อย', 'สัมพันธวงศ์', 'กรุงเทพมหานคร', '10100'),
(58, 'สามเสนใน', 'พญาไท', 'กรุงเทพมหานคร', '10400'),
(59, 'วัดกัลยาณ์', 'ธนบุรี', 'กรุงเทพมหานคร', '10600'),
(60, 'หิรัญรูจี', 'ธนบุรี', 'กรุงเทพมหานคร', '10600'),
(61, 'บางยี่เรือ', 'ธนบุรี', 'กรุงเทพมหานคร', '10600'),
(62, 'บุคคโล', 'ธนบุรี', 'กรุงเทพมหานคร', '10600'),
(63, 'ตลาดพลู', 'ธนบุรี', 'กรุงเทพมหานคร', '10600'),
(64, 'ดาวคะนอง', 'ธนบุรี', 'กรุงเทพมหานคร', '10600'),
(65, 'สำเหร่', 'ธนบุรี', 'กรุงเทพมหานคร', '10600'),
(66, 'วัดอรุณ', 'บางกอกใหญ่', 'กรุงเทพมหานคร', '10600'),
(67, 'วัดท่าพระ', 'บางกอกใหญ่', 'กรุงเทพมหานคร', '10600'),
(68, 'ห้วยขวาง', 'ห้วยขวาง', 'กรุงเทพมหานคร', '10310'),
(69, 'บางกะปิ', 'ห้วยขวาง', 'กรุงเทพมหานคร', '10310'),
(70, 'สามเสนนอก', 'ห้วยขวาง', 'กรุงเทพมหานคร', '10310'),
(71, 'สมเด็จเจ้าพระยา', 'คลองสาน', 'กรุงเทพมหานคร', '10600'),
(72, 'คลองสาน', 'คลองสาน', 'กรุงเทพมหานคร', '10600'),
(73, 'บางลำภูล่าง', 'คลองสาน', 'กรุงเทพมหานคร', '10600'),
(74, 'คลองต้นไทร', 'คลองสาน', 'กรุงเทพมหานคร', '10600'),
(75, 'คลองชักพระ', 'ตลิ่งชัน', 'กรุงเทพมหานคร', '10170'),
(76, 'ตลิ่งชัน', 'ตลิ่งชัน', 'กรุงเทพมหานคร', '10170'),
(77, 'ฉิมพลี', 'ตลิ่งชัน', 'กรุงเทพมหานคร', '10170'),
(78, 'บางพรม', 'ตลิ่งชัน', 'กรุงเทพมหานคร', '10170'),
(79, 'บางระมาด', 'ตลิ่งชัน', 'กรุงเทพมหานคร', '10170'),
(80, 'บางเชือกหนัง', 'ตลิ่งชัน', 'กรุงเทพมหานคร', '10170'),
(81, 'ศิริราช', 'บางกอกน้อย', 'กรุงเทพมหานคร', '10700'),
(82, 'บ้านช่างหล่อ', 'บางกอกน้อย', 'กรุงเทพมหานคร', '10700'),
(83, 'บางขุนนนท์', 'บางกอกน้อย', 'กรุงเทพมหานคร', '10700'),
(84, 'บางขุนศรี', 'บางกอกน้อย', 'กรุงเทพมหานคร', '10700'),
(85, 'อรุณอมรินทร์', 'บางกอกน้อย', 'กรุงเทพมหานคร', '10700'),
(86, 'ท่าข้าม', 'บางขุนเทียน', 'กรุงเทพมหานคร', '10150'),
(87, 'แสมดำ', 'บางขุนเทียน', 'กรุงเทพมหานคร', '10150'),
(88, 'บางหว้า', 'ภาษีเจริญ', 'กรุงเทพมหานคร', '10160'),
(89, 'บางด้วน', 'ภาษีเจริญ', 'กรุงเทพมหานคร', '10160'),
(90, 'บางจาก', 'ภาษีเจริญ', 'กรุงเทพมหานคร', '10160'),
(91, 'บางแวก', 'ภาษีเจริญ', 'กรุงเทพมหานคร', '10160'),
(92, 'คลองขวาง', 'ภาษีเจริญ', 'กรุงเทพมหานคร', '10160'),
(93, 'ปากคลองภาษีเจริญ', 'ภาษีเจริญ', 'กรุงเทพมหานคร', '10160'),
(94, 'คูหาสวรรค์', 'ภาษีเจริญ', 'กรุงเทพมหานคร', '10160'),
(95, 'หนองแขม', 'หนองแขม', 'กรุงเทพมหานคร', '10160'),
(96, 'หนองค้างพลู', 'หนองแขม', 'กรุงเทพมหานคร', '10160'),
(97, 'ราษฎร์บูรณะ', 'ราษฎร์บูรณะ', 'กรุงเทพมหานคร', '10140'),
(98, 'บางปะกอก', 'ราษฎร์บูรณะ', 'กรุงเทพมหานคร', '10140'),
(99, 'บางพลัด', 'บางพลัด', 'กรุงเทพมหานคร', '10700'),
(100, 'บางอ้อ', 'บางพลัด', 'กรุงเทพมหานคร', '10700'),
(101, 'บางบำหรุ', 'บางพลัด', 'กรุงเทพมหานคร', '10700'),
(102, 'บางยี่ขัน', 'บางพลัด', 'กรุงเทพมหานคร', '10700'),
(103, 'ดินแดง', 'ดินแดง', 'กรุงเทพมหานคร', '10400'),
(104, 'คลองกุ่ม', 'บึงกุ่ม', 'กรุงเทพมหานคร', '10240'),
(105, 'นวมินทร์', 'บึงกุ่ม', 'กรุงเทพมหานคร', '10240'),
(106, 'นวลจันทร์', 'บึงกุ่ม', 'กรุงเทพมหานคร', '10240'),
(107, 'ทุ่งวัดดอน', 'สาทร', 'กรุงเทพมหานคร', '10120'),
(108, 'ยานนาวา', 'สาทร', 'กรุงเทพมหานคร', '10120'),
(109, 'ทุ่งมหาเมฆ', 'สาทร', 'กรุงเทพมหานคร', '10120'),
(110, 'บางซื่อ', 'บางซื่อ', 'กรุงเทพมหานคร', '10800'),
(111, 'วงศ์สว่าง', 'บางซื่อ', 'กรุงเทพมหานคร', '10800'),
(112, 'ลาดยาว', 'จตุจักร', 'กรุงเทพมหานคร', '10900'),
(113, 'เสนานิคม', 'จตุจักร', 'กรุงเทพมหานคร', '10900'),
(114, 'จันทรเกษม', 'จตุจักร', 'กรุงเทพมหานคร', '10900'),
(115, 'จอมพล', 'จตุจักร', 'กรุงเทพมหานคร', '10900'),
(116, 'จตุจักร', 'จตุจักร', 'กรุงเทพมหานคร', '10900'),
(117, 'บางคอแหลม', 'บางคอแหลม', 'กรุงเทพมหานคร', '10120'),
(118, 'วัดพระยาไกร', 'บางคอแหลม', 'กรุงเทพมหานคร', '10120'),
(119, 'บางโคล่', 'บางคอแหลม', 'กรุงเทพมหานคร', '10120'),
(120, 'ประเวศ', 'ประเวศ', 'กรุงเทพมหานคร', '10250'),
(121, 'หนองบอน', 'ประเวศ', 'กรุงเทพมหานคร', '10250'),
(122, 'ดอกไม้', 'ประเวศ', 'กรุงเทพมหานคร', '10250'),
(123, 'คลองเตย', 'คลองเตย', 'กรุงเทพมหานคร', '10110'),
(124, 'คลองตัน', 'คลองเตย', 'กรุงเทพมหานคร', '10110'),
(125, 'พระโขนง', 'คลองเตย', 'กรุงเทพมหานคร', '10110'),
(126, 'สวนหลวง', 'สวนหลวง', 'กรุงเทพมหานคร', '10250'),
(127, 'บางขุนเทียน', 'จอมทอง', 'กรุงเทพมหานคร', '10150'),
(128, 'บางค้อ', 'จอมทอง', 'กรุงเทพมหานคร', '10150'),
(129, 'บางมด', 'จอมทอง', 'กรุงเทพมหานคร', '10150'),
(130, 'จอมทอง', 'จอมทอง', 'กรุงเทพมหานคร', '10150'),
(131, 'สีกัน', 'ดอนเมือง', 'กรุงเทพมหานคร', '10210'),
(132, 'ดอนเมือง', 'ดอนเมือง', 'กรุงเทพมหานคร', '10210'),
(133, 'สนามบิน', 'ดอนเมือง', 'กรุงเทพมหานคร', '10210'),
(134, 'ทุ่งพญาไท', 'ราชเทวี', 'กรุงเทพมหานคร', '10400'),
(135, 'ถนนพญาไท', 'ราชเทวี', 'กรุงเทพมหานคร', '10400'),
(136, 'ถนนเพชรบุรี', 'ราชเทวี', 'กรุงเทพมหานคร', '10400'),
(137, 'มักกะสัน', 'ราชเทวี', 'กรุงเทพมหานคร', '10400'),
(138, 'ลาดพร้าว', 'ลาดพร้าว', 'กรุงเทพมหานคร', '10230'),
(139, 'จรเข้บัว', 'ลาดพร้าว', 'กรุงเทพมหานคร', '10230'),
(140, 'คลองเตยเหนือ', 'วัฒนา', 'กรุงเทพมหานคร', '10110'),
(141, 'คลองตันเหนือ', 'วัฒนา', 'กรุงเทพมหานคร', '10110'),
(142, 'พระโขนงเหนือ', 'วัฒนา', 'กรุงเทพมหานคร', '10110'),
(143, 'บางแค', 'บางแค', 'กรุงเทพมหานคร', '10160'),
(144, 'บางแคเหนือ', 'บางแค', 'กรุงเทพมหานคร', '10160'),
(145, 'บางไผ่', 'บางแค', 'กรุงเทพมหานคร', '10160'),
(146, 'หลักสอง', 'บางแค', 'กรุงเทพมหานคร', '10160'),
(147, 'ทุ่งสองห้อง', 'หลักสี่', 'กรุงเทพมหานคร', '10210'),
(148, 'ตลาดบางเขน', 'หลักสี่', 'กรุงเทพมหานคร', '10210'),
(149, 'สายไหม', 'สายไหม', 'กรุงเทพมหานคร', '10220'),
(150, 'ออเงิน', 'สายไหม', 'กรุงเทพมหานคร', '10220'),
(151, 'คลองถนน', 'สายไหม', 'กรุงเทพมหานคร', '10220'),
(152, 'คันนายาว', 'คันนายาว', 'กรุงเทพมหานคร', '10230'),
(153, 'รามอินทรา', 'คันนายาว', 'กรุงเทพมหานคร', '10230'),
(154, 'สะพานสูง', 'สะพานสูง', 'กรุงเทพมหานคร', '10240'),
(155, 'วังทองหลาง', 'วังทองหลาง', 'กรุงเทพมหานคร', '10310'),
(156, 'สะพานสอง', 'วังทองหลาง', 'กรุงเทพมหานคร', '10310'),
(157, 'คลองเจ้าคุณสิงห์', 'วังทองหลาง', 'กรุงเทพมหานคร', '10310'),
(158, 'พลับพลา', 'วังทองหลาง', 'กรุงเทพมหานคร', '10310'),
(159, 'สามวาตะวันตก', 'คลองสามวา', 'กรุงเทพมหานคร', '10510'),
(160, 'สามวาตะวันออก', 'คลองสามวา', 'กรุงเทพมหานคร', '10510'),
(161, 'บางชัน', 'คลองสามวา', 'กรุงเทพมหานคร', '10510'),
(162, 'ทรายกองดิน', 'คลองสามวา', 'กรุงเทพมหานคร', '10510'),
(163, 'ทรายกองดินใต้', 'คลองสามวา', 'กรุงเทพมหานคร', '10510'),
(164, 'บางนา', 'บางนา', 'กรุงเทพมหานคร', '10260'),
(165, 'ทวีวัฒนา', 'ทวีวัฒนา', 'กรุงเทพมหานคร', '10170'),
(166, 'ศาลาธรรมสพน์', 'ทวีวัฒนา', 'กรุงเทพมหานคร', '10170'),
(167, 'บางมด', 'ทุ่งครุ', 'กรุงเทพมหานคร', '10140'),
(168, 'ทุ่งครุ', 'ทุ่งครุ', 'กรุงเทพมหานคร', '10140'),
(169, 'บางบอน', 'บางบอน', 'กรุงเทพมหานคร', '10150'),
(170, 'ปากน้ำ', 'เมืองสมุทรปราการ', 'สมุทรปราการ', '10270'),
(171, 'สำโรงเหนือ', 'เมืองสมุทรปราการ', 'สมุทรปราการ', '10270'),
(172, 'บางเมือง', 'เมืองสมุทรปราการ', 'สมุทรปราการ', '10270'),
(173, 'ท้ายบ้าน', 'เมืองสมุทรปราการ', 'สมุทรปราการ', '10280'),
(174, 'บางปูใหม่', 'เมืองสมุทรปราการ', 'สมุทรปราการ', '10280'),
(175, 'แพรกษา', 'เมืองสมุทรปราการ', 'สมุทรปราการ', '10280'),
(176, 'บางโปรง', 'เมืองสมุทรปราการ', 'สมุทรปราการ', '10270'),
(177, 'บางปู', 'เมืองสมุทรปราการ', 'สมุทรปราการ', '10280'),
(178, 'บางด้วน', 'เมืองสมุทรปราการ', 'สมุทรปราการ', '10270'),
(179, 'บางเมืองใหม่', 'เมืองสมุทรปราการ', 'สมุทรปราการ', '10270'),
(180, 'เทพารักษ์', 'เมืองสมุทรปราการ', 'สมุทรปราการ', '10270'),
(181, 'ท้ายบ้านใหม่', 'เมืองสมุทรปราการ', 'สมุทรปราการ', '10280'),
(182, 'แพรกษาใหม่', 'เมืองสมุทรปราการ', 'สมุทรปราการ', '10280'),
(183, 'บางบ่อ', 'บางบ่อ', 'สมุทรปราการ', '10560'),
(184, 'บ้านระกาศ', 'บางบ่อ', 'สมุทรปราการ', '10560'),
(185, 'บางพลีน้อย', 'บางบ่อ', 'สมุทรปราการ', '10560'),
(186, 'บางเพรียง', 'บางบ่อ', 'สมุทรปราการ', '10560'),
(187, 'คลองด่าน', 'บางบ่อ', 'สมุทรปราการ', '10550'),
(188, 'คลองสวน', 'บางบ่อ', 'สมุทรปราการ', '10560'),
(189, 'เปร็ง', 'บางบ่อ', 'สมุทรปราการ', '10560'),
(190, 'คลองนิยมยาตรา', 'บางบ่อ', 'สมุทรปราการ', '10560'),
(191, 'บางพลีใหญ่', 'บางพลี', 'สมุทรปราการ', '10540'),
(192, 'บางแก้ว', 'บางพลี', 'สมุทรปราการ', '10540'),
(193, 'บางปลา', 'บางพลี', 'สมุทรปราการ', '10540'),
(194, 'บางโฉลง', 'บางพลี', 'สมุทรปราการ', '10540'),
(195, 'ราชาเทวะ', 'บางพลี', 'สมุทรปราการ', '10540'),
(196, 'หนองปรือ', 'บางพลี', 'สมุทรปราการ', '10540'),
(197, 'ตลาด', 'พระประแดง', 'สมุทรปราการ', '10130'),
(198, 'บางพึ่ง', 'พระประแดง', 'สมุทรปราการ', '10130'),
(199, 'บางจาก', 'พระประแดง', 'สมุทรปราการ', '10130'),
(200, 'บางครุ', 'พระประแดง', 'สมุทรปราการ', '10130'),
(201, 'บางหญ้าแพรก', 'พระประแดง', 'สมุทรปราการ', '10130'),
(202, 'บางหัวเสือ', 'พระประแดง', 'สมุทรปราการ', '10130'),
(203, 'สำโรงใต้', 'พระประแดง', 'สมุทรปราการ', '10130'),
(204, 'บางยอ', 'พระประแดง', 'สมุทรปราการ', '10130'),
(205, 'บางกะเจ้า', 'พระประแดง', 'สมุทรปราการ', '10130'),
(206, 'บางน้ำผึ้ง', 'พระประแดง', 'สมุทรปราการ', '10130'),
(207, 'บางกระสอบ', 'พระประแดง', 'สมุทรปราการ', '10130'),
(208, 'บางกอบัว', 'พระประแดง', 'สมุทรปราการ', '10130'),
(209, 'ทรงคนอง', 'พระประแดง', 'สมุทรปราการ', '10130'),
(210, 'สำโรง', 'พระประแดง', 'สมุทรปราการ', '10130'),
(211, 'สำโรงกลาง', 'พระประแดง', 'สมุทรปราการ', '10130'),
(212, 'นาเกลือ', 'พระสมุทรเจดีย์', 'สมุทรปราการ', '10290'),
(213, 'บ้านคลองสวน', 'พระสมุทรเจดีย์', 'สมุทรปราการ', '10290'),
(214, 'แหลมฟ้าผ่า', 'พระสมุทรเจดีย์', 'สมุทรปราการ', '10290'),
(215, 'ปากคลองบางปลากด', 'พระสมุทรเจดีย์', 'สมุทรปราการ', '10290'),
(216, 'ในคลองบางปลากด', 'พระสมุทรเจดีย์', 'สมุทรปราการ', '10290'),
(217, 'บางเสาธง', 'บางเสาธง', 'สมุทรปราการ', '10540'),
(218, 'ศีรษะจรเข้น้อย', 'บางเสาธง', 'สมุทรปราการ', '10540'),
(219, 'ศีรษะจรเข้ใหญ่', 'บางเสาธง', 'สมุทรปราการ', '10540'),
(220, 'สวนใหญ่', 'เมืองนนทบุรี', 'นนทบุรี', '11000'),
(221, 'ตลาดขวัญ', 'เมืองนนทบุรี', 'นนทบุรี', '11000'),
(222, 'บางเขน', 'เมืองนนทบุรี', 'นนทบุรี', '11000'),
(223, 'บางกระสอ', 'เมืองนนทบุรี', 'นนทบุรี', '11000'),
(224, 'ท่าทราย', 'เมืองนนทบุรี', 'นนทบุรี', '11000'),
(225, 'บางไผ่', 'เมืองนนทบุรี', 'นนทบุรี', '11000'),
(226, 'บางศรีเมือง', 'เมืองนนทบุรี', 'นนทบุรี', '11000'),
(227, 'บางกร่าง', 'เมืองนนทบุรี', 'นนทบุรี', '11000'),
(228, 'ไทรม้า', 'เมืองนนทบุรี', 'นนทบุรี', '11000'),
(229, 'บางรักน้อย', 'เมืองนนทบุรี', 'นนทบุรี', '11000'),
(230, 'วัดชลอ', 'บางกรวย', 'นนทบุรี', '11130'),
(231, 'บางกรวย', 'บางกรวย', 'นนทบุรี', '11130'),
(232, 'บางสีทอง', 'บางกรวย', 'นนทบุรี', '11130'),
(233, 'บางขนุน', 'บางกรวย', 'นนทบุรี', '11130'),
(234, 'บางขุนกอง', 'บางกรวย', 'นนทบุรี', '11130'),
(235, 'บางคูเวียง', 'บางกรวย', 'นนทบุรี', '11130'),
(236, 'มหาสวัสดิ์', 'บางกรวย', 'นนทบุรี', '11130'),
(237, 'ปลายบาง', 'บางกรวย', 'นนทบุรี', '11130'),
(238, 'ศาลากลาง', 'บางกรวย', 'นนทบุรี', '11130'),
(239, 'บางม่วง', 'บางใหญ่', 'นนทบุรี', '11140'),
(240, 'บางแม่นาง', 'บางใหญ่', 'นนทบุรี', '11140'),
(241, 'บางเลน', 'บางใหญ่', 'นนทบุรี', '11140'),
(242, 'เสาธงหิน', 'บางใหญ่', 'นนทบุรี', '11140'),
(243, 'บางใหญ่', 'บางใหญ่', 'นนทบุรี', '11140'),
(244, 'บ้านใหม่', 'บางใหญ่', 'นนทบุรี', '11140'),
(245, 'โสนลอย', 'บางบัวทอง', 'นนทบุรี', '11110'),
(246, 'บางบัวทอง', 'บางบัวทอง', 'นนทบุรี', '11110'),
(247, 'บางรักใหญ่', 'บางบัวทอง', 'นนทบุรี', '11110'),
(248, 'บางคูรัด', 'บางบัวทอง', 'นนทบุรี', '11110'),
(249, 'ละหาร', 'บางบัวทอง', 'นนทบุรี', '11110'),
(250, 'ลำโพ', 'บางบัวทอง', 'นนทบุรี', '11110'),
(251, 'พิมลราช', 'บางบัวทอง', 'นนทบุรี', '11110'),
(252, 'บางรักพัฒนา', 'บางบัวทอง', 'นนทบุรี', '11110'),
(253, 'ไทรน้อย', 'ไทรน้อย', 'นนทบุรี', '11150'),
(254, 'ราษฎร์นิยม', 'ไทรน้อย', 'นนทบุรี', '11150'),
(255, 'หนองเพรางาย', 'ไทรน้อย', 'นนทบุรี', '11150'),
(256, 'ไทรใหญ่', 'ไทรน้อย', 'นนทบุรี', '11150'),
(257, 'ขุนศรี', 'ไทรน้อย', 'นนทบุรี', '11150'),
(258, 'คลองขวาง', 'ไทรน้อย', 'นนทบุรี', '11150'),
(259, 'ทวีวัฒนา', 'ไทรน้อย', 'นนทบุรี', '11150'),
(260, 'ปากเกร็ด', 'ปากเกร็ด', 'นนทบุรี', '11120'),
(261, 'บางตลาด', 'ปากเกร็ด', 'นนทบุรี', '11120'),
(262, 'บ้านใหม่', 'ปากเกร็ด', 'นนทบุรี', '11120'),
(263, 'บางพูด', 'ปากเกร็ด', 'นนทบุรี', '11120'),
(264, 'บางตะไนย์', 'ปากเกร็ด', 'นนทบุรี', '11120'),
(265, 'คลองพระอุดม', 'ปากเกร็ด', 'นนทบุรี', '11120'),
(266, 'ท่าอิฐ', 'ปากเกร็ด', 'นนทบุรี', '11120'),
(267, 'เกาะเกร็ด', 'ปากเกร็ด', 'นนทบุรี', '11120'),
(268, 'อ้อมเกร็ด', 'ปากเกร็ด', 'นนทบุรี', '11120'),
(269, 'คลองข่อย', 'ปากเกร็ด', 'นนทบุรี', '11120'),
(270, 'บางพลับ', 'ปากเกร็ด', 'นนทบุรี', '11120'),
(271, 'คลองเกลือ', 'ปากเกร็ด', 'นนทบุรี', '11120'),
(272, 'บางปรอก', 'เมืองปทุมธานี', 'ปทุมธานี', '12000'),
(273, 'บ้านใหม่', 'เมืองปทุมธานี', 'ปทุมธานี', '12000'),
(274, 'บ้านกลาง', 'เมืองปทุมธานี', 'ปทุมธานี', '12000'),
(275, 'บ้านฉาง', 'เมืองปทุมธานี', 'ปทุมธานี', '12000'),
(276, 'บ้านกระแชง', 'เมืองปทุมธานี', 'ปทุมธานี', '12000'),
(277, 'บางขะแยง', 'เมืองปทุมธานี', 'ปทุมธานี', '12000'),
(278, 'บางคูวัด', 'เมืองปทุมธานี', 'ปทุมธานี', '12000'),
(279, 'บางหลวง', 'เมืองปทุมธานี', 'ปทุมธานี', '12000'),
(280, 'บางเดื่อ', 'เมืองปทุมธานี', 'ปทุมธานี', '12000'),
(281, 'บางพูด', 'เมืองปทุมธานี', 'ปทุมธานี', '12000'),
(282, 'บางพูน', 'เมืองปทุมธานี', 'ปทุมธานี', '12000'),
(283, 'บางกะดี', 'เมืองปทุมธานี', 'ปทุมธานี', '12000'),
(284, 'สวนพริกไทย', 'เมืองปทุมธานี', 'ปทุมธานี', '12000'),
(285, 'หลักหก', 'เมืองปทุมธานี', 'ปทุมธานี', '12000'),
(286, 'คลองหนึ่ง', 'คลองหลวง', 'ปทุมธานี', '12120'),
(287, 'คลองสอง', 'คลองหลวง', 'ปทุมธานี', '12120'),
(288, 'คลองสาม', 'คลองหลวง', 'ปทุมธานี', '12120'),
(289, 'คลองสี่', 'คลองหลวง', 'ปทุมธานี', '12120'),
(290, 'คลองห้า', 'คลองหลวง', 'ปทุมธานี', '12120'),
(291, 'คลองหก', 'คลองหลวง', 'ปทุมธานี', '12120'),
(292, 'คลองเจ็ด', 'คลองหลวง', 'ปทุมธานี', '12120'),
(293, 'ประชาธิปัตย์', 'ธัญบุรี', 'ปทุมธานี', '12130'),
(294, 'บึงยี่โถ', 'ธัญบุรี', 'ปทุมธานี', '12130'),
(295, 'รังสิต', 'ธัญบุรี', 'ปทุมธานี', '12110'),
(296, 'ลำผักกูด', 'ธัญบุรี', 'ปทุมธานี', '12110'),
(297, 'บึงสนั่น', 'ธัญบุรี', 'ปทุมธานี', '12110'),
(298, 'บึงน้ำรักษ์', 'ธัญบุรี', 'ปทุมธานี', '12110'),
(299, 'บึงบา', 'หนองเสือ', 'ปทุมธานี', '12170'),
(300, 'บึงบอน', 'หนองเสือ', 'ปทุมธานี', '12170'),
(301, 'บึงกาสาม', 'หนองเสือ', 'ปทุมธานี', '12170'),
(302, 'บึงชำอ้อ', 'หนองเสือ', 'ปทุมธานี', '12170'),
(303, 'หนองสามวัง', 'หนองเสือ', 'ปทุมธานี', '12170'),
(304, 'ศาลาครุ', 'หนองเสือ', 'ปทุมธานี', '12170'),
(305, 'นพรัตน์', 'หนองเสือ', 'ปทุมธานี', '12170'),
(306, 'ระแหง', 'ลาดหลุมแก้ว', 'ปทุมธานี', '12140'),
(307, 'ลาดหลุมแก้ว', 'ลาดหลุมแก้ว', 'ปทุมธานี', '12140'),
(308, 'คูบางหลวง', 'ลาดหลุมแก้ว', 'ปทุมธานี', '12140'),
(309, 'คูขวาง', 'ลาดหลุมแก้ว', 'ปทุมธานี', '12140'),
(310, 'คลองพระอุดม', 'ลาดหลุมแก้ว', 'ปทุมธานี', '12140'),
(311, 'บ่อเงิน', 'ลาดหลุมแก้ว', 'ปทุมธานี', '12140'),
(312, 'หน้าไม้', 'ลาดหลุมแก้ว', 'ปทุมธานี', '12140'),
(313, 'คูคต', 'ลำลูกกา', 'ปทุมธานี', '12130'),
(314, 'ลาดสวาย', 'ลำลูกกา', 'ปทุมธานี', '12150'),
(315, 'บึงคำพร้อย', 'ลำลูกกา', 'ปทุมธานี', '12150'),
(316, 'ลำลูกกา', 'ลำลูกกา', 'ปทุมธานี', '12150'),
(317, 'บึงทองหลาง', 'ลำลูกกา', 'ปทุมธานี', '12150'),
(318, 'ลำไทร', 'ลำลูกกา', 'ปทุมธานี', '12150'),
(319, 'บึงคอไห', 'ลำลูกกา', 'ปทุมธานี', '12150'),
(320, 'พืชอุดม', 'ลำลูกกา', 'ปทุมธานี', '12150'),
(321, 'บางเตย', 'สามโคก', 'ปทุมธานี', '12160'),
(322, 'คลองควาย', 'สามโคก', 'ปทุมธานี', '12160'),
(323, 'สามโคก', 'สามโคก', 'ปทุมธานี', '12160'),
(324, 'กระแชง', 'สามโคก', 'ปทุมธานี', '12160'),
(325, 'บางโพธิ์เหนือ', 'สามโคก', 'ปทุมธานี', '12160'),
(326, 'เชียงรากใหญ่', 'สามโคก', 'ปทุมธานี', '12160'),
(327, 'บ้านปทุม', 'สามโคก', 'ปทุมธานี', '12160'),
(328, 'บ้านงิ้ว', 'สามโคก', 'ปทุมธานี', '12160'),
(329, 'เชียงรากน้อย', 'สามโคก', 'ปทุมธานี', '12160'),
(330, 'บางกระบือ', 'สามโคก', 'ปทุมธานี', '12160'),
(331, 'ท้ายเกาะ', 'สามโคก', 'ปทุมธานี', '12160'),
(332, 'ประตูชัย', 'พระนครศรีอยุธยา', 'พระนครศรีอยุธยา', '13000'),
(333, 'กะมัง', 'พระนครศรีอยุธยา', 'พระนครศรีอยุธยา', '13000'),
(334, 'หอรัตนไชย', 'พระนครศรีอยุธยา', 'พระนครศรีอยุธยา', '13000'),
(335, 'หัวรอ', 'พระนครศรีอยุธยา', 'พระนครศรีอยุธยา', '13000'),
(336, 'ท่าวาสุกรี', 'พระนครศรีอยุธยา', 'พระนครศรีอยุธยา', '13000'),
(337, 'ไผ่ลิง', 'พระนครศรีอยุธยา', 'พระนครศรีอยุธยา', '13000'),
(338, 'ปากกราน', 'พระนครศรีอยุธยา', 'พระนครศรีอยุธยา', '13000'),
(339, 'ภูเขาทอง', 'พระนครศรีอยุธยา', 'พระนครศรีอยุธยา', '13000'),
(340, 'สำเภาล่ม', 'พระนครศรีอยุธยา', 'พระนครศรีอยุธยา', '13000'),
(341, 'สวนพริก', 'พระนครศรีอยุธยา', 'พระนครศรีอยุธยา', '13000'),
(342, 'คลองตะเคียน', 'พระนครศรีอยุธยา', 'พระนครศรีอยุธยา', '13000'),
(343, 'วัดตูม', 'พระนครศรีอยุธยา', 'พระนครศรีอยุธยา', '13000'),
(344, 'หันตรา', 'พระนครศรีอยุธยา', 'พระนครศรีอยุธยา', '13000'),
(345, 'ลุมพลี', 'พระนครศรีอยุธยา', 'พระนครศรีอยุธยา', '13000'),
(346, 'บ้านใหม่', 'พระนครศรีอยุธยา', 'พระนครศรีอยุธยา', '13000'),
(347, 'บ้านเกาะ', 'พระนครศรีอยุธยา', 'พระนครศรีอยุธยา', '13000'),
(348, 'คลองสวนพลู', 'พระนครศรีอยุธยา', 'พระนครศรีอยุธยา', '13000'),
(349, 'คลองสระบัว', 'พระนครศรีอยุธยา', 'พระนครศรีอยุธยา', '13000'),
(350, 'เกาะเรียน', 'พระนครศรีอยุธยา', 'พระนครศรีอยุธยา', '13000'),
(351, 'บ้านป้อม', 'พระนครศรีอยุธยา', 'พระนครศรีอยุธยา', '13000'),
(352, 'บ้านรุน', 'พระนครศรีอยุธยา', 'พระนครศรีอยุธยา', '13000'),
(353, 'ท่าเรือ', 'ท่าเรือ', 'พระนครศรีอยุธยา', '13130'),
(354, 'จำปา', 'ท่าเรือ', 'พระนครศรีอยุธยา', '13130'),
(355, 'ท่าหลวง', 'ท่าเรือ', 'พระนครศรีอยุธยา', '13130'),
(356, 'บ้านร่อม', 'ท่าเรือ', 'พระนครศรีอยุธยา', '13130'),
(357, 'ศาลาลอย', 'ท่าเรือ', 'พระนครศรีอยุธยา', '13130'),
(358, 'วังแดง', 'ท่าเรือ', 'พระนครศรีอยุธยา', '13130'),
(359, 'โพธิ์เอน', 'ท่าเรือ', 'พระนครศรีอยุธยา', '13130'),
(360, 'ปากท่า', 'ท่าเรือ', 'พระนครศรีอยุธยา', '13130'),
(361, 'หนองขนาก', 'ท่าเรือ', 'พระนครศรีอยุธยา', '13130'),
(362, 'ท่าเจ้าสนุก', 'ท่าเรือ', 'พระนครศรีอยุธยา', '13130'),
(363, 'นครหลวง', 'นครหลวง', 'พระนครศรีอยุธยา', '13260'),
(364, 'ท่าช้าง', 'นครหลวง', 'พระนครศรีอยุธยา', '13260'),
(365, 'บ่อโพง', 'นครหลวง', 'พระนครศรีอยุธยา', '13260'),
(366, 'บ้านชุ้ง', 'นครหลวง', 'พระนครศรีอยุธยา', '13260'),
(367, 'ปากจั่น', 'นครหลวง', 'พระนครศรีอยุธยา', '13260'),
(368, 'บางระกำ', 'นครหลวง', 'พระนครศรีอยุธยา', '13260'),
(369, 'บางพระครู', 'นครหลวง', 'พระนครศรีอยุธยา', '13260'),
(370, 'แม่ลา', 'นครหลวง', 'พระนครศรีอยุธยา', '13260'),
(371, 'หนองปลิง', 'นครหลวง', 'พระนครศรีอยุธยา', '13260'),
(372, 'คลองสะแก', 'นครหลวง', 'พระนครศรีอยุธยา', '13260'),
(373, 'สามไถ', 'นครหลวง', 'พระนครศรีอยุธยา', '13260'),
(374, 'พระนอน', 'นครหลวง', 'พระนครศรีอยุธยา', '13260'),
(375, 'บางไทร', 'บางไทร', 'พระนครศรีอยุธยา', '13190'),
(376, 'บางพลี', 'บางไทร', 'พระนครศรีอยุธยา', '13190'),
(377, 'สนามชัย', 'บางไทร', 'พระนครศรีอยุธยา', '13190'),
(378, 'บ้านแป้ง', 'บางไทร', 'พระนครศรีอยุธยา', '13190'),
(379, 'หน้าไม้', 'บางไทร', 'พระนครศรีอยุธยา', '13190'),
(380, 'บางยี่โท', 'บางไทร', 'พระนครศรีอยุธยา', '13190'),
(381, 'แคออก', 'บางไทร', 'พระนครศรีอยุธยา', '13190'),
(382, 'แคตก', 'บางไทร', 'พระนครศรีอยุธยา', '13190'),
(383, 'ช่างเหล็ก', 'บางไทร', 'พระนครศรีอยุธยา', '13190'),
(384, 'กระแชง', 'บางไทร', 'พระนครศรีอยุธยา', '13190'),
(385, 'บ้านกลึง', 'บางไทร', 'พระนครศรีอยุธยา', '13190'),
(386, 'ช้างน้อย', 'บางไทร', 'พระนครศรีอยุธยา', '13190'),
(387, 'ห่อหมก', 'บางไทร', 'พระนครศรีอยุธยา', '13190'),
(388, 'ไผ่พระ', 'บางไทร', 'พระนครศรีอยุธยา', '13190'),
(389, 'กกแก้วบูรพา', 'บางไทร', 'พระนครศรีอยุธยา', '13190'),
(390, 'ไม้ตรา', 'บางไทร', 'พระนครศรีอยุธยา', '13190'),
(391, 'บ้านม้า', 'บางไทร', 'พระนครศรีอยุธยา', '13190'),
(392, 'บ้านเกาะ', 'บางไทร', 'พระนครศรีอยุธยา', '13190'),
(393, 'ราชคราม', 'บางไทร', 'พระนครศรีอยุธยา', '13290'),
(394, 'ช้างใหญ่', 'บางไทร', 'พระนครศรีอยุธยา', '13290'),
(395, 'โพแตง', 'บางไทร', 'พระนครศรีอยุธยา', '13290'),
(396, 'เชียงรากน้อย', 'บางไทร', 'พระนครศรีอยุธยา', '13290'),
(397, 'โคกช้าง', 'บางไทร', 'พระนครศรีอยุธยา', '13190'),
(398, 'บางบาล', 'บางบาล', 'พระนครศรีอยุธยา', '13250'),
(399, 'วัดยม', 'บางบาล', 'พระนครศรีอยุธยา', '13250'),
(400, 'ไทรน้อย', 'บางบาล', 'พระนครศรีอยุธยา', '13250'),
(401, 'สะพานไทย', 'บางบาล', 'พระนครศรีอยุธยา', '13250'),
(402, 'มหาพราหมณ์', 'บางบาล', 'พระนครศรีอยุธยา', '13250'),
(403, 'กบเจา', 'บางบาล', 'พระนครศรีอยุธยา', '13250'),
(404, 'บ้านคลัง', 'บางบาล', 'พระนครศรีอยุธยา', '13250'),
(405, 'พระขาว', 'บางบาล', 'พระนครศรีอยุธยา', '13250'),
(406, 'น้ำเต้า', 'บางบาล', 'พระนครศรีอยุธยา', '13250'),
(407, 'ทางช้าง', 'บางบาล', 'พระนครศรีอยุธยา', '13250'),
(408, 'วัดตะกู', 'บางบาล', 'พระนครศรีอยุธยา', '13250'),
(409, 'บางหลวง', 'บางบาล', 'พระนครศรีอยุธยา', '13250'),
(410, 'บางหลวงโดด', 'บางบาล', 'พระนครศรีอยุธยา', '13250'),
(411, 'บางหัก', 'บางบาล', 'พระนครศรีอยุธยา', '13250'),
(412, 'บางชะนี', 'บางบาล', 'พระนครศรีอยุธยา', '13250'),
(413, 'บ้านกุ่ม', 'บางบาล', 'พระนครศรีอยุธยา', '13250'),
(414, 'บ้านเลน', 'บางปะอิน', 'พระนครศรีอยุธยา', '13160'),
(415, 'เชียงรากน้อย', 'บางปะอิน', 'พระนครศรีอยุธยา', '13180'),
(416, 'บ้านโพ', 'บางปะอิน', 'พระนครศรีอยุธยา', '13160'),
(417, 'บ้านกรด', 'บางปะอิน', 'พระนครศรีอยุธยา', '13160'),
(418, 'บางกระสั้น', 'บางปะอิน', 'พระนครศรีอยุธยา', '13160'),
(419, 'คลองจิก', 'บางปะอิน', 'พระนครศรีอยุธยา', '13160'),
(420, 'บ้านหว้า', 'บางปะอิน', 'พระนครศรีอยุธยา', '13160'),
(421, 'วัดยม', 'บางปะอิน', 'พระนครศรีอยุธยา', '13160'),
(422, 'บางประแดง', 'บางปะอิน', 'พระนครศรีอยุธยา', '13160'),
(423, 'สามเรือน', 'บางปะอิน', 'พระนครศรีอยุธยา', '13160'),
(424, 'เกาะเกิด', 'บางปะอิน', 'พระนครศรีอยุธยา', '13160'),
(425, 'บ้านพลับ', 'บางปะอิน', 'พระนครศรีอยุธยา', '13160'),
(426, 'บ้านแป้ง', 'บางปะอิน', 'พระนครศรีอยุธยา', '13160'),
(427, 'คุ้งลาน', 'บางปะอิน', 'พระนครศรีอยุธยา', '13160'),
(428, 'ตลิ่งชัน', 'บางปะอิน', 'พระนครศรีอยุธยา', '13160'),
(429, 'บ้านสร้าง', 'บางปะอิน', 'พระนครศรีอยุธยา', '13170'),
(430, 'ตลาดเกรียบ', 'บางปะอิน', 'พระนครศรีอยุธยา', '13160'),
(431, 'ขนอนหลวง', 'บางปะอิน', 'พระนครศรีอยุธยา', '13160'),
(432, 'บางปะหัน', 'บางปะหัน', 'พระนครศรีอยุธยา', '13220'),
(433, 'ขยาย', 'บางปะหัน', 'พระนครศรีอยุธยา', '13220'),
(434, 'บางเดื่อ', 'บางปะหัน', 'พระนครศรีอยุธยา', '13220'),
(435, 'เสาธง', 'บางปะหัน', 'พระนครศรีอยุธยา', '13220'),
(436, 'ทางกลาง', 'บางปะหัน', 'พระนครศรีอยุธยา', '13220'),
(437, 'บางเพลิง', 'บางปะหัน', 'พระนครศรีอยุธยา', '13220'),
(438, 'หันสัง', 'บางปะหัน', 'พระนครศรีอยุธยา', '13220'),
(439, 'บางนางร้า', 'บางปะหัน', 'พระนครศรีอยุธยา', '13220'),
(440, 'ตานิม', 'บางปะหัน', 'พระนครศรีอยุธยา', '13220'),
(441, 'ทับน้ำ', 'บางปะหัน', 'พระนครศรีอยุธยา', '13220'),
(442, 'บ้านม้า', 'บางปะหัน', 'พระนครศรีอยุธยา', '13220'),
(443, 'ขวัญเมือง', 'บางปะหัน', 'พระนครศรีอยุธยา', '13220'),
(444, 'บ้านลี่', 'บางปะหัน', 'พระนครศรีอยุธยา', '13220'),
(445, 'โพธิ์สามต้น', 'บางปะหัน', 'พระนครศรีอยุธยา', '13220'),
(446, 'พุทเลา', 'บางปะหัน', 'พระนครศรีอยุธยา', '13220'),
(447, 'ตาลเอน', 'บางปะหัน', 'พระนครศรีอยุธยา', '13220'),
(448, 'บ้านขล้อ', 'บางปะหัน', 'พระนครศรีอยุธยา', '13220'),
(449, 'ผักไห่', 'ผักไห่', 'พระนครศรีอยุธยา', '13120'),
(450, 'อมฤต', 'ผักไห่', 'พระนครศรีอยุธยา', '13120'),
(451, 'บ้านแค', 'ผักไห่', 'พระนครศรีอยุธยา', '13120'),
(452, 'ลาดน้ำเค็ม', 'ผักไห่', 'พระนครศรีอยุธยา', '13120'),
(453, 'ตาลาน', 'ผักไห่', 'พระนครศรีอยุธยา', '13120'),
(454, 'ท่าดินแดง', 'ผักไห่', 'พระนครศรีอยุธยา', '13120'),
(455, 'ดอนลาน', 'ผักไห่', 'พระนครศรีอยุธยา', '13280'),
(456, 'นาคู', 'ผักไห่', 'พระนครศรีอยุธยา', '13280'),
(457, 'กุฎี', 'ผักไห่', 'พระนครศรีอยุธยา', '13120'),
(458, 'ลำตะเคียน', 'ผักไห่', 'พระนครศรีอยุธยา', '13280'),
(459, 'โคกช้าง', 'ผักไห่', 'พระนครศรีอยุธยา', '13120'),
(460, 'จักราช', 'ผักไห่', 'พระนครศรีอยุธยา', '13280'),
(461, 'หนองน้ำใหญ่', 'ผักไห่', 'พระนครศรีอยุธยา', '13280'),
(462, 'ลาดชิด', 'ผักไห่', 'พระนครศรีอยุธยา', '13120'),
(463, 'หน้าโคก', 'ผักไห่', 'พระนครศรีอยุธยา', '13120'),
(464, 'บ้านใหญ่', 'ผักไห่', 'พระนครศรีอยุธยา', '13120'),
(465, 'ภาชี', 'ภาชี', 'พระนครศรีอยุธยา', '13140'),
(466, 'โคกม่วง', 'ภาชี', 'พระนครศรีอยุธยา', '13140'),
(467, 'ระโสม', 'ภาชี', 'พระนครศรีอยุธยา', '13140'),
(468, 'หนองน้ำใส', 'ภาชี', 'พระนครศรีอยุธยา', '13140'),
(469, 'ดอนหญ้านาง', 'ภาชี', 'พระนครศรีอยุธยา', '13140'),
(470, 'ไผ่ล้อม', 'ภาชี', 'พระนครศรีอยุธยา', '13140'),
(471, 'กระจิว', 'ภาชี', 'พระนครศรีอยุธยา', '13140'),
(472, 'พระแก้ว', 'ภาชี', 'พระนครศรีอยุธยา', '13140'),
(473, 'ลาดบัวหลวง', 'ลาดบัวหลวง', 'พระนครศรีอยุธยา', '13230'),
(474, 'หลักชัย', 'ลาดบัวหลวง', 'พระนครศรีอยุธยา', '13230'),
(475, 'สามเมือง', 'ลาดบัวหลวง', 'พระนครศรีอยุธยา', '13230'),
(476, 'พระยาบันลือ', 'ลาดบัวหลวง', 'พระนครศรีอยุธยา', '13230'),
(477, 'สิงหนาท', 'ลาดบัวหลวง', 'พระนครศรีอยุธยา', '13230'),
(478, 'คู้สลอด', 'ลาดบัวหลวง', 'พระนครศรีอยุธยา', '13230'),
(479, 'คลองพระยาบันลือ', 'ลาดบัวหลวง', 'พระนครศรีอยุธยา', '13230'),
(480, 'ลำตาเสา', 'วังน้อย', 'พระนครศรีอยุธยา', '13170'),
(481, 'บ่อตาโล่', 'วังน้อย', 'พระนครศรีอยุธยา', '13170'),
(482, 'วังน้อย', 'วังน้อย', 'พระนครศรีอยุธยา', '13170'),
(483, 'ลำไทร', 'วังน้อย', 'พระนครศรีอยุธยา', '13170'),
(484, 'สนับทึบ', 'วังน้อย', 'พระนครศรีอยุธยา', '13170'),
(485, 'พยอม', 'วังน้อย', 'พระนครศรีอยุธยา', '13170'),
(486, 'หันตะเภา', 'วังน้อย', 'พระนครศรีอยุธยา', '13170'),
(487, 'วังจุฬา', 'วังน้อย', 'พระนครศรีอยุธยา', '13170'),
(488, 'ข้าวงาม', 'วังน้อย', 'พระนครศรีอยุธยา', '13170'),
(489, 'ชะแมบ', 'วังน้อย', 'พระนครศรีอยุธยา', '13170'),
(490, 'เสนา', 'เสนา', 'พระนครศรีอยุธยา', '13110'),
(491, 'บ้านแพน', 'เสนา', 'พระนครศรีอยุธยา', '13110'),
(492, 'เจ้าเจ็ด', 'เสนา', 'พระนครศรีอยุธยา', '13110'),
(493, 'สามกอ', 'เสนา', 'พระนครศรีอยุธยา', '13110'),
(494, 'บางนมโค', 'เสนา', 'พระนครศรีอยุธยา', '13110'),
(495, 'หัวเวียง', 'เสนา', 'พระนครศรีอยุธยา', '13110'),
(496, 'มารวิชัย', 'เสนา', 'พระนครศรีอยุธยา', '13110'),
(497, 'บ้านโพธิ์', 'เสนา', 'พระนครศรีอยุธยา', '13110'),
(498, 'รางจรเข้', 'เสนา', 'พระนครศรีอยุธยา', '13110'),
(499, 'บ้านกระทุ่ม', 'เสนา', 'พระนครศรีอยุธยา', '13110'),
(500, 'บ้านแถว', 'เสนา', 'พระนครศรีอยุธยา', '13110'),
(501, 'ชายนา', 'เสนา', 'พระนครศรีอยุธยา', '13110'),
(502, 'สามตุ่ม', 'เสนา', 'พระนครศรีอยุธยา', '13110'),
(503, 'ลาดงา', 'เสนา', 'พระนครศรีอยุธยา', '13110'),
(504, 'ดอนทอง', 'เสนา', 'พระนครศรีอยุธยา', '13110'),
(505, 'บ้านหลวง', 'เสนา', 'พระนครศรีอยุธยา', '13110'),
(506, 'เจ้าเสด็จ', 'เสนา', 'พระนครศรีอยุธยา', '13110'),
(507, 'บางซ้าย', 'บางซ้าย', 'พระนครศรีอยุธยา', '13270'),
(508, 'แก้วฟ้า', 'บางซ้าย', 'พระนครศรีอยุธยา', '13270'),
(509, 'เต่าเล่า', 'บางซ้าย', 'พระนครศรีอยุธยา', '13270'),
(510, 'ปลายกลัด', 'บางซ้าย', 'พระนครศรีอยุธยา', '13270'),
(511, 'เทพมงคล', 'บางซ้าย', 'พระนครศรีอยุธยา', '13270'),
(512, 'วังพัฒนา', 'บางซ้าย', 'พระนครศรีอยุธยา', '13270'),
(513, 'คานหาม', 'อุทัย', 'พระนครศรีอยุธยา', '13210'),
(514, 'บ้านช้าง', 'อุทัย', 'พระนครศรีอยุธยา', '13210'),
(515, 'สามบัณฑิต', 'อุทัย', 'พระนครศรีอยุธยา', '13210'),
(516, 'บ้านหีบ', 'อุทัย', 'พระนครศรีอยุธยา', '13210'),
(517, 'หนองไม้ซุง', 'อุทัย', 'พระนครศรีอยุธยา', '13210'),
(518, 'อุทัย', 'อุทัย', 'พระนครศรีอยุธยา', '13210'),
(519, 'เสนา', 'อุทัย', 'พระนครศรีอยุธยา', '13210'),
(520, 'หนองน้ำส้ม', 'อุทัย', 'พระนครศรีอยุธยา', '13210'),
(521, 'โพสาวหาญ', 'อุทัย', 'พระนครศรีอยุธยา', '13210'),
(522, 'ธนู', 'อุทัย', 'พระนครศรีอยุธยา', '13210'),
(523, 'ข้าวเม่า', 'อุทัย', 'พระนครศรีอยุธยา', '13210'),
(524, 'หัวไผ่', 'มหาราช', 'พระนครศรีอยุธยา', '13150'),
(525, 'กะทุ่ม', 'มหาราช', 'พระนครศรีอยุธยา', '13150'),
(526, 'มหาราช', 'มหาราช', 'พระนครศรีอยุธยา', '13150'),
(527, 'น้ำเต้า', 'มหาราช', 'พระนครศรีอยุธยา', '13150'),
(528, 'บางนา', 'มหาราช', 'พระนครศรีอยุธยา', '13150'),
(529, 'โรงช้าง', 'มหาราช', 'พระนครศรีอยุธยา', '13150'),
(530, 'เจ้าปลุก', 'มหาราช', 'พระนครศรีอยุธยา', '13150'),
(531, 'พิตเพียน', 'มหาราช', 'พระนครศรีอยุธยา', '13150'),
(532, 'บ้านนา', 'มหาราช', 'พระนครศรีอยุธยา', '13150'),
(533, 'บ้านขวาง', 'มหาราช', 'พระนครศรีอยุธยา', '13150'),
(534, 'ท่าตอ', 'มหาราช', 'พระนครศรีอยุธยา', '13150'),
(535, 'บ้านใหม่', 'มหาราช', 'พระนครศรีอยุธยา', '13150'),
(536, 'บ้านแพรก', 'บ้านแพรก', 'พระนครศรีอยุธยา', '13240'),
(537, 'บ้านใหม่', 'บ้านแพรก', 'พระนครศรีอยุธยา', '13240'),
(538, 'สำพะเนียง', 'บ้านแพรก', 'พระนครศรีอยุธยา', '13240'),
(539, 'คลองน้อย', 'บ้านแพรก', 'พระนครศรีอยุธยา', '13240'),
(540, 'สองห้อง', 'บ้านแพรก', 'พระนครศรีอยุธยา', '13240'),
(541, 'ตลาดหลวง', 'เมืองอ่างทอง', 'อ่างทอง', '14000'),
(542, 'บางแก้ว', 'เมืองอ่างทอง', 'อ่างทอง', '14000'),
(543, 'ศาลาแดง', 'เมืองอ่างทอง', 'อ่างทอง', '14000'),
(544, 'ป่างิ้ว', 'เมืองอ่างทอง', 'อ่างทอง', '14000'),
(545, 'บ้านแห', 'เมืองอ่างทอง', 'อ่างทอง', '14000'),
(546, 'ตลาดกรวด', 'เมืองอ่างทอง', 'อ่างทอง', '14000'),
(547, 'มหาดไทย', 'เมืองอ่างทอง', 'อ่างทอง', '14000'),
(548, 'บ้านอิฐ', 'เมืองอ่างทอง', 'อ่างทอง', '14000'),
(549, 'หัวไผ่', 'เมืองอ่างทอง', 'อ่างทอง', '14000'),
(550, 'จำปาหล่อ', 'เมืองอ่างทอง', 'อ่างทอง', '14000'),
(551, 'โพสะ', 'เมืองอ่างทอง', 'อ่างทอง', '14000'),
(552, 'บ้านรี', 'เมืองอ่างทอง', 'อ่างทอง', '14000'),
(553, 'คลองวัว', 'เมืองอ่างทอง', 'อ่างทอง', '14000'),
(554, 'ย่านซื่อ', 'เมืองอ่างทอง', 'อ่างทอง', '14000'),
(555, 'จรเข้ร้อง', 'ไชโย', 'อ่างทอง', '14140'),
(556, 'ไชยภูมิ', 'ไชโย', 'อ่างทอง', '14140'),
(557, 'ชัยฤทธิ์', 'ไชโย', 'อ่างทอง', '14140'),
(558, 'เทวราช', 'ไชโย', 'อ่างทอง', '14140'),
(559, 'ราชสถิตย์', 'ไชโย', 'อ่างทอง', '14140'),
(560, 'ไชโย', 'ไชโย', 'อ่างทอง', '14140'),
(561, 'หลักฟ้า', 'ไชโย', 'อ่างทอง', '14140'),
(562, 'ชะไว', 'ไชโย', 'อ่างทอง', '14140'),
(563, 'ตรีณรงค์', 'ไชโย', 'อ่างทอง', '14140'),
(564, 'บางปลากด', 'ป่าโมก', 'อ่างทอง', '14130'),
(565, 'ป่าโมก', 'ป่าโมก', 'อ่างทอง', '14130'),
(566, 'สายทอง', 'ป่าโมก', 'อ่างทอง', '14130'),
(567, 'โรงช้าง', 'ป่าโมก', 'อ่างทอง', '14130'),
(568, 'บางเสด็จ', 'ป่าโมก', 'อ่างทอง', '14130'),
(569, 'นรสิงห์', 'ป่าโมก', 'อ่างทอง', '14130'),
(570, 'เอกราช', 'ป่าโมก', 'อ่างทอง', '14130'),
(571, 'โผงเผง', 'ป่าโมก', 'อ่างทอง', '14130'),
(572, 'อ่างแก้ว', 'โพธิ์ทอง', 'อ่างทอง', '14120'),
(573, 'อินทประมูล', 'โพธิ์ทอง', 'อ่างทอง', '14120'),
(574, 'บางพลับ', 'โพธิ์ทอง', 'อ่างทอง', '14120'),
(575, 'หนองแม่ไก่', 'โพธิ์ทอง', 'อ่างทอง', '14120'),
(576, 'รำมะสัก', 'โพธิ์ทอง', 'อ่างทอง', '14120'),
(577, 'บางระกำ', 'โพธิ์ทอง', 'อ่างทอง', '14120'),
(578, 'โพธิ์รังนก', 'โพธิ์ทอง', 'อ่างทอง', '14120'),
(579, 'องครักษ์', 'โพธิ์ทอง', 'อ่างทอง', '14120'),
(580, 'โคกพุทรา', 'โพธิ์ทอง', 'อ่างทอง', '14120'),
(581, 'ยางช้าย', 'โพธิ์ทอง', 'อ่างทอง', '14120'),
(582, 'บ่อแร่', 'โพธิ์ทอง', 'อ่างทอง', '14120'),
(583, 'ทางพระ', 'โพธิ์ทอง', 'อ่างทอง', '14120'),
(584, 'สามง่าม', 'โพธิ์ทอง', 'อ่างทอง', '14120'),
(585, 'บางเจ้าฉ่า', 'โพธิ์ทอง', 'อ่างทอง', '14120'),
(586, 'คำหยาด', 'โพธิ์ทอง', 'อ่างทอง', '14120'),
(587, 'แสวงหา', 'แสวงหา', 'อ่างทอง', '14150'),
(588, 'ศรีพราน', 'แสวงหา', 'อ่างทอง', '14150'),
(589, 'บ้านพราน', 'แสวงหา', 'อ่างทอง', '14150'),
(590, 'วังน้ำเย็น', 'แสวงหา', 'อ่างทอง', '14150'),
(591, 'สีบัวทอง', 'แสวงหา', 'อ่างทอง', '14150'),
(592, 'ห้วยไผ่', 'แสวงหา', 'อ่างทอง', '14150'),
(593, 'จำลอง', 'แสวงหา', 'อ่างทอง', '14150'),
(594, 'ไผ่จำศิล', 'วิเศษชัยชาญ', 'อ่างทอง', '14110'),
(595, 'ศาลเจ้าโรงทอง', 'วิเศษชัยชาญ', 'อ่างทอง', '14110'),
(596, 'ไผ่ดำพัฒนา', 'วิเศษชัยชาญ', 'อ่างทอง', '14110'),
(597, 'สาวร้องไห้', 'วิเศษชัยชาญ', 'อ่างทอง', '14110'),
(598, 'ท่าช้าง', 'วิเศษชัยชาญ', 'อ่างทอง', '14110'),
(599, 'ยี่ล้น', 'วิเศษชัยชาญ', 'อ่างทอง', '14110'),
(600, 'บางจัก', 'วิเศษชัยชาญ', 'อ่างทอง', '14110'),
(601, 'ห้วยคันแหลน', 'วิเศษชัยชาญ', 'อ่างทอง', '14110'),
(602, 'คลองขนาก', 'วิเศษชัยชาญ', 'อ่างทอง', '14110'),
(603, 'ไผ่วง', 'วิเศษชัยชาญ', 'อ่างทอง', '14110'),
(604, 'สี่ร้อย', 'วิเศษชัยชาญ', 'อ่างทอง', '14110'),
(605, 'ม่วงเตี้ย', 'วิเศษชัยชาญ', 'อ่างทอง', '14110'),
(606, 'หัวตะพาน', 'วิเศษชัยชาญ', 'อ่างทอง', '14110'),
(607, 'หลักแก้ว', 'วิเศษชัยชาญ', 'อ่างทอง', '14110'),
(608, 'ตลาดใหม่', 'วิเศษชัยชาญ', 'อ่างทอง', '14110'),
(609, 'สามโก้', 'สามโก้', 'อ่างทอง', '14160'),
(610, 'ราษฎรพัฒนา', 'สามโก้', 'อ่างทอง', '14160'),
(611, 'อบทม', 'สามโก้', 'อ่างทอง', '14160'),
(612, 'โพธิ์ม่วงพันธ์', 'สามโก้', 'อ่างทอง', '14160'),
(613, 'มงคลธรรมนิมิต', 'สามโก้', 'อ่างทอง', '14160'),
(614, 'ทะเลชุบศร', 'เมืองลพบุรี', 'ลพบุรี', '15000'),
(615, 'ท่าหิน', 'เมืองลพบุรี', 'ลพบุรี', '15000'),
(616, 'กกโก', 'เมืองลพบุรี', 'ลพบุรี', '15000'),
(617, 'โก่งธนู', 'เมืองลพบุรี', 'ลพบุรี', '13240'),
(618, 'เขาพระงาม', 'เมืองลพบุรี', 'ลพบุรี', '15160'),
(619, 'เขาสามยอด', 'เมืองลพบุรี', 'ลพบุรี', '15000'),
(620, 'โคกกะเทียม', 'เมืองลพบุรี', 'ลพบุรี', '15160'),
(621, 'โคกลำพาน', 'เมืองลพบุรี', 'ลพบุรี', '15000'),
(622, 'โคกตูม', 'เมืองลพบุรี', 'ลพบุรี', '15210'),
(623, 'งิ้วราย', 'เมืองลพบุรี', 'ลพบุรี', '15000'),
(624, 'ดอนโพธิ์', 'เมืองลพบุรี', 'ลพบุรี', '15000'),
(625, 'ตะลุง', 'เมืองลพบุรี', 'ลพบุรี', '15000'),
(626, 'ท่าแค', 'เมืองลพบุรี', 'ลพบุรี', '15000'),
(627, 'ท่าศาลา', 'เมืองลพบุรี', 'ลพบุรี', '15000'),
(628, 'นิคมสร้างตนเอง', 'เมืองลพบุรี', 'ลพบุรี', '15000'),
(629, 'บางขันหมาก', 'เมืองลพบุรี', 'ลพบุรี', '15000'),
(630, 'บ้านข่อย', 'เมืองลพบุรี', 'ลพบุรี', '15000'),
(631, 'ท้ายตลาด', 'เมืองลพบุรี', 'ลพบุรี', '15000'),
(632, 'ป่าตาล', 'เมืองลพบุรี', 'ลพบุรี', '15000'),
(633, 'พรหมมาสตร์', 'เมืองลพบุรี', 'ลพบุรี', '15000'),
(634, 'โพธิ์เก้าต้น', 'เมืองลพบุรี', 'ลพบุรี', '15000'),
(635, 'โพธิ์ตรุ', 'เมืองลพบุรี', 'ลพบุรี', '15000'),
(636, 'สี่คลอง', 'เมืองลพบุรี', 'ลพบุรี', '15000'),
(637, 'ถนนใหญ่', 'เมืองลพบุรี', 'ลพบุรี', '15000'),
(638, 'พัฒนานิคม', 'พัฒนานิคม', 'ลพบุรี', '15140'),
(639, 'ช่องสาริกา', 'พัฒนานิคม', 'ลพบุรี', '15220'),
(640, 'มะนาวหวาน', 'พัฒนานิคม', 'ลพบุรี', '15140'),
(641, 'ดีลัง', 'พัฒนานิคม', 'ลพบุรี', '15220'),
(642, 'โคกสลุง', 'พัฒนานิคม', 'ลพบุรี', '15140'),
(643, 'ชอนน้อย', 'พัฒนานิคม', 'ลพบุรี', '15140'),
(644, 'หนองบัว', 'พัฒนานิคม', 'ลพบุรี', '15140'),
(645, 'ห้วยขุนราม', 'พัฒนานิคม', 'ลพบุรี', '18220'),
(646, 'น้ำสุด', 'พัฒนานิคม', 'ลพบุรี', '15140'),
(647, 'โคกสำโรง', 'โคกสำโรง', 'ลพบุรี', '15120'),
(648, 'เกาะแก้ว', 'โคกสำโรง', 'ลพบุรี', '15120'),
(649, 'ถลุงเหล็ก', 'โคกสำโรง', 'ลพบุรี', '15120'),
(650, 'หลุมข้าว', 'โคกสำโรง', 'ลพบุรี', '15120'),
(651, 'ห้วยโป่ง', 'โคกสำโรง', 'ลพบุรี', '15120'),
(652, 'คลองเกตุ', 'โคกสำโรง', 'ลพบุรี', '15120'),
(653, 'สะแกราบ', 'โคกสำโรง', 'ลพบุรี', '15120'),
(654, 'เพนียด', 'โคกสำโรง', 'ลพบุรี', '15120'),
(655, 'วังเพลิง', 'โคกสำโรง', 'ลพบุรี', '15120'),
(656, 'ดงมะรุม', 'โคกสำโรง', 'ลพบุรี', '15120'),
(657, 'วังขอนขว้าง', 'โคกสำโรง', 'ลพบุรี', '15120'),
(658, 'วังจั่น', 'โคกสำโรง', 'ลพบุรี', '15120'),
(659, 'หนองแขม', 'โคกสำโรง', 'ลพบุรี', '15120'),
(660, 'ลำนารายณ์', 'ชัยบาดาล', 'ลพบุรี', '15130'),
(661, 'ชัยนารายณ์', 'ชัยบาดาล', 'ลพบุรี', '15130'),
(662, 'ศิลาทิพย์', 'ชัยบาดาล', 'ลพบุรี', '15130'),
(663, 'ห้วยหิน', 'ชัยบาดาล', 'ลพบุรี', '15130'),
(664, 'ม่วงค่อม', 'ชัยบาดาล', 'ลพบุรี', '15230'),
(665, 'บัวชุม', 'ชัยบาดาล', 'ลพบุรี', '15130'),
(666, 'ท่าดินดำ', 'ชัยบาดาล', 'ลพบุรี', '15130'),
(667, 'มะกอกหวาน', 'ชัยบาดาล', 'ลพบุรี', '15230'),
(668, 'ซับตะเคียน', 'ชัยบาดาล', 'ลพบุรี', '15130'),
(669, 'นาโสม', 'ชัยบาดาล', 'ลพบุรี', '15190'),
(670, 'หนองยายโต๊ะ', 'ชัยบาดาล', 'ลพบุรี', '15130'),
(671, 'เกาะรัง', 'ชัยบาดาล', 'ลพบุรี', '15130'),
(672, 'ท่ามะนาว', 'ชัยบาดาล', 'ลพบุรี', '15130'),
(673, 'นิคมลำนารายณ์', 'ชัยบาดาล', 'ลพบุรี', '15130'),
(674, 'ชัยบาดาล', 'ชัยบาดาล', 'ลพบุรี', '15230'),
(675, 'บ้านใหม่สามัคคี', 'ชัยบาดาล', 'ลพบุรี', '15130'),
(676, 'เขาแหลม', 'ชัยบาดาล', 'ลพบุรี', '15130'),
(677, 'ท่าวุ้ง', 'ท่าวุ้ง', 'ลพบุรี', '15150'),
(678, 'บางคู้', 'ท่าวุ้ง', 'ลพบุรี', '15150'),
(679, 'โพตลาดแก้ว', 'ท่าวุ้ง', 'ลพบุรี', '15150'),
(680, 'บางลี่', 'ท่าวุ้ง', 'ลพบุรี', '15150'),
(681, 'บางงา', 'ท่าวุ้ง', 'ลพบุรี', '15150'),
(682, 'โคกสลุด', 'ท่าวุ้ง', 'ลพบุรี', '15150'),
(683, 'เขาสมอคอน', 'ท่าวุ้ง', 'ลพบุรี', '15180'),
(684, 'หัวสำโรง', 'ท่าวุ้ง', 'ลพบุรี', '15150'),
(685, 'ลาดสาลี่', 'ท่าวุ้ง', 'ลพบุรี', '15150'),
(686, 'บ้านเบิก', 'ท่าวุ้ง', 'ลพบุรี', '15150'),
(687, 'มุจลินท์', 'ท่าวุ้ง', 'ลพบุรี', '15150'),
(688, 'ไผ่ใหญ่', 'บ้านหมี่', 'ลพบุรี', '15110'),
(689, 'บ้านทราย', 'บ้านหมี่', 'ลพบุรี', '15110'),
(690, 'บ้านกล้วย', 'บ้านหมี่', 'ลพบุรี', '15110'),
(691, 'ดงพลับ', 'บ้านหมี่', 'ลพบุรี', '15110'),
(692, 'บ้านชี', 'บ้านหมี่', 'ลพบุรี', '15180'),
(693, 'พุคา', 'บ้านหมี่', 'ลพบุรี', '15110'),
(694, 'หินปัก', 'บ้านหมี่', 'ลพบุรี', '15110'),
(695, 'บางพึ่ง', 'บ้านหมี่', 'ลพบุรี', '15110'),
(696, 'หนองทรายขาว', 'บ้านหมี่', 'ลพบุรี', '15110'),
(697, 'บางกะพี้', 'บ้านหมี่', 'ลพบุรี', '15110'),
(698, 'หนองเต่า', 'บ้านหมี่', 'ลพบุรี', '15110'),
(699, 'โพนทอง', 'บ้านหมี่', 'ลพบุรี', '15110'),
(700, 'บางขาม', 'บ้านหมี่', 'ลพบุรี', '15180'),
(701, 'ดอนดึง', 'บ้านหมี่', 'ลพบุรี', '15110'),
(702, 'ชอนม่วง', 'บ้านหมี่', 'ลพบุรี', '15110'),
(703, 'หนองกระเบียน', 'บ้านหมี่', 'ลพบุรี', '15110'),
(704, 'สายห้วยแก้ว', 'บ้านหมี่', 'ลพบุรี', '15110'),
(705, 'มหาสอน', 'บ้านหมี่', 'ลพบุรี', '15110'),
(706, 'บ้านหมี่', 'บ้านหมี่', 'ลพบุรี', '15110'),
(707, 'เชียงงา', 'บ้านหมี่', 'ลพบุรี', '15110'),
(708, 'หนองเมือง', 'บ้านหมี่', 'ลพบุรี', '15110'),
(709, 'สนามแจง', 'บ้านหมี่', 'ลพบุรี', '15110'),
(710, 'ท่าหลวง', 'ท่าหลวง', 'ลพบุรี', '15230'),
(711, 'แก่งผักกูด', 'ท่าหลวง', 'ลพบุรี', '15230'),
(712, 'ซับจำปา', 'ท่าหลวง', 'ลพบุรี', '15230'),
(713, 'หนองผักแว่น', 'ท่าหลวง', 'ลพบุรี', '15230'),
(714, 'ทะเลวังวัด', 'ท่าหลวง', 'ลพบุรี', '15230'),
(715, 'หัวลำ', 'ท่าหลวง', 'ลพบุรี', '15230'),
(716, 'สระโบสถ์', 'สระโบสถ์', 'ลพบุรี', '15240'),
(717, 'มหาโพธิ', 'สระโบสถ์', 'ลพบุรี', '15240'),
(718, 'ทุ่งท่าช้าง', 'สระโบสถ์', 'ลพบุรี', '15240'),
(719, 'ห้วยใหญ่', 'สระโบสถ์', 'ลพบุรี', '15240'),
(720, 'นิยมชัย', 'สระโบสถ์', 'ลพบุรี', '15240'),
(721, 'โคกเจริญ', 'โคกเจริญ', 'ลพบุรี', '15250'),
(722, 'ยางราก', 'โคกเจริญ', 'ลพบุรี', '15250'),
(723, 'หนองมะค่า', 'โคกเจริญ', 'ลพบุรี', '15250'),
(724, 'วังทอง', 'โคกเจริญ', 'ลพบุรี', '15250'),
(725, 'โคกแสมสาร', 'โคกเจริญ', 'ลพบุรี', '15250'),
(726, 'ลำสนธิ', 'ลำสนธิ', 'ลพบุรี', '15190'),
(727, 'ซับสมบูรณ์', 'ลำสนธิ', 'ลพบุรี', '15190'),
(728, 'หนองรี', 'ลำสนธิ', 'ลพบุรี', '15190'),
(729, 'กุดตาเพชร', 'ลำสนธิ', 'ลพบุรี', '15190'),
(730, 'เขารวก', 'ลำสนธิ', 'ลพบุรี', '15190'),
(731, 'เขาน้อย', 'ลำสนธิ', 'ลพบุรี', '15130'),
(732, 'หนองม่วง', 'หนองม่วง', 'ลพบุรี', '15170'),
(733, 'บ่อทอง', 'หนองม่วง', 'ลพบุรี', '15170'),
(734, 'ดงดินแดง', 'หนองม่วง', 'ลพบุรี', '15170'),
(735, 'ชอนสมบูรณ์', 'หนองม่วง', 'ลพบุรี', '15170'),
(736, 'ยางโทน', 'หนองม่วง', 'ลพบุรี', '15170'),
(737, 'ชอนสารเดช', 'หนองม่วง', 'ลพบุรี', '15170'),
(738, 'บางพุทรา', 'เมืองสิงห์บุรี', 'สิงห์บุรี', '16000'),
(739, 'บางมัญ', 'เมืองสิงห์บุรี', 'สิงห์บุรี', '16000'),
(740, 'โพกรวม', 'เมืองสิงห์บุรี', 'สิงห์บุรี', '16000'),
(741, 'ม่วงหมู่', 'เมืองสิงห์บุรี', 'สิงห์บุรี', '16000'),
(742, 'หัวไผ่', 'เมืองสิงห์บุรี', 'สิงห์บุรี', '16000'),
(743, 'ต้นโพธิ์', 'เมืองสิงห์บุรี', 'สิงห์บุรี', '16000'),
(744, 'จักรสีห์', 'เมืองสิงห์บุรี', 'สิงห์บุรี', '16000'),
(745, 'บางกระบือ', 'เมืองสิงห์บุรี', 'สิงห์บุรี', '16000'),
(746, 'สิงห์', 'บางระจัน', 'สิงห์บุรี', '16130'),
(747, 'ไม้ดัด', 'บางระจัน', 'สิงห์บุรี', '16130'),
(748, 'เชิงกลัด', 'บางระจัน', 'สิงห์บุรี', '16130'),
(749, 'โพชนไก่', 'บางระจัน', 'สิงห์บุรี', '16130'),
(750, 'แม่ลา', 'บางระจัน', 'สิงห์บุรี', '16130'),
(751, 'บ้านจ่า', 'บางระจัน', 'สิงห์บุรี', '16130'),
(752, 'พักทัน', 'บางระจัน', 'สิงห์บุรี', '16130'),
(753, 'สระแจง', 'บางระจัน', 'สิงห์บุรี', '16130'),
(754, 'โพทะเล', 'ค่ายบางระจัน', 'สิงห์บุรี', '16150'),
(755, 'บางระจัน', 'ค่ายบางระจัน', 'สิงห์บุรี', '16150'),
(756, 'โพสังโฆ', 'ค่ายบางระจัน', 'สิงห์บุรี', '16150'),
(757, 'ท่าข้าม', 'ค่ายบางระจัน', 'สิงห์บุรี', '16150'),
(758, 'คอทราย', 'ค่ายบางระจัน', 'สิงห์บุรี', '16150'),
(759, 'หนองกระทุ่ม', 'ค่ายบางระจัน', 'สิงห์บุรี', '16150'),
(760, 'พระงาม', 'พรหมบุรี', 'สิงห์บุรี', '16120'),
(761, 'พรหมบุรี', 'พรหมบุรี', 'สิงห์บุรี', '16160'),
(762, 'บางน้ำเชี่ยว', 'พรหมบุรี', 'สิงห์บุรี', '16120'),
(763, 'บ้านหม้อ', 'พรหมบุรี', 'สิงห์บุรี', '16120'),
(764, 'บ้านแป้ง', 'พรหมบุรี', 'สิงห์บุรี', '16120'),
(765, 'หัวป่า', 'พรหมบุรี', 'สิงห์บุรี', '16120'),
(766, 'โรงช้าง', 'พรหมบุรี', 'สิงห์บุรี', '16120'),
(767, 'ถอนสมอ', 'ท่าช้าง', 'สิงห์บุรี', '16140'),
(768, 'โพประจักษ์', 'ท่าช้าง', 'สิงห์บุรี', '16140'),
(769, 'วิหารขาว', 'ท่าช้าง', 'สิงห์บุรี', '16140'),
(770, 'พิกุลทอง', 'ท่าช้าง', 'สิงห์บุรี', '16140'),
(771, 'อินทร์บุรี', 'อินทร์บุรี', 'สิงห์บุรี', '16110'),
(772, 'ประศุก', 'อินทร์บุรี', 'สิงห์บุรี', '16110'),
(773, 'ทับยา', 'อินทร์บุรี', 'สิงห์บุรี', '16110'),
(774, 'งิ้วราย', 'อินทร์บุรี', 'สิงห์บุรี', '16110'),
(775, 'ชีน้ำร้าย', 'อินทร์บุรี', 'สิงห์บุรี', '16110'),
(776, 'ท่างาม', 'อินทร์บุรี', 'สิงห์บุรี', '16110'),
(777, 'น้ำตาล', 'อินทร์บุรี', 'สิงห์บุรี', '16110'),
(778, 'ทองเอน', 'อินทร์บุรี', 'สิงห์บุรี', '16110'),
(779, 'ห้วยชัน', 'อินทร์บุรี', 'สิงห์บุรี', '16110'),
(780, 'โพธิ์ชัย', 'อินทร์บุรี', 'สิงห์บุรี', '16110'),
(781, 'ในเมือง', 'เมืองชัยนาท', 'ชัยนาท', '17000'),
(782, 'บ้านกล้วย', 'เมืองชัยนาท', 'ชัยนาท', '17000'),
(783, 'ท่าชัย', 'เมืองชัยนาท', 'ชัยนาท', '17000'),
(784, 'ชัยนาท', 'เมืองชัยนาท', 'ชัยนาท', '17000'),
(785, 'เขาท่าพระ', 'เมืองชัยนาท', 'ชัยนาท', '17000'),
(786, 'หาดท่าเสา', 'เมืองชัยนาท', 'ชัยนาท', '17000'),
(787, 'ธรรมามูล', 'เมืองชัยนาท', 'ชัยนาท', '17000'),
(788, 'เสือโฮก', 'เมืองชัยนาท', 'ชัยนาท', '17000'),
(789, 'นางลือ', 'เมืองชัยนาท', 'ชัยนาท', '17000'),
(790, 'คุ้งสำเภา', 'มโนรมย์', 'ชัยนาท', '17110'),
(791, 'วัดโคก', 'มโนรมย์', 'ชัยนาท', '17110'),
(792, 'ศิลาดาน', 'มโนรมย์', 'ชัยนาท', '17110'),
(793, 'ท่าฉนวน', 'มโนรมย์', 'ชัยนาท', '17110'),
(794, 'หางน้ำสาคร', 'มโนรมย์', 'ชัยนาท', '17170'),
(795, 'ไร่พัฒนา', 'มโนรมย์', 'ชัยนาท', '17170'),
(796, 'อู่ตะเภา', 'มโนรมย์', 'ชัยนาท', '17170'),
(797, 'วัดสิงห์', 'วัดสิงห์', 'ชัยนาท', '17120'),
(798, 'มะขามเฒ่า', 'วัดสิงห์', 'ชัยนาท', '17120'),
(799, 'หนองน้อย', 'วัดสิงห์', 'ชัยนาท', '17120'),
(800, 'หนองบัว', 'วัดสิงห์', 'ชัยนาท', '17120'),
(801, 'หนองขุ่น', 'วัดสิงห์', 'ชัยนาท', '17120'),
(802, 'บ่อแร่', 'วัดสิงห์', 'ชัยนาท', '17120'),
(803, 'วังหมัน', 'วัดสิงห์', 'ชัยนาท', '17120'),
(804, 'สรรพยา', 'สรรพยา', 'ชัยนาท', '17150'),
(805, 'ตลุก', 'สรรพยา', 'ชัยนาท', '17150'),
(806, 'เขาแก้ว', 'สรรพยา', 'ชัยนาท', '17150'),
(807, 'โพนางดำตก', 'สรรพยา', 'ชัยนาท', '17150'),
(808, 'โพนางดำออก', 'สรรพยา', 'ชัยนาท', '17150'),
(809, 'บางหลวง', 'สรรพยา', 'ชัยนาท', '17150'),
(810, 'หาดอาษา', 'สรรพยา', 'ชัยนาท', '17150'),
(811, 'แพรกศรีราชา', 'สรรคบุรี', 'ชัยนาท', '17140'),
(812, 'เที่ยงแท้', 'สรรคบุรี', 'ชัยนาท', '17140'),
(813, 'ห้วยกรด', 'สรรคบุรี', 'ชัยนาท', '17140'),
(814, 'โพงาม', 'สรรคบุรี', 'ชัยนาท', '17140'),
(815, 'บางขุด', 'สรรคบุรี', 'ชัยนาท', '17140'),
(816, 'ดงคอน', 'สรรคบุรี', 'ชัยนาท', '17140'),
(817, 'ดอนกำ', 'สรรคบุรี', 'ชัยนาท', '17140'),
(818, 'ห้วยกรดพัฒนา', 'สรรคบุรี', 'ชัยนาท', '17140'),
(819, 'หันคา', 'หันคา', 'ชัยนาท', '17130'),
(820, 'บ้านเชี่ยน', 'หันคา', 'ชัยนาท', '17130'),
(821, 'ไพรนกยูง', 'หันคา', 'ชัยนาท', '17130'),
(822, 'หนองแซง', 'หันคา', 'ชัยนาท', '17160'),
(823, 'ห้วยงู', 'หันคา', 'ชัยนาท', '17160'),
(824, 'วังไก่เถื่อน', 'หันคา', 'ชัยนาท', '17130'),
(825, 'เด่นใหญ่', 'หันคา', 'ชัยนาท', '17130'),
(826, 'สามง่ามท่าโบสถ์', 'หันคา', 'ชัยนาท', '17160'),
(827, 'หนองมะโมง', 'หนองมะโมง', 'ชัยนาท', '17120'),
(828, 'วังตะเคียน', 'หนองมะโมง', 'ชัยนาท', '17120'),
(829, 'สะพานหิน', 'หนองมะโมง', 'ชัยนาท', '17120'),
(830, 'กุดจอก', 'หนองมะโมง', 'ชัยนาท', '17120'),
(831, 'เนินขาม', 'เนินขาม', 'ชัยนาท', '17130'),
(832, 'กะบกเตี้ย', 'เนินขาม', 'ชัยนาท', '17130'),
(833, 'สุขเดือนห้า', 'เนินขาม', 'ชัยนาท', '17130'),
(834, 'ปากเพรียว', 'เมืองสระบุรี', 'สระบุรี', '18000'),
(835, 'ดาวเรือง', 'เมืองสระบุรี', 'สระบุรี', '18000'),
(836, 'นาโฉง', 'เมืองสระบุรี', 'สระบุรี', '18000'),
(837, 'โคกสว่าง', 'เมืองสระบุรี', 'สระบุรี', '18000'),
(838, 'หนองโน', 'เมืองสระบุรี', 'สระบุรี', '18000'),
(839, 'หนองยาว', 'เมืองสระบุรี', 'สระบุรี', '18000'),
(840, 'ปากข้าวสาร', 'เมืองสระบุรี', 'สระบุรี', '18000'),
(841, 'หนองปลาไหล', 'เมืองสระบุรี', 'สระบุรี', '18000'),
(842, 'กุดนกเปล้า', 'เมืองสระบุรี', 'สระบุรี', '18000'),
(843, 'ตลิ่งชัน', 'เมืองสระบุรี', 'สระบุรี', '18000'),
(844, 'ตะกุด', 'เมืองสระบุรี', 'สระบุรี', '18000'),
(845, 'แก่งคอย', 'แก่งคอย', 'สระบุรี', '18110'),
(846, 'ทับกวาง', 'แก่งคอย', 'สระบุรี', '18260'),
(847, 'ตาลเดี่ยว', 'แก่งคอย', 'สระบุรี', '18110'),
(848, 'ห้วยแห้ง', 'แก่งคอย', 'สระบุรี', '18110'),
(849, 'ท่าคล้อ', 'แก่งคอย', 'สระบุรี', '18110'),
(850, 'หินซ้อน', 'แก่งคอย', 'สระบุรี', '18110'),
(851, 'บ้านธาตุ', 'แก่งคอย', 'สระบุรี', '18110'),
(852, 'บ้านป่า', 'แก่งคอย', 'สระบุรี', '18110'),
(853, 'ท่าตูม', 'แก่งคอย', 'สระบุรี', '18110'),
(854, 'ชะอม', 'แก่งคอย', 'สระบุรี', '18110'),
(855, 'สองคอน', 'แก่งคอย', 'สระบุรี', '18110'),
(856, 'เตาปูน', 'แก่งคอย', 'สระบุรี', '18110'),
(857, 'ชำผักแพว', 'แก่งคอย', 'สระบุรี', '18110'),
(858, 'ท่ามะปราง', 'แก่งคอย', 'สระบุรี', '18110'),
(859, 'หนองแค', 'หนองแค', 'สระบุรี', '18140'),
(860, 'กุ่มหัก', 'หนองแค', 'สระบุรี', '18140'),
(861, 'คชสิทธิ์', 'หนองแค', 'สระบุรี', '18250'),
(862, 'โคกตูม', 'หนองแค', 'สระบุรี', '18250'),
(863, 'โคกแย้', 'หนองแค', 'สระบุรี', '18230'),
(864, 'บัวลอย', 'หนองแค', 'สระบุรี', '18230'),
(865, 'ไผ่ต่ำ', 'หนองแค', 'สระบุรี', '18140'),
(866, 'โพนทอง', 'หนองแค', 'สระบุรี', '18250'),
(867, 'ห้วยขมิ้น', 'หนองแค', 'สระบุรี', '18230'),
(868, 'ห้วยทราย', 'หนองแค', 'สระบุรี', '18230'),
(869, 'หนองไข่น้ำ', 'หนองแค', 'สระบุรี', '18140'),
(870, 'หนองแขม', 'หนองแค', 'สระบุรี', '18140'),
(871, 'หนองจิก', 'หนองแค', 'สระบุรี', '18230'),
(872, 'หนองจรเข้', 'หนองแค', 'สระบุรี', '18140'),
(873, 'หนองนาก', 'หนองแค', 'สระบุรี', '18230'),
(874, 'หนองปลาหมอ', 'หนองแค', 'สระบุรี', '18140'),
(875, 'หนองปลิง', 'หนองแค', 'สระบุรี', '18140'),
(876, 'หนองโรง', 'หนองแค', 'สระบุรี', '18140'),
(877, 'หนองหมู', 'วิหารแดง', 'สระบุรี', '18150'),
(878, 'บ้านลำ', 'วิหารแดง', 'สระบุรี', '18150'),
(879, 'คลองเรือ', 'วิหารแดง', 'สระบุรี', '18150'),
(880, 'วิหารแดง', 'วิหารแดง', 'สระบุรี', '18150'),
(881, 'หนองสรวง', 'วิหารแดง', 'สระบุรี', '18150'),
(882, 'เจริญธรรม', 'วิหารแดง', 'สระบุรี', '18150'),
(883, 'หนองแซง', 'หนองแซง', 'สระบุรี', '18170'),
(884, 'หนองควายโซ', 'หนองแซง', 'สระบุรี', '18170'),
(885, 'หนองหัวโพ', 'หนองแซง', 'สระบุรี', '18170'),
(886, 'หนองสีดา', 'หนองแซง', 'สระบุรี', '18170'),
(887, 'หนองกบ', 'หนองแซง', 'สระบุรี', '18170'),
(888, 'ไก่เส่า', 'หนองแซง', 'สระบุรี', '18170'),
(889, 'โคกสะอาด', 'หนองแซง', 'สระบุรี', '18170'),
(890, 'ม่วงหวาน', 'หนองแซง', 'สระบุรี', '18170'),
(891, 'เขาดิน', 'หนองแซง', 'สระบุรี', '18170'),
(892, 'บ้านหมอ', 'บ้านหมอ', 'สระบุรี', '18130'),
(893, 'บางโขมด', 'บ้านหมอ', 'สระบุรี', '18130'),
(894, 'สร่างโศก', 'บ้านหมอ', 'สระบุรี', '18130'),
(895, 'ตลาดน้อย', 'บ้านหมอ', 'สระบุรี', '18130'),
(896, 'หรเทพ', 'บ้านหมอ', 'สระบุรี', '18130'),
(897, 'โคกใหญ่', 'บ้านหมอ', 'สระบุรี', '18130'),
(898, 'ไผ่ขวาง', 'บ้านหมอ', 'สระบุรี', '18130'),
(899, 'บ้านครัว', 'บ้านหมอ', 'สระบุรี', '18270'),
(900, 'หนองบัว', 'บ้านหมอ', 'สระบุรี', '18130'),
(901, 'ดอนพุด', 'ดอนพุด', 'สระบุรี', '18210'),
(902, 'ไผ่หลิ่ว', 'ดอนพุด', 'สระบุรี', '18210'),
(903, 'บ้านหลวง', 'ดอนพุด', 'สระบุรี', '18210'),
(904, 'ดงตะงาว', 'ดอนพุด', 'สระบุรี', '18210'),
(905, 'หนองโดน', 'หนองโดน', 'สระบุรี', '18190'),
(906, 'บ้านกลับ', 'หนองโดน', 'สระบุรี', '18190'),
(907, 'ดอนทอง', 'หนองโดน', 'สระบุรี', '18190'),
(908, 'บ้านโปร่ง', 'หนองโดน', 'สระบุรี', '18190'),
(909, 'พระพุทธบาท', 'พระพุทธบาท', 'สระบุรี', '18120'),
(910, 'ขุนโขลน', 'พระพุทธบาท', 'สระบุรี', '18120'),
(911, 'ธารเกษม', 'พระพุทธบาท', 'สระบุรี', '18120'),
(912, 'นายาว', 'พระพุทธบาท', 'สระบุรี', '18120'),
(913, 'พุคำจาน', 'พระพุทธบาท', 'สระบุรี', '18120'),
(914, 'เขาวง', 'พระพุทธบาท', 'สระบุรี', '18120'),
(915, 'ห้วยป่าหวาย', 'พระพุทธบาท', 'สระบุรี', '18120'),
(916, 'พุกร่าง', 'พระพุทธบาท', 'สระบุรี', '18120'),
(917, 'หนองแก', 'พระพุทธบาท', 'สระบุรี', '18120'),
(918, 'เสาไห้', 'เสาไห้', 'สระบุรี', '18160'),
(919, 'บ้านยาง', 'เสาไห้', 'สระบุรี', '18160'),
(920, 'หัวปลวก', 'เสาไห้', 'สระบุรี', '18160'),
(921, 'งิ้วงาม', 'เสาไห้', 'สระบุรี', '18160'),
(922, 'ศาลารีไทย', 'เสาไห้', 'สระบุรี', '18160'),
(923, 'ต้นตาล', 'เสาไห้', 'สระบุรี', '18160'),
(924, 'ท่าช้าง', 'เสาไห้', 'สระบุรี', '18160'),
(925, 'พระยาทด', 'เสาไห้', 'สระบุรี', '18160'),
(926, 'ม่วงงาม', 'เสาไห้', 'สระบุรี', '18160'),
(927, 'เริงราง', 'เสาไห้', 'สระบุรี', '18160'),
(928, 'เมืองเก่า', 'เสาไห้', 'สระบุรี', '18160'),
(929, 'สวนดอกไม้', 'เสาไห้', 'สระบุรี', '18160'),
(930, 'มวกเหล็ก', 'มวกเหล็ก', 'สระบุรี', '18180'),
(931, 'มิตรภาพ', 'มวกเหล็ก', 'สระบุรี', '18180'),
(932, 'หนองย่างเสือ', 'มวกเหล็ก', 'สระบุรี', '18180'),
(933, 'ลำสมพุง', 'มวกเหล็ก', 'สระบุรี', '30130'),
(934, 'ลำพญากลาง', 'มวกเหล็ก', 'สระบุรี', '30130'),
(935, 'ซับสนุ่น', 'มวกเหล็ก', 'สระบุรี', '18220'),
(936, 'แสลงพัน', 'วังม่วง', 'สระบุรี', '18220'),
(937, 'คำพราน', 'วังม่วง', 'สระบุรี', '18220'),
(938, 'วังม่วง', 'วังม่วง', 'สระบุรี', '18220'),
(939, 'เขาดินพัฒนา', 'เฉลิมพระเกียรติ', 'สระบุรี', '18000'),
(940, 'บ้านแก้ง', 'เฉลิมพระเกียรติ', 'สระบุรี', '18000'),
(941, 'ผึ้งรวง', 'เฉลิมพระเกียรติ', 'สระบุรี', '18000'),
(942, 'พุแค', 'เฉลิมพระเกียรติ', 'สระบุรี', '18240'),
(943, 'ห้วยบง', 'เฉลิมพระเกียรติ', 'สระบุรี', '18000'),
(944, 'หน้าพระลาน', 'เฉลิมพระเกียรติ', 'สระบุรี', '18240'),
(945, 'บางปลาสร้อย', 'เมืองชลบุรี', 'ชลบุรี', '20000'),
(946, 'มะขามหย่ง', 'เมืองชลบุรี', 'ชลบุรี', '20000'),
(947, 'บ้านโขด', 'เมืองชลบุรี', 'ชลบุรี', '20000'),
(948, 'แสนสุข', 'เมืองชลบุรี', 'ชลบุรี', '20130'),
(949, 'บ้านสวน', 'เมืองชลบุรี', 'ชลบุรี', '20000'),
(950, 'หนองรี', 'เมืองชลบุรี', 'ชลบุรี', '20000'),
(951, 'นาป่า', 'เมืองชลบุรี', 'ชลบุรี', '20000'),
(952, 'หนองข้างคอก', 'เมืองชลบุรี', 'ชลบุรี', '20000'),
(953, 'ดอนหัวฬ่อ', 'เมืองชลบุรี', 'ชลบุรี', '20000'),
(954, 'หนองไม้แดง', 'เมืองชลบุรี', 'ชลบุรี', '20000'),
(955, 'บางทราย', 'เมืองชลบุรี', 'ชลบุรี', '20000'),
(956, 'คลองตำหรุ', 'เมืองชลบุรี', 'ชลบุรี', '20000'),
(957, 'เหมือง', 'เมืองชลบุรี', 'ชลบุรี', '20130'),
(958, 'บ้านปึก', 'เมืองชลบุรี', 'ชลบุรี', '20130'),
(959, 'ห้วยกะปิ', 'เมืองชลบุรี', 'ชลบุรี', '20000'),
(960, 'เสม็ด', 'เมืองชลบุรี', 'ชลบุรี', '20000'),
(961, 'อ่างศิลา', 'เมืองชลบุรี', 'ชลบุรี', '20000'),
(962, 'สำนักบก', 'เมืองชลบุรี', 'ชลบุรี', '20000'),
(963, 'บ้านบึง', 'บ้านบึง', 'ชลบุรี', '20170');
INSERT INTO `address_info` (`id`, `tumbon`, `amphur`, `province`, `zipcode`) VALUES
(964, 'คลองกิ่ว', 'บ้านบึง', 'ชลบุรี', '20220'),
(965, 'มาบไผ่', 'บ้านบึง', 'ชลบุรี', '20170'),
(966, 'หนองซ้ำซาก', 'บ้านบึง', 'ชลบุรี', '20170'),
(967, 'หนองบอนแดง', 'บ้านบึง', 'ชลบุรี', '20170'),
(968, 'หนองชาก', 'บ้านบึง', 'ชลบุรี', '20170'),
(969, 'หนองอิรุณ', 'บ้านบึง', 'ชลบุรี', '20220'),
(970, 'หนองไผ่แก้ว', 'บ้านบึง', 'ชลบุรี', '20220'),
(971, 'หนองใหญ่', 'หนองใหญ่', 'ชลบุรี', '20190'),
(972, 'คลองพลู', 'หนองใหญ่', 'ชลบุรี', '20190'),
(973, 'หนองเสือช้าง', 'หนองใหญ่', 'ชลบุรี', '20190'),
(974, 'ห้างสูง', 'หนองใหญ่', 'ชลบุรี', '20190'),
(975, 'เขาซก', 'หนองใหญ่', 'ชลบุรี', '20190'),
(976, 'บางละมุง', 'บางละมุง', 'ชลบุรี', '20150'),
(977, 'หนองปรือ', 'บางละมุง', 'ชลบุรี', '20150'),
(978, 'หนองปลาไหล', 'บางละมุง', 'ชลบุรี', '20150'),
(979, 'โป่ง', 'บางละมุง', 'ชลบุรี', '20150'),
(980, 'เขาไม้แก้ว', 'บางละมุง', 'ชลบุรี', '20150'),
(981, 'ห้วยใหญ่', 'บางละมุง', 'ชลบุรี', '20150'),
(982, 'ตะเคียนเตี้ย', 'บางละมุง', 'ชลบุรี', '20150'),
(983, 'นาเกลือ', 'บางละมุง', 'ชลบุรี', '20150'),
(984, 'พานทอง', 'พานทอง', 'ชลบุรี', '20160'),
(985, 'หนองตำลึง', 'พานทอง', 'ชลบุรี', '20160'),
(986, 'มาบโป่ง', 'พานทอง', 'ชลบุรี', '20160'),
(987, 'หนองกะขะ', 'พานทอง', 'ชลบุรี', '20160'),
(988, 'หนองหงษ์', 'พานทอง', 'ชลบุรี', '20160'),
(989, 'โคกขี้หนอน', 'พานทอง', 'ชลบุรี', '20160'),
(990, 'บ้านเก่า', 'พานทอง', 'ชลบุรี', '20160'),
(991, 'หน้าประดู่', 'พานทอง', 'ชลบุรี', '20160'),
(992, 'บางนาง', 'พานทอง', 'ชลบุรี', '20160'),
(993, 'เกาะลอย', 'พานทอง', 'ชลบุรี', '20160'),
(994, 'บางหัก', 'พานทอง', 'ชลบุรี', '20160'),
(995, 'พนัสนิคม', 'พนัสนิคม', 'ชลบุรี', '20140'),
(996, 'หน้าพระธาตุ', 'พนัสนิคม', 'ชลบุรี', '20140'),
(997, 'วัดหลวง', 'พนัสนิคม', 'ชลบุรี', '20140'),
(998, 'บ้านเซิด', 'พนัสนิคม', 'ชลบุรี', '20140'),
(999, 'นาเริก', 'พนัสนิคม', 'ชลบุรี', '20140'),
(1000, 'หมอนนาง', 'พนัสนิคม', 'ชลบุรี', '20140'),
(1001, 'สระสี่เหลี่ยม', 'พนัสนิคม', 'ชลบุรี', '20140'),
(1002, 'วัดโบสถ์', 'พนัสนิคม', 'ชลบุรี', '20140'),
(1003, 'กุฎโง้ง', 'พนัสนิคม', 'ชลบุรี', '20140'),
(1004, 'หัวถนน', 'พนัสนิคม', 'ชลบุรี', '20140'),
(1005, 'ท่าข้าม', 'พนัสนิคม', 'ชลบุรี', '20140'),
(1006, 'หนองปรือ', 'พนัสนิคม', 'ชลบุรี', '20140'),
(1007, 'หนองขยาด', 'พนัสนิคม', 'ชลบุรี', '20140'),
(1008, 'ทุ่งขวาง', 'พนัสนิคม', 'ชลบุรี', '20140'),
(1009, 'หนองเหียง', 'พนัสนิคม', 'ชลบุรี', '20140'),
(1010, 'นาวังหิน', 'พนัสนิคม', 'ชลบุรี', '20140'),
(1011, 'บ้านช้าง', 'พนัสนิคม', 'ชลบุรี', '20140'),
(1012, 'โคกเพลาะ', 'พนัสนิคม', 'ชลบุรี', '20140'),
(1013, 'ไร่หลักทอง', 'พนัสนิคม', 'ชลบุรี', '20140'),
(1014, 'นามะตูม', 'พนัสนิคม', 'ชลบุรี', '20140'),
(1015, 'ศรีราชา', 'ศรีราชา', 'ชลบุรี', '20110'),
(1016, 'สุรศักดิ์', 'ศรีราชา', 'ชลบุรี', '20110'),
(1017, 'ทุ่งสุขลา', 'ศรีราชา', 'ชลบุรี', '20230'),
(1018, 'บึง', 'ศรีราชา', 'ชลบุรี', '20230'),
(1019, 'หนองขาม', 'ศรีราชา', 'ชลบุรี', '20110'),
(1020, 'เขาคันทรง', 'ศรีราชา', 'ชลบุรี', '20110'),
(1021, 'บางพระ', 'ศรีราชา', 'ชลบุรี', '20110'),
(1022, 'บ่อวิน', 'ศรีราชา', 'ชลบุรี', '20230'),
(1023, 'ท่าเทววงษ์', 'เกาะสีชัง', 'ชลบุรี', '20120'),
(1024, 'สัตหีบ', 'สัตหีบ', 'ชลบุรี', '20180'),
(1025, 'นาจอมเทียน', 'สัตหีบ', 'ชลบุรี', '20250'),
(1026, 'พลูตาหลวง', 'สัตหีบ', 'ชลบุรี', '20180'),
(1027, 'บางเสร่', 'สัตหีบ', 'ชลบุรี', '20250'),
(1028, 'แสมสาร', 'สัตหีบ', 'ชลบุรี', '20180'),
(1029, 'บ่อทอง', 'บ่อทอง', 'ชลบุรี', '20270'),
(1030, 'วัดสุวรรณ', 'บ่อทอง', 'ชลบุรี', '20270'),
(1031, 'บ่อกวางทอง', 'บ่อทอง', 'ชลบุรี', '20270'),
(1032, 'ธาตุทอง', 'บ่อทอง', 'ชลบุรี', '20270'),
(1033, 'เกษตรสุวรรณ', 'บ่อทอง', 'ชลบุรี', '20270'),
(1034, 'พลวงทอง', 'บ่อทอง', 'ชลบุรี', '20270'),
(1035, 'เกาะจันทร์', 'เกาะจันทร์', 'ชลบุรี', '20240'),
(1036, 'ท่าบุญมี', 'เกาะจันทร์', 'ชลบุรี', '20240'),
(1037, 'ท่าประดู่', 'เมืองระยอง', 'ระยอง', '21000'),
(1038, 'เชิงเนิน', 'เมืองระยอง', 'ระยอง', '21000'),
(1039, 'ตะพง', 'เมืองระยอง', 'ระยอง', '21000'),
(1040, 'ปากน้ำ', 'เมืองระยอง', 'ระยอง', '21000'),
(1041, 'เพ', 'เมืองระยอง', 'ระยอง', '21160'),
(1042, 'แกลง', 'เมืองระยอง', 'ระยอง', '21160'),
(1043, 'บ้านแลง', 'เมืองระยอง', 'ระยอง', '21000'),
(1044, 'นาตาขวัญ', 'เมืองระยอง', 'ระยอง', '21000'),
(1045, 'เนินพระ', 'เมืองระยอง', 'ระยอง', '21000'),
(1046, 'กะเฉด', 'เมืองระยอง', 'ระยอง', '21100'),
(1047, 'ทับมา', 'เมืองระยอง', 'ระยอง', '21000'),
(1048, 'น้ำคอก', 'เมืองระยอง', 'ระยอง', '21000'),
(1049, 'ห้วยโป่ง', 'เมืองระยอง', 'ระยอง', '21150'),
(1050, 'มาบตาพุด', 'เมืองระยอง', 'ระยอง', '21150'),
(1051, 'สำนักทอง', 'เมืองระยอง', 'ระยอง', '21100'),
(1052, 'สำนักท้อน', 'บ้านฉาง', 'ระยอง', '21130'),
(1053, 'พลา', 'บ้านฉาง', 'ระยอง', '21130'),
(1054, 'บ้านฉาง', 'บ้านฉาง', 'ระยอง', '21130'),
(1055, 'ทางเกวียน', 'แกลง', 'ระยอง', '21110'),
(1056, 'วังหว้า', 'แกลง', 'ระยอง', '21110'),
(1057, 'ชากโดน', 'แกลง', 'ระยอง', '21110'),
(1058, 'เนินฆ้อ', 'แกลง', 'ระยอง', '21110'),
(1059, 'กร่ำ', 'แกลง', 'ระยอง', '21190'),
(1060, 'ชากพง', 'แกลง', 'ระยอง', '21190'),
(1061, 'กระแสบน', 'แกลง', 'ระยอง', '21110'),
(1062, 'บ้านนา', 'แกลง', 'ระยอง', '21110'),
(1063, 'ทุ่งควายกิน', 'แกลง', 'ระยอง', '21110'),
(1064, 'กองดิน', 'แกลง', 'ระยอง', '22160'),
(1065, 'คลองปูน', 'แกลง', 'ระยอง', '21170'),
(1066, 'พังราด', 'แกลง', 'ระยอง', '21170'),
(1067, 'ปากน้ำกระแส', 'แกลง', 'ระยอง', '21170'),
(1068, 'ห้วยยาง', 'แกลง', 'ระยอง', '21110'),
(1069, 'สองสลึง', 'แกลง', 'ระยอง', '21110'),
(1070, 'วังจันทร์', 'วังจันทร์', 'ระยอง', '21210'),
(1071, 'ชุมแสง', 'วังจันทร์', 'ระยอง', '21210'),
(1072, 'ป่ายุบใน', 'วังจันทร์', 'ระยอง', '21210'),
(1073, 'พลงตาเอี่ยม', 'วังจันทร์', 'ระยอง', '21210'),
(1074, 'บ้านค่าย', 'บ้านค่าย', 'ระยอง', '21120'),
(1075, 'หนองละลอก', 'บ้านค่าย', 'ระยอง', '21120'),
(1076, 'หนองตะพาน', 'บ้านค่าย', 'ระยอง', '21120'),
(1077, 'ตาขัน', 'บ้านค่าย', 'ระยอง', '21120'),
(1078, 'บางบุตร', 'บ้านค่าย', 'ระยอง', '21120'),
(1079, 'หนองบัว', 'บ้านค่าย', 'ระยอง', '21120'),
(1080, 'ชากบก', 'บ้านค่าย', 'ระยอง', '21120'),
(1081, 'ปลวกแดง', 'ปลวกแดง', 'ระยอง', '21140'),
(1082, 'ตาสิทธิ์', 'ปลวกแดง', 'ระยอง', '21140'),
(1083, 'ละหาร', 'ปลวกแดง', 'ระยอง', '21140'),
(1084, 'แม่น้ำคู้', 'ปลวกแดง', 'ระยอง', '21140'),
(1085, 'มาบยางพร', 'ปลวกแดง', 'ระยอง', '21140'),
(1086, 'หนองไร่', 'ปลวกแดง', 'ระยอง', '21140'),
(1087, 'น้ำเป็น', 'เขาชะเมา', 'ระยอง', '21110'),
(1088, 'ห้วยทับมอญ', 'เขาชะเมา', 'ระยอง', '21110'),
(1089, 'ชำฆ้อ', 'เขาชะเมา', 'ระยอง', '21110'),
(1090, 'เขาน้อย', 'เขาชะเมา', 'ระยอง', '21110'),
(1091, 'นิคมพัฒนา', 'นิคมพัฒนา', 'ระยอง', '21180'),
(1092, 'มาบข่า', 'นิคมพัฒนา', 'ระยอง', '21180'),
(1093, 'พนานิคม', 'นิคมพัฒนา', 'ระยอง', '21180'),
(1094, 'มะขามคู่', 'นิคมพัฒนา', 'ระยอง', '21180'),
(1095, 'ตลาด', 'เมืองจันทบุรี', 'จันทบุรี', '22000'),
(1096, 'วัดใหม่', 'เมืองจันทบุรี', 'จันทบุรี', '22000'),
(1097, 'คลองนารายณ์', 'เมืองจันทบุรี', 'จันทบุรี', '22000'),
(1098, 'เกาะขวาง', 'เมืองจันทบุรี', 'จันทบุรี', '22000'),
(1099, 'คมบาง', 'เมืองจันทบุรี', 'จันทบุรี', '22000'),
(1100, 'ท่าช้าง', 'เมืองจันทบุรี', 'จันทบุรี', '22000'),
(1101, 'จันทนิมิต', 'เมืองจันทบุรี', 'จันทบุรี', '22000'),
(1102, 'บางกะจะ', 'เมืองจันทบุรี', 'จันทบุรี', '22000'),
(1103, 'แสลง', 'เมืองจันทบุรี', 'จันทบุรี', '22000'),
(1104, 'หนองบัว', 'เมืองจันทบุรี', 'จันทบุรี', '22000'),
(1105, 'พลับพลา', 'เมืองจันทบุรี', 'จันทบุรี', '22000'),
(1106, 'ขลุง', 'ขลุง', 'จันทบุรี', '22110'),
(1107, 'บ่อ', 'ขลุง', 'จันทบุรี', '22110'),
(1108, 'เกวียนหัก', 'ขลุง', 'จันทบุรี', '22110'),
(1109, 'ตะปอน', 'ขลุง', 'จันทบุรี', '22110'),
(1110, 'บางชัน', 'ขลุง', 'จันทบุรี', '22110'),
(1111, 'วันยาว', 'ขลุง', 'จันทบุรี', '22110'),
(1112, 'ซึ้ง', 'ขลุง', 'จันทบุรี', '22110'),
(1113, 'มาบไพ', 'ขลุง', 'จันทบุรี', '22110'),
(1114, 'วังสรรพรส', 'ขลุง', 'จันทบุรี', '22110'),
(1115, 'ตรอกนอง', 'ขลุง', 'จันทบุรี', '22110'),
(1116, 'ตกพรม', 'ขลุง', 'จันทบุรี', '22110'),
(1117, 'บ่อเวฬุ', 'ขลุง', 'จันทบุรี', '22150'),
(1118, 'ท่าใหม่', 'ท่าใหม่', 'จันทบุรี', '22120'),
(1119, 'ยายร้า', 'ท่าใหม่', 'จันทบุรี', '22120'),
(1120, 'สีพยา', 'ท่าใหม่', 'จันทบุรี', '22120'),
(1121, 'บ่อพุ', 'ท่าใหม่', 'จันทบุรี', '22120'),
(1122, 'พลอยแหวน', 'ท่าใหม่', 'จันทบุรี', '22120'),
(1123, 'เขาวัว', 'ท่าใหม่', 'จันทบุรี', '22120'),
(1124, 'เขาบายศรี', 'ท่าใหม่', 'จันทบุรี', '22120'),
(1125, 'สองพี่น้อง', 'ท่าใหม่', 'จันทบุรี', '22120'),
(1126, 'ทุ่งเบญจา', 'ท่าใหม่', 'จันทบุรี', '22170'),
(1127, 'รำพัน', 'ท่าใหม่', 'จันทบุรี', '22170'),
(1128, 'โขมง', 'ท่าใหม่', 'จันทบุรี', '22170'),
(1129, 'ตะกาดเง้า', 'ท่าใหม่', 'จันทบุรี', '22120'),
(1130, 'คลองขุด', 'ท่าใหม่', 'จันทบุรี', '22120'),
(1131, 'เขาแก้ว', 'ท่าใหม่', 'จันทบุรี', '22170'),
(1132, 'ทับไทร', 'โป่งน้ำร้อน', 'จันทบุรี', '22140'),
(1133, 'โป่งน้ำร้อน', 'โป่งน้ำร้อน', 'จันทบุรี', '22140'),
(1134, 'หนองตาคง', 'โป่งน้ำร้อน', 'จันทบุรี', '22140'),
(1135, 'เทพนิมิต', 'โป่งน้ำร้อน', 'จันทบุรี', '22140'),
(1136, 'คลองใหญ่', 'โป่งน้ำร้อน', 'จันทบุรี', '22140'),
(1137, 'มะขาม', 'มะขาม', 'จันทบุรี', '22150'),
(1138, 'ท่าหลวง', 'มะขาม', 'จันทบุรี', '22150'),
(1139, 'ปัถวี', 'มะขาม', 'จันทบุรี', '22150'),
(1140, 'วังแซ้ม', 'มะขาม', 'จันทบุรี', '22150'),
(1141, 'ฉมัน', 'มะขาม', 'จันทบุรี', '22150'),
(1142, 'อ่างคีรี', 'มะขาม', 'จันทบุรี', '22150'),
(1143, 'ปากน้ำแหลมสิงห์', 'แหลมสิงห์', 'จันทบุรี', '22130'),
(1144, 'เกาะเปริด', 'แหลมสิงห์', 'จันทบุรี', '22130'),
(1145, 'หนองชิ่ม', 'แหลมสิงห์', 'จันทบุรี', '22130'),
(1146, 'พลิ้ว', 'แหลมสิงห์', 'จันทบุรี', '22190'),
(1147, 'คลองน้ำเค็ม', 'แหลมสิงห์', 'จันทบุรี', '22190'),
(1148, 'บางสระเก้า', 'แหลมสิงห์', 'จันทบุรี', '22190'),
(1149, 'บางกะไชย', 'แหลมสิงห์', 'จันทบุรี', '22120'),
(1150, 'ปะตง', 'สอยดาว', 'จันทบุรี', '22180'),
(1151, 'ทุ่งขนาน', 'สอยดาว', 'จันทบุรี', '22180'),
(1152, 'ทับช้าง', 'สอยดาว', 'จันทบุรี', '22180'),
(1153, 'ทรายขาว', 'สอยดาว', 'จันทบุรี', '22180'),
(1154, 'สะตอน', 'สอยดาว', 'จันทบุรี', '22180'),
(1155, 'แก่งหางแมว', 'แก่งหางแมว', 'จันทบุรี', '22160'),
(1156, 'ขุนซ่อง', 'แก่งหางแมว', 'จันทบุรี', '22160'),
(1157, 'สามพี่น้อง', 'แก่งหางแมว', 'จันทบุรี', '22160'),
(1158, 'พวา', 'แก่งหางแมว', 'จันทบุรี', '22160'),
(1159, 'เขาวงกต', 'แก่งหางแมว', 'จันทบุรี', '22160'),
(1160, 'นายายอาม', 'นายายอาม', 'จันทบุรี', '22160'),
(1161, 'วังโตนด', 'นายายอาม', 'จันทบุรี', '22170'),
(1162, 'กระแจะ', 'นายายอาม', 'จันทบุรี', '22170'),
(1163, 'สนามไชย', 'นายายอาม', 'จันทบุรี', '22170'),
(1164, 'ช้างข้าม', 'นายายอาม', 'จันทบุรี', '22160'),
(1165, 'วังใหม่', 'นายายอาม', 'จันทบุรี', '22170'),
(1166, 'ชากไทย', 'เขาคิชฌกูฏ', 'จันทบุรี', '22210'),
(1167, 'พลวง', 'เขาคิชฌกูฏ', 'จันทบุรี', '22210'),
(1168, 'ตะเคียนทอง', 'เขาคิชฌกูฏ', 'จันทบุรี', '22210'),
(1169, 'คลองพลู', 'เขาคิชฌกูฏ', 'จันทบุรี', '22210'),
(1170, 'จันทเขลม', 'เขาคิชฌกูฏ', 'จันทบุรี', '22210'),
(1171, 'บางพระ', 'เมืองตราด', 'ตราด', '23000'),
(1172, 'หนองเสม็ด', 'เมืองตราด', 'ตราด', '23000'),
(1173, 'หนองโสน', 'เมืองตราด', 'ตราด', '23000'),
(1174, 'หนองคันทรง', 'เมืองตราด', 'ตราด', '23000'),
(1175, 'ห้วงน้ำขาว', 'เมืองตราด', 'ตราด', '23000'),
(1176, 'อ่าวใหญ่', 'เมืองตราด', 'ตราด', '23000'),
(1177, 'วังกระแจะ', 'เมืองตราด', 'ตราด', '23000'),
(1178, 'ห้วยแร้ง', 'เมืองตราด', 'ตราด', '23000'),
(1179, 'เนินทราย', 'เมืองตราด', 'ตราด', '23000'),
(1180, 'ท่าพริก', 'เมืองตราด', 'ตราด', '23000'),
(1181, 'ท่ากุ่ม', 'เมืองตราด', 'ตราด', '23000'),
(1182, 'ตะกาง', 'เมืองตราด', 'ตราด', '23000'),
(1183, 'ชำราก', 'เมืองตราด', 'ตราด', '23000'),
(1184, 'แหลมกลัด', 'เมืองตราด', 'ตราด', '23000'),
(1185, 'คลองใหญ่', 'คลองใหญ่', 'ตราด', '23110'),
(1186, 'ไม้รูด', 'คลองใหญ่', 'ตราด', '23110'),
(1187, 'หาดเล็ก', 'คลองใหญ่', 'ตราด', '23110'),
(1188, 'เขาสมิง', 'เขาสมิง', 'ตราด', '23130'),
(1189, 'แสนตุ้ง', 'เขาสมิง', 'ตราด', '23150'),
(1190, 'วังตะเคียน', 'เขาสมิง', 'ตราด', '23130'),
(1191, 'ท่าโสม', 'เขาสมิง', 'ตราด', '23150'),
(1192, 'สะตอ', 'เขาสมิง', 'ตราด', '23150'),
(1193, 'ประณีต', 'เขาสมิง', 'ตราด', '23150'),
(1194, 'เทพนิมิต', 'เขาสมิง', 'ตราด', '23150'),
(1195, 'ทุ่งนนทรี', 'เขาสมิง', 'ตราด', '23130'),
(1196, 'บ่อพลอย', 'บ่อไร่', 'ตราด', '23140'),
(1197, 'ช้างทูน', 'บ่อไร่', 'ตราด', '23140'),
(1198, 'ด่านชุมพล', 'บ่อไร่', 'ตราด', '23140'),
(1199, 'หนองบอน', 'บ่อไร่', 'ตราด', '23140'),
(1200, 'นนทรีย์', 'บ่อไร่', 'ตราด', '23140'),
(1201, 'แหลมงอบ', 'แหลมงอบ', 'ตราด', '23120'),
(1202, 'น้ำเชี่ยว', 'แหลมงอบ', 'ตราด', '23120'),
(1203, 'บางปิด', 'แหลมงอบ', 'ตราด', '23120'),
(1204, 'คลองใหญ่', 'แหลมงอบ', 'ตราด', '23120'),
(1205, 'เกาะหมาก', 'เกาะกูด', 'ตราด', '23000'),
(1206, 'เกาะกูด', 'เกาะกูด', 'ตราด', '23000'),
(1207, 'เกาะช้าง', 'เกาะช้าง', 'ตราด', '23170'),
(1208, 'เกาะช้างใต้', 'เกาะช้าง', 'ตราด', '23170'),
(1209, 'หน้าเมือง', 'เมืองฉะเชิงเทรา', 'ฉะเชิงเทรา', '24000'),
(1210, 'ท่าไข่', 'เมืองฉะเชิงเทรา', 'ฉะเชิงเทรา', '24000'),
(1211, 'บ้านใหม่', 'เมืองฉะเชิงเทรา', 'ฉะเชิงเทรา', '24000'),
(1212, 'คลองนา', 'เมืองฉะเชิงเทรา', 'ฉะเชิงเทรา', '24000'),
(1213, 'บางตีนเป็ด', 'เมืองฉะเชิงเทรา', 'ฉะเชิงเทรา', '24000'),
(1214, 'บางไผ่', 'เมืองฉะเชิงเทรา', 'ฉะเชิงเทรา', '24000'),
(1215, 'คลองจุกกระเฌอ', 'เมืองฉะเชิงเทรา', 'ฉะเชิงเทรา', '24000'),
(1216, 'บางแก้ว', 'เมืองฉะเชิงเทรา', 'ฉะเชิงเทรา', '24000'),
(1217, 'บางขวัญ', 'เมืองฉะเชิงเทรา', 'ฉะเชิงเทรา', '24000'),
(1218, 'คลองนครเนื่องเขต', 'เมืองฉะเชิงเทรา', 'ฉะเชิงเทรา', '24000'),
(1219, 'วังตะเคียน', 'เมืองฉะเชิงเทรา', 'ฉะเชิงเทรา', '24000'),
(1220, 'โสธร', 'เมืองฉะเชิงเทรา', 'ฉะเชิงเทรา', '24000'),
(1221, 'บางพระ', 'เมืองฉะเชิงเทรา', 'ฉะเชิงเทรา', '24000'),
(1222, 'บางกะไห', 'เมืองฉะเชิงเทรา', 'ฉะเชิงเทรา', '24000'),
(1223, 'หนามแดง', 'เมืองฉะเชิงเทรา', 'ฉะเชิงเทรา', '24000'),
(1224, 'คลองเปรง', 'เมืองฉะเชิงเทรา', 'ฉะเชิงเทรา', '24000'),
(1225, 'คลองอุดมชลจร', 'เมืองฉะเชิงเทรา', 'ฉะเชิงเทรา', '24000'),
(1226, 'คลองหลวงแพ่ง', 'เมืองฉะเชิงเทรา', 'ฉะเชิงเทรา', '24000'),
(1227, 'บางเตย', 'เมืองฉะเชิงเทรา', 'ฉะเชิงเทรา', '24000'),
(1228, 'บางคล้า', 'บางคล้า', 'ฉะเชิงเทรา', '24110'),
(1229, 'บางสวน', 'บางคล้า', 'ฉะเชิงเทรา', '24110'),
(1230, 'บางกระเจ็ด', 'บางคล้า', 'ฉะเชิงเทรา', '24110'),
(1231, 'ปากน้ำ', 'บางคล้า', 'ฉะเชิงเทรา', '24110'),
(1232, 'ท่าทองหลาง', 'บางคล้า', 'ฉะเชิงเทรา', '24110'),
(1233, 'สาวชะโงก', 'บางคล้า', 'ฉะเชิงเทรา', '24110'),
(1234, 'เสม็ดเหนือ', 'บางคล้า', 'ฉะเชิงเทรา', '24110'),
(1235, 'เสม็ดใต้', 'บางคล้า', 'ฉะเชิงเทรา', '24110'),
(1236, 'หัวไทร', 'บางคล้า', 'ฉะเชิงเทรา', '24110'),
(1237, 'บางน้ำเปรี้ยว', 'บางน้ำเปรี้ยว', 'ฉะเชิงเทรา', '24150'),
(1238, 'บางขนาก', 'บางน้ำเปรี้ยว', 'ฉะเชิงเทรา', '24150'),
(1239, 'สิงโตทอง', 'บางน้ำเปรี้ยว', 'ฉะเชิงเทรา', '24150'),
(1240, 'หมอนทอง', 'บางน้ำเปรี้ยว', 'ฉะเชิงเทรา', '24150'),
(1241, 'บึงน้ำรักษ์', 'บางน้ำเปรี้ยว', 'ฉะเชิงเทรา', '24170'),
(1242, 'ดอนเกาะกา', 'บางน้ำเปรี้ยว', 'ฉะเชิงเทรา', '24170'),
(1243, 'โยธะกา', 'บางน้ำเปรี้ยว', 'ฉะเชิงเทรา', '24150'),
(1244, 'ดอนฉิมพลี', 'บางน้ำเปรี้ยว', 'ฉะเชิงเทรา', '24170'),
(1245, 'ศาลาแดง', 'บางน้ำเปรี้ยว', 'ฉะเชิงเทรา', '24000'),
(1246, 'โพรงอากาศ', 'บางน้ำเปรี้ยว', 'ฉะเชิงเทรา', '24150'),
(1247, 'บางปะกง', 'บางปะกง', 'ฉะเชิงเทรา', '24130'),
(1248, 'ท่าสะอ้าน', 'บางปะกง', 'ฉะเชิงเทรา', '24130'),
(1249, 'บางวัว', 'บางปะกง', 'ฉะเชิงเทรา', '24180'),
(1250, 'บางสมัคร', 'บางปะกง', 'ฉะเชิงเทรา', '24180'),
(1251, 'บางผึ้ง', 'บางปะกง', 'ฉะเชิงเทรา', '24130'),
(1252, 'บางเกลือ', 'บางปะกง', 'ฉะเชิงเทรา', '24180'),
(1253, 'สองคลอง', 'บางปะกง', 'ฉะเชิงเทรา', '24130'),
(1254, 'หนองจอก', 'บางปะกง', 'ฉะเชิงเทรา', '24130'),
(1255, 'พิมพา', 'บางปะกง', 'ฉะเชิงเทรา', '24180'),
(1256, 'ท่าข้าม', 'บางปะกง', 'ฉะเชิงเทรา', '24130'),
(1257, 'หอมศีล', 'บางปะกง', 'ฉะเชิงเทรา', '24180'),
(1258, 'เขาดิน', 'บางปะกง', 'ฉะเชิงเทรา', '24130'),
(1259, 'บ้านโพธิ์', 'บ้านโพธิ์', 'ฉะเชิงเทรา', '24140'),
(1260, 'เกาะไร่', 'บ้านโพธิ์', 'ฉะเชิงเทรา', '24140'),
(1261, 'คลองขุด', 'บ้านโพธิ์', 'ฉะเชิงเทรา', '24140'),
(1262, 'คลองบ้านโพธิ์', 'บ้านโพธิ์', 'ฉะเชิงเทรา', '24140'),
(1263, 'คลองประเวศ', 'บ้านโพธิ์', 'ฉะเชิงเทรา', '24140'),
(1264, 'ดอนทราย', 'บ้านโพธิ์', 'ฉะเชิงเทรา', '24140'),
(1265, 'เทพราช', 'บ้านโพธิ์', 'ฉะเชิงเทรา', '24140'),
(1266, 'ท่าพลับ', 'บ้านโพธิ์', 'ฉะเชิงเทรา', '24140'),
(1267, 'หนองตีนนก', 'บ้านโพธิ์', 'ฉะเชิงเทรา', '24140'),
(1268, 'หนองบัว', 'บ้านโพธิ์', 'ฉะเชิงเทรา', '24140'),
(1269, 'บางซ่อน', 'บ้านโพธิ์', 'ฉะเชิงเทรา', '24140'),
(1270, 'บางกรูด', 'บ้านโพธิ์', 'ฉะเชิงเทรา', '24140'),
(1271, 'แหลมประดู่', 'บ้านโพธิ์', 'ฉะเชิงเทรา', '24140'),
(1272, 'ลาดขวาง', 'บ้านโพธิ์', 'ฉะเชิงเทรา', '24140'),
(1273, 'สนามจันทร์', 'บ้านโพธิ์', 'ฉะเชิงเทรา', '24140'),
(1274, 'แสนภูดาษ', 'บ้านโพธิ์', 'ฉะเชิงเทรา', '24140'),
(1275, 'สิบเอ็ดศอก', 'บ้านโพธิ์', 'ฉะเชิงเทรา', '24140'),
(1276, 'เกาะขนุน', 'พนมสารคาม', 'ฉะเชิงเทรา', '24120'),
(1277, 'บ้านซ่อง', 'พนมสารคาม', 'ฉะเชิงเทรา', '24120'),
(1278, 'พนมสารคาม', 'พนมสารคาม', 'ฉะเชิงเทรา', '24120'),
(1279, 'เมืองเก่า', 'พนมสารคาม', 'ฉะเชิงเทรา', '24120'),
(1280, 'หนองยาว', 'พนมสารคาม', 'ฉะเชิงเทรา', '24120'),
(1281, 'ท่าถ่าน', 'พนมสารคาม', 'ฉะเชิงเทรา', '24120'),
(1282, 'หนองแหน', 'พนมสารคาม', 'ฉะเชิงเทรา', '24120'),
(1283, 'เขาหินซ้อน', 'พนมสารคาม', 'ฉะเชิงเทรา', '24120'),
(1284, 'บางคา', 'ราชสาส์น', 'ฉะเชิงเทรา', '24120'),
(1285, 'เมืองใหม่', 'ราชสาส์น', 'ฉะเชิงเทรา', '24120'),
(1286, 'ดงน้อย', 'ราชสาส์น', 'ฉะเชิงเทรา', '24120'),
(1287, 'คู้ยายหมี', 'สนามชัย', 'ฉะเชิงเทรา', '24160'),
(1288, 'ท่ากระดาน', 'สนามชัย', 'ฉะเชิงเทรา', '24160'),
(1289, 'ทุ่งพระยา', 'สนามชัย', 'ฉะเชิงเทรา', '24160'),
(1290, 'ลาดกระทิง', 'สนามชัย', 'ฉะเชิงเทรา', '24160'),
(1291, 'แปลงยาว', 'แปลงยาว', 'ฉะเชิงเทรา', '24190'),
(1292, 'วังเย็น', 'แปลงยาว', 'ฉะเชิงเทรา', '24190'),
(1293, 'หัวสำโรง', 'แปลงยาว', 'ฉะเชิงเทรา', '24190'),
(1294, 'หนองไม้แก่น', 'แปลงยาว', 'ฉะเชิงเทรา', '24190'),
(1295, 'ท่าตะเกียบ', 'ท่าตะเกียบ', 'ฉะเชิงเทรา', '24160'),
(1296, 'คลองตะเกรา', 'ท่าตะเกียบ', 'ฉะเชิงเทรา', '24160'),
(1297, 'ก้อนแก้ว', 'คลองเขื่อน', 'ฉะเชิงเทรา', '24000'),
(1298, 'คลองเขื่อน', 'คลองเขื่อน', 'ฉะเชิงเทรา', '24000'),
(1299, 'บางเล่า', 'คลองเขื่อน', 'ฉะเชิงเทรา', '24000'),
(1300, 'บางโรง', 'คลองเขื่อน', 'ฉะเชิงเทรา', '24000'),
(1301, 'บางตลาด', 'คลองเขื่อน', 'ฉะเชิงเทรา', '24110'),
(1302, 'หน้าเมือง', 'เมืองปราจีนบุรี', 'ปราจีนบุรี', '25000'),
(1303, 'รอบเมือง', 'เมืองปราจีนบุรี', 'ปราจีนบุรี', '25000'),
(1304, 'วัดโบสถ์', 'เมืองปราจีนบุรี', 'ปราจีนบุรี', '25000'),
(1305, 'บางเดชะ', 'เมืองปราจีนบุรี', 'ปราจีนบุรี', '25000'),
(1306, 'ท่างาม', 'เมืองปราจีนบุรี', 'ปราจีนบุรี', '25000'),
(1307, 'บางบริบูรณ์', 'เมืองปราจีนบุรี', 'ปราจีนบุรี', '25000'),
(1308, 'ดงพระราม', 'เมืองปราจีนบุรี', 'ปราจีนบุรี', '25000'),
(1309, 'บ้านพระ', 'เมืองปราจีนบุรี', 'ปราจีนบุรี', '25230'),
(1310, 'โคกไม้ลาย', 'เมืองปราจีนบุรี', 'ปราจีนบุรี', '25230'),
(1311, 'ไม้เค็ด', 'เมืองปราจีนบุรี', 'ปราจีนบุรี', '25230'),
(1312, 'ดงขี้เหล็ก', 'เมืองปราจีนบุรี', 'ปราจีนบุรี', '25000'),
(1313, 'เนินหอม', 'เมืองปราจีนบุรี', 'ปราจีนบุรี', '25230'),
(1314, 'โนนห้อม', 'เมืองปราจีนบุรี', 'ปราจีนบุรี', '25000'),
(1315, 'กบินทร์', 'กบินทร์บุรี', 'ปราจีนบุรี', '25110'),
(1316, 'เมืองเก่า', 'กบินทร์บุรี', 'ปราจีนบุรี', '25240'),
(1317, 'วังดาล', 'กบินทร์บุรี', 'ปราจีนบุรี', '25110'),
(1318, 'นนทรี', 'กบินทร์บุรี', 'ปราจีนบุรี', '25110'),
(1319, 'ย่านรี', 'กบินทร์บุรี', 'ปราจีนบุรี', '25110'),
(1320, 'วังตะเคียน', 'กบินทร์บุรี', 'ปราจีนบุรี', '25110'),
(1321, 'หาดนางแก้ว', 'กบินทร์บุรี', 'ปราจีนบุรี', '25110'),
(1322, 'ลาดตะเคียน', 'กบินทร์บุรี', 'ปราจีนบุรี', '25110'),
(1323, 'บ้านนา', 'กบินทร์บุรี', 'ปราจีนบุรี', '25110'),
(1324, 'บ่อทอง', 'กบินทร์บุรี', 'ปราจีนบุรี', '25110'),
(1325, 'หนองกี่', 'กบินทร์บุรี', 'ปราจีนบุรี', '25110'),
(1326, 'นาแขม', 'กบินทร์บุรี', 'ปราจีนบุรี', '25110'),
(1327, 'เขาไม้แก้ว', 'กบินทร์บุรี', 'ปราจีนบุรี', '25110'),
(1328, 'วังท่าช้าง', 'กบินทร์บุรี', 'ปราจีนบุรี', '25110'),
(1329, 'นาดี', 'นาดี', 'ปราจีนบุรี', '25220'),
(1330, 'สำพันตา', 'นาดี', 'ปราจีนบุรี', '25220'),
(1331, 'สะพานหิน', 'นาดี', 'ปราจีนบุรี', '25220'),
(1332, 'ทุ่งโพธิ์', 'นาดี', 'ปราจีนบุรี', '25220'),
(1333, 'แก่งดินสอ', 'นาดี', 'ปราจีนบุรี', '25220'),
(1334, 'บุพราหมณ์', 'นาดี', 'ปราจีนบุรี', '25220'),
(1335, 'บ้านสร้าง', 'บ้านสร้าง', 'ปราจีนบุรี', '25150'),
(1336, 'บางกระเบา', 'บ้านสร้าง', 'ปราจีนบุรี', '25150'),
(1337, 'บางเตย', 'บ้านสร้าง', 'ปราจีนบุรี', '25150'),
(1338, 'บางยาง', 'บ้านสร้าง', 'ปราจีนบุรี', '25150'),
(1339, 'บางแตน', 'บ้านสร้าง', 'ปราจีนบุรี', '25150'),
(1340, 'บางพลวง', 'บ้านสร้าง', 'ปราจีนบุรี', '25150'),
(1341, 'บางปลาร้า', 'บ้านสร้าง', 'ปราจีนบุรี', '25150'),
(1342, 'บางขาม', 'บ้านสร้าง', 'ปราจีนบุรี', '25150'),
(1343, 'กระทุ่มแพ้ว', 'บ้านสร้าง', 'ปราจีนบุรี', '25150'),
(1344, 'ประจันตคาม', 'ประจันตคาม', 'ปราจีนบุรี', '25130'),
(1345, 'เกาะลอย', 'ประจันตคาม', 'ปราจีนบุรี', '25130'),
(1346, 'บ้านหอย', 'ประจันตคาม', 'ปราจีนบุรี', '25130'),
(1347, 'หนองแสง', 'ประจันตคาม', 'ปราจีนบุรี', '25130'),
(1348, 'ดงบัง', 'ประจันตคาม', 'ปราจีนบุรี', '25130'),
(1349, 'คำโตนด', 'ประจันตคาม', 'ปราจีนบุรี', '25130'),
(1350, 'บุฝ้าย', 'ประจันตคาม', 'ปราจีนบุรี', '25130'),
(1351, 'หนองแก้ว', 'ประจันตคาม', 'ปราจีนบุรี', '25130'),
(1352, 'โพธิ์งาม', 'ประจันตคาม', 'ปราจีนบุรี', '25130'),
(1353, 'ศรีมหาโพธิ', 'ศรีมหาโพธิ', 'ปราจีนบุรี', '25140'),
(1354, 'สัมพันธ์', 'ศรีมหาโพธิ', 'ปราจีนบุรี', '25140'),
(1355, 'บ้านทาม', 'ศรีมหาโพธิ', 'ปราจีนบุรี', '25140'),
(1356, 'ท่าตูม', 'ศรีมหาโพธิ', 'ปราจีนบุรี', '25140'),
(1357, 'บางกุ้ง', 'ศรีมหาโพธิ', 'ปราจีนบุรี', '25140'),
(1358, 'ดงกระทงยาม', 'ศรีมหาโพธิ', 'ปราจีนบุรี', '25140'),
(1359, 'หนองโพรง', 'ศรีมหาโพธิ', 'ปราจีนบุรี', '25140'),
(1360, 'หัวหว้า', 'ศรีมหาโพธิ', 'ปราจีนบุรี', '25140'),
(1361, 'หาดยาง', 'ศรีมหาโพธิ', 'ปราจีนบุรี', '25140'),
(1362, 'กรอกสมบูรณ์', 'ศรีมหาโพธิ', 'ปราจีนบุรี', '25140'),
(1363, 'โคกปีบ', 'ศรีมโหสถ', 'ปราจีนบุรี', '25190'),
(1364, 'โคกไทย', 'ศรีมโหสถ', 'ปราจีนบุรี', '25190'),
(1365, 'คู้ลำพัน', 'ศรีมโหสถ', 'ปราจีนบุรี', '25190'),
(1366, 'ไผ่ชะเลือด', 'ศรีมโหสถ', 'ปราจีนบุรี', '25190'),
(1367, 'นครนายก', 'เมืองนครนายก', 'นครนายก', '26000'),
(1368, 'ท่าช้าง', 'เมืองนครนายก', 'นครนายก', '26000'),
(1369, 'บ้านใหญ่', 'เมืองนครนายก', 'นครนายก', '26000'),
(1370, 'วังกระโจม', 'เมืองนครนายก', 'นครนายก', '26000'),
(1371, 'ท่าทราย', 'เมืองนครนายก', 'นครนายก', '26000'),
(1372, 'ดอนยอ', 'เมืองนครนายก', 'นครนายก', '26000'),
(1373, 'ศรีจุฬา', 'เมืองนครนายก', 'นครนายก', '26000'),
(1374, 'ดงละคร', 'เมืองนครนายก', 'นครนายก', '26000'),
(1375, 'ศรีนาวา', 'เมืองนครนายก', 'นครนายก', '26000'),
(1376, 'สาริกา', 'เมืองนครนายก', 'นครนายก', '26000'),
(1377, 'หินตั้ง', 'เมืองนครนายก', 'นครนายก', '26000'),
(1378, 'เขาพระ', 'เมืองนครนายก', 'นครนายก', '26000'),
(1379, 'พรหมณี', 'เมืองนครนายก', 'นครนายก', '26000'),
(1380, 'เกาะหวาย', 'ปากพลี', 'นครนายก', '26130'),
(1381, 'เกาะโพธิ์', 'ปากพลี', 'นครนายก', '26130'),
(1382, 'ปากพลี', 'ปากพลี', 'นครนายก', '26130'),
(1383, 'โคกกรวด', 'ปากพลี', 'นครนายก', '26130'),
(1384, 'ท่าเรือ', 'ปากพลี', 'นครนายก', '26130'),
(1385, 'หนองแสง', 'ปากพลี', 'นครนายก', '26130'),
(1386, 'นาหินลาด', 'ปากพลี', 'นครนายก', '26130'),
(1387, 'บ้านนา', 'บ้านนา', 'นครนายก', '26110'),
(1388, 'บ้านพร้าว', 'บ้านนา', 'นครนายก', '26110'),
(1389, 'บ้านพริก', 'บ้านนา', 'นครนายก', '26110'),
(1390, 'อาษา', 'บ้านนา', 'นครนายก', '26110'),
(1391, 'ทองหลาง', 'บ้านนา', 'นครนายก', '26110'),
(1392, 'บางอ้อ', 'บ้านนา', 'นครนายก', '26110'),
(1393, 'พิกุลออก', 'บ้านนา', 'นครนายก', '26110'),
(1394, 'ป่าขะ', 'บ้านนา', 'นครนายก', '26110'),
(1395, 'เขาเพิ่ม', 'บ้านนา', 'นครนายก', '26110'),
(1396, 'ศรีกะอาง', 'บ้านนา', 'นครนายก', '26110'),
(1397, 'พระอาจารย์', 'องครักษ์', 'นครนายก', '26120'),
(1398, 'บึงศาล', 'องครักษ์', 'นครนายก', '26120'),
(1399, 'ศีรษะกระบือ', 'องครักษ์', 'นครนายก', '26120'),
(1400, 'โพธิ์แทน', 'องครักษ์', 'นครนายก', '26120'),
(1401, 'บางสมบูรณ์', 'องครักษ์', 'นครนายก', '26120'),
(1402, 'ทรายมูล', 'องครักษ์', 'นครนายก', '26120'),
(1403, 'บางปลากด', 'องครักษ์', 'นครนายก', '26120'),
(1404, 'บางลูกเสือ', 'องครักษ์', 'นครนายก', '26120'),
(1405, 'องครักษ์', 'องครักษ์', 'นครนายก', '26120'),
(1406, 'ชุมพล', 'องครักษ์', 'นครนายก', '26120'),
(1407, 'คลองใหญ่', 'องครักษ์', 'นครนายก', '26120'),
(1408, 'สระแก้ว', 'เมืองสระแก้ว', 'สระแก้ว', '27000'),
(1409, 'บ้านแก้ง', 'เมืองสระแก้ว', 'สระแก้ว', '27000'),
(1410, 'ศาลาลำดวน', 'เมืองสระแก้ว', 'สระแก้ว', '27000'),
(1411, 'โคกปี่ฆ้อง', 'เมืองสระแก้ว', 'สระแก้ว', '27000'),
(1412, 'ท่าแยก', 'เมืองสระแก้ว', 'สระแก้ว', '27000'),
(1413, 'ท่าเกษม', 'เมืองสระแก้ว', 'สระแก้ว', '27000'),
(1414, 'สระขวัญ', 'เมืองสระแก้ว', 'สระแก้ว', '27000'),
(1415, 'หนองบอน', 'เมืองสระแก้ว', 'สระแก้ว', '27000'),
(1416, 'คลองหาด', 'คลองหาด', 'สระแก้ว', '27260'),
(1417, 'ไทยอุดม', 'คลองหาด', 'สระแก้ว', '27260'),
(1418, 'ซับมะกรูด', 'คลองหาด', 'สระแก้ว', '27260'),
(1419, 'ไทรเดี่ยว', 'คลองหาด', 'สระแก้ว', '27260'),
(1420, 'คลองไก่เถื่อน', 'คลองหาด', 'สระแก้ว', '27260'),
(1421, 'เบญจขร', 'คลองหาด', 'สระแก้ว', '27260'),
(1422, 'ไทรทอง', 'คลองหาด', 'สระแก้ว', '27260'),
(1423, 'ตาพระยา', 'ตาพระยา', 'สระแก้ว', '27180'),
(1424, 'ทัพเสด็จ', 'ตาพระยา', 'สระแก้ว', '27180'),
(1425, 'ทัพราช', 'ตาพระยา', 'สระแก้ว', '27180'),
(1426, 'ทัพไทย', 'ตาพระยา', 'สระแก้ว', '27180'),
(1427, 'โคคลาน', 'ตาพระยา', 'สระแก้ว', '27180'),
(1428, 'วังน้ำเย็น', 'วังน้ำเย็น', 'สระแก้ว', '27210'),
(1429, 'ตาหลังใน', 'วังน้ำเย็น', 'สระแก้ว', '27210'),
(1430, 'คลองหินปูน', 'วังน้ำเย็น', 'สระแก้ว', '27210'),
(1431, 'ทุ่งมหาเจริญ', 'วังน้ำเย็น', 'สระแก้ว', '27210'),
(1432, 'วัฒนานคร', 'วัฒนานคร', 'สระแก้ว', '27160'),
(1433, 'ท่าเกวียน', 'วัฒนานคร', 'สระแก้ว', '27160'),
(1434, 'ผักขะ', 'วัฒนานคร', 'สระแก้ว', '27160'),
(1435, 'โนนหมากเค็ง', 'วัฒนานคร', 'สระแก้ว', '27160'),
(1436, 'หนองน้ำใส', 'วัฒนานคร', 'สระแก้ว', '27160'),
(1437, 'ช่องกุ่ม', 'วัฒนานคร', 'สระแก้ว', '27160'),
(1438, 'หนองแวง', 'วัฒนานคร', 'สระแก้ว', '27160'),
(1439, 'แซร์ออ', 'วัฒนานคร', 'สระแก้ว', '27160'),
(1440, 'หนองหมากฝ้าย', 'วัฒนานคร', 'สระแก้ว', '27160'),
(1441, 'หนองตะเคียนบอน', 'วัฒนานคร', 'สระแก้ว', '27160'),
(1442, 'ห้วยโจด', 'วัฒนานคร', 'สระแก้ว', '27160'),
(1443, 'อรัญประเทศ', 'อรัญประเทศ', 'สระแก้ว', '27120'),
(1444, 'เมืองไผ่', 'อรัญประเทศ', 'สระแก้ว', '27120'),
(1445, 'หันทราย', 'อรัญประเทศ', 'สระแก้ว', '27120'),
(1446, 'คลองน้ำใส', 'อรัญประเทศ', 'สระแก้ว', '27120'),
(1447, 'ท่าข้าม', 'อรัญประเทศ', 'สระแก้ว', '27120'),
(1448, 'ป่าไร่', 'อรัญประเทศ', 'สระแก้ว', '27120'),
(1449, 'ทับพริก', 'อรัญประเทศ', 'สระแก้ว', '27120'),
(1450, 'บ้านใหม่หนองไทร', 'อรัญประเทศ', 'สระแก้ว', '27120'),
(1451, 'ผ่านศึก', 'อรัญประเทศ', 'สระแก้ว', '27120'),
(1452, 'หนองสังข์', 'อรัญประเทศ', 'สระแก้ว', '27120'),
(1453, 'คลองทับจันทร์', 'อรัญประเทศ', 'สระแก้ว', '27120'),
(1454, 'ฟากห้วย', 'อรัญประเทศ', 'สระแก้ว', '27120'),
(1455, 'บ้านด่าน', 'อรัญประเทศ', 'สระแก้ว', '27120'),
(1456, 'เขาฉกรรจ์', 'เขาฉกรรจ์', 'สระแก้ว', '27000'),
(1457, 'หนองหว้า', 'เขาฉกรรจ์', 'สระแก้ว', '27000'),
(1458, 'พระเพลิง', 'เขาฉกรรจ์', 'สระแก้ว', '27000'),
(1459, 'เขาสามสิบ', 'เขาฉกรรจ์', 'สระแก้ว', '27000'),
(1460, 'โคกสูง', 'โคกสูง', 'สระแก้ว', '27120'),
(1461, 'หนองม่วง', 'โคกสูง', 'สระแก้ว', '27180'),
(1462, 'หนองแวง', 'โคกสูง', 'สระแก้ว', '27180'),
(1463, 'โนนหมากมุ่น', 'โคกสูง', 'สระแก้ว', '27120'),
(1464, 'วังสมบูรณ์', 'วังสมบูรณ์', 'สระแก้ว', '27250'),
(1465, 'วังใหม่', 'วังสมบูรณ์', 'สระแก้ว', '27250'),
(1466, 'วังทอง', 'วังสมบูรณ์', 'สระแก้ว', '27250'),
(1467, 'ในเมือง', 'เมืองนครราชสีมา', 'นครราชสีมา', '30000'),
(1468, 'โพธิ์กลาง', 'เมืองนครราชสีมา', 'นครราชสีมา', '30000'),
(1469, 'หนองจะบก', 'เมืองนครราชสีมา', 'นครราชสีมา', '30000'),
(1470, 'โคกสูง', 'เมืองนครราชสีมา', 'นครราชสีมา', '30310'),
(1471, 'มะเริง', 'เมืองนครราชสีมา', 'นครราชสีมา', '30000'),
(1472, 'หนองระเวียง', 'เมืองนครราชสีมา', 'นครราชสีมา', '30000'),
(1473, 'ปรุใหญ่', 'เมืองนครราชสีมา', 'นครราชสีมา', '30000'),
(1474, 'หมื่นไวย', 'เมืองนครราชสีมา', 'นครราชสีมา', '30000'),
(1475, 'พลกรัง', 'เมืองนครราชสีมา', 'นครราชสีมา', '30000'),
(1476, 'หนองไผ่ล้อม', 'เมืองนครราชสีมา', 'นครราชสีมา', '30000'),
(1477, 'หัวทะเล', 'เมืองนครราชสีมา', 'นครราชสีมา', '30000'),
(1478, 'บ้านเกาะ', 'เมืองนครราชสีมา', 'นครราชสีมา', '30000'),
(1479, 'บ้านใหม่', 'เมืองนครราชสีมา', 'นครราชสีมา', '30000'),
(1480, 'พุดซา', 'เมืองนครราชสีมา', 'นครราชสีมา', '30000'),
(1481, 'บ้านโพธิ์', 'เมืองนครราชสีมา', 'นครราชสีมา', '30310'),
(1482, 'จอหอ', 'เมืองนครราชสีมา', 'นครราชสีมา', '30310'),
(1483, 'โคกกรวด', 'เมืองนครราชสีมา', 'นครราชสีมา', '30280'),
(1484, 'ไชยมงคล', 'เมืองนครราชสีมา', 'นครราชสีมา', '30000'),
(1485, 'หนองบัวศาลา', 'เมืองนครราชสีมา', 'นครราชสีมา', '30000'),
(1486, 'สุรนารี', 'เมืองนครราชสีมา', 'นครราชสีมา', '30000'),
(1487, 'สีมุม', 'เมืองนครราชสีมา', 'นครราชสีมา', '30000'),
(1488, 'ตลาด', 'เมืองนครราชสีมา', 'นครราชสีมา', '30310'),
(1489, 'พะเนา', 'เมืองนครราชสีมา', 'นครราชสีมา', '30000'),
(1490, 'หนองกระทุ่ม', 'เมืองนครราชสีมา', 'นครราชสีมา', '30000'),
(1491, 'หนองไข่น้ำ', 'เมืองนครราชสีมา', 'นครราชสีมา', '30310'),
(1492, 'แชะ', 'ครบุรี', 'นครราชสีมา', '30250'),
(1493, 'เฉลียง', 'ครบุรี', 'นครราชสีมา', '30250'),
(1494, 'ครบุรี', 'ครบุรี', 'นครราชสีมา', '30250'),
(1495, 'โคกกระชาย', 'ครบุรี', 'นครราชสีมา', '30250'),
(1496, 'จระเข้หิน', 'ครบุรี', 'นครราชสีมา', '30250'),
(1497, 'มาบตะโกเอน', 'ครบุรี', 'นครราชสีมา', '30250'),
(1498, 'อรพิมพ์', 'ครบุรี', 'นครราชสีมา', '30250'),
(1499, 'บ้านใหม่', 'ครบุรี', 'นครราชสีมา', '30250'),
(1500, 'ลำเพียก', 'ครบุรี', 'นครราชสีมา', '30250'),
(1501, 'ครบุรีใต้', 'ครบุรี', 'นครราชสีมา', '30250'),
(1502, 'ตะแบกบาน', 'ครบุรี', 'นครราชสีมา', '30250'),
(1503, 'สระว่านพระยา', 'ครบุรี', 'นครราชสีมา', '30250'),
(1504, 'เสิงสาง', 'เสิงสาง', 'นครราชสีมา', '30330'),
(1505, 'สระตะเคียน', 'เสิงสาง', 'นครราชสีมา', '30330'),
(1506, 'โนนสมบูรณ์', 'เสิงสาง', 'นครราชสีมา', '30330'),
(1507, 'กุดโบสถ์', 'เสิงสาง', 'นครราชสีมา', '30330'),
(1508, 'สุขไพบูลย์', 'เสิงสาง', 'นครราชสีมา', '30330'),
(1509, 'บ้านราษฎร์', 'เสิงสาง', 'นครราชสีมา', '30330'),
(1510, 'เมืองคง', 'คง', 'นครราชสีมา', '30260'),
(1511, 'คูขาด', 'คง', 'นครราชสีมา', '30260'),
(1512, 'เทพาลัย', 'คง', 'นครราชสีมา', '30260'),
(1513, 'ตาจั่น', 'คง', 'นครราชสีมา', '30260'),
(1514, 'บ้านปรางค์', 'คง', 'นครราชสีมา', '30260'),
(1515, 'หนองมะนาว', 'คง', 'นครราชสีมา', '30260'),
(1516, 'หนองบัว', 'คง', 'นครราชสีมา', '30260'),
(1517, 'โนนเต็ง', 'คง', 'นครราชสีมา', '30260'),
(1518, 'ดอนใหญ่', 'คง', 'นครราชสีมา', '30260'),
(1519, 'ขามสมบูรณ์', 'คง', 'นครราชสีมา', '30260'),
(1520, 'บ้านเหลื่อม', 'บ้านเหลื่อม', 'นครราชสีมา', '30350'),
(1521, 'วังโพธิ์', 'บ้านเหลื่อม', 'นครราชสีมา', '30350'),
(1522, 'โคกกระเบื้อง', 'บ้านเหลื่อม', 'นครราชสีมา', '30350'),
(1523, 'ช่อระกา', 'บ้านเหลื่อม', 'นครราชสีมา', '30350'),
(1524, 'จักราช', 'จักราช', 'นครราชสีมา', '30230'),
(1525, 'ทองหลาง', 'จักราช', 'นครราชสีมา', '30230'),
(1526, 'สีสุก', 'จักราช', 'นครราชสีมา', '30230'),
(1527, 'หนองขาม', 'จักราช', 'นครราชสีมา', '30230'),
(1528, 'หนองพลวง', 'จักราช', 'นครราชสีมา', '30230'),
(1529, 'ศรีละกอ', 'จักราช', 'นครราชสีมา', '30230'),
(1530, 'คลองเมือง', 'จักราช', 'นครราชสีมา', '30230'),
(1531, 'หินโคน', 'จักราช', 'นครราชสีมา', '30230'),
(1532, 'กระโทก', 'โชคชัย', 'นครราชสีมา', '30190'),
(1533, 'พลับพลา', 'โชคชัย', 'นครราชสีมา', '30190'),
(1534, 'ท่าอ่าง', 'โชคชัย', 'นครราชสีมา', '30190'),
(1535, 'ทุ่งอรุณ', 'โชคชัย', 'นครราชสีมา', '30190'),
(1536, 'ท่าลาดขาว', 'โชคชัย', 'นครราชสีมา', '30190'),
(1537, 'ท่าจะหลุง', 'โชคชัย', 'นครราชสีมา', '30190'),
(1538, 'ท่าเยี่ยม', 'โชคชัย', 'นครราชสีมา', '30190'),
(1539, 'โชคชัย', 'โชคชัย', 'นครราชสีมา', '30190'),
(1540, 'ละลมใหม่พัฒนา', 'โชคชัย', 'นครราชสีมา', '30190'),
(1541, 'ด่านเกวียน', 'โชคชัย', 'นครราชสีมา', '30190'),
(1542, 'กุดพิมาน', 'ด่านขุนทด', 'นครราชสีมา', '30210'),
(1543, 'ด่านขุนทด', 'ด่านขุนทด', 'นครราชสีมา', '30210'),
(1544, 'ด่านนอก', 'ด่านขุนทด', 'นครราชสีมา', '30210'),
(1545, 'ด่านใน', 'ด่านขุนทด', 'นครราชสีมา', '30210'),
(1546, 'ตะเคียน', 'ด่านขุนทด', 'นครราชสีมา', '30210'),
(1547, 'บ้านเก่า', 'ด่านขุนทด', 'นครราชสีมา', '30210'),
(1548, 'บ้านแปรง', 'ด่านขุนทด', 'นครราชสีมา', '36220'),
(1549, 'พันชนะ', 'ด่านขุนทด', 'นครราชสีมา', '30210'),
(1550, 'สระจรเข้', 'ด่านขุนทด', 'นครราชสีมา', '30210'),
(1551, 'หนองกราด', 'ด่านขุนทด', 'นครราชสีมา', '30210'),
(1552, 'หนองบัวตะเกียด', 'ด่านขุนทด', 'นครราชสีมา', '30210'),
(1553, 'หนองบัวละคร', 'ด่านขุนทด', 'นครราชสีมา', '30210'),
(1554, 'หินดาด', 'ด่านขุนทด', 'นครราชสีมา', '30210'),
(1555, 'ห้วยบง', 'ด่านขุนทด', 'นครราชสีมา', '30210'),
(1556, 'โนนเมืองพัฒนา', 'ด่านขุนทด', 'นครราชสีมา', '30210'),
(1557, 'หนองไทร', 'ด่านขุนทด', 'นครราชสีมา', '36220'),
(1558, 'โนนไทย', 'โนนไทย', 'นครราชสีมา', '30220'),
(1559, 'ด่านจาก', 'โนนไทย', 'นครราชสีมา', '30220'),
(1560, 'กำปัง', 'โนนไทย', 'นครราชสีมา', '30220'),
(1561, 'สำโรง', 'โนนไทย', 'นครราชสีมา', '30220'),
(1562, 'ค้างพลู', 'โนนไทย', 'นครราชสีมา', '30220'),
(1563, 'บ้านวัง', 'โนนไทย', 'นครราชสีมา', '30220'),
(1564, 'บัลลังก์', 'โนนไทย', 'นครราชสีมา', '30220'),
(1565, 'สายออ', 'โนนไทย', 'นครราชสีมา', '30220'),
(1566, 'ถนนโพธิ์', 'โนนไทย', 'นครราชสีมา', '30220'),
(1567, 'มะค่า', 'โนนไทย', 'นครราชสีมา', '30220'),
(1568, 'โนนสูง', 'โนนสูง', 'นครราชสีมา', '30160'),
(1569, 'ใหม่', 'โนนสูง', 'นครราชสีมา', '30160'),
(1570, 'โตนด', 'โนนสูง', 'นครราชสีมา', '30160'),
(1571, 'บิง', 'โนนสูง', 'นครราชสีมา', '30160'),
(1572, 'ดอนชมพู', 'โนนสูง', 'นครราชสีมา', '30160'),
(1573, 'ธารปราสาท', 'โนนสูง', 'นครราชสีมา', '30420'),
(1574, 'หลุมข้าว', 'โนนสูง', 'นครราชสีมา', '30160'),
(1575, 'มะค่า', 'โนนสูง', 'นครราชสีมา', '30160'),
(1576, 'พลสงคราม', 'โนนสูง', 'นครราชสีมา', '30160'),
(1577, 'จันอัด', 'โนนสูง', 'นครราชสีมา', '30160'),
(1578, 'ขามเฒ่า', 'โนนสูง', 'นครราชสีมา', '30160'),
(1579, 'ด่านคล้า', 'โนนสูง', 'นครราชสีมา', '30160'),
(1580, 'ลำคอหงษ์', 'โนนสูง', 'นครราชสีมา', '30160'),
(1581, 'เมืองปราสาท', 'โนนสูง', 'นครราชสีมา', '30160'),
(1582, 'ดอนหวาย', 'โนนสูง', 'นครราชสีมา', '30160'),
(1583, 'ลำมูล', 'โนนสูง', 'นครราชสีมา', '30160'),
(1584, 'ขามสะแกแสง', 'ขามสะแกแสง', 'นครราชสีมา', '30290'),
(1585, 'โนนเมือง', 'ขามสะแกแสง', 'นครราชสีมา', '30290'),
(1586, 'เมืองนาท', 'ขามสะแกแสง', 'นครราชสีมา', '30290'),
(1587, 'ชีวึก', 'ขามสะแกแสง', 'นครราชสีมา', '30290'),
(1588, 'พะงาด', 'ขามสะแกแสง', 'นครราชสีมา', '30290'),
(1589, 'หนองหัวฟาน', 'ขามสะแกแสง', 'นครราชสีมา', '30290'),
(1590, 'เมืองเกษตร', 'ขามสะแกแสง', 'นครราชสีมา', '30290'),
(1591, 'บัวใหญ่', 'บัวใหญ่', 'นครราชสีมา', '30120'),
(1592, 'ห้วยยาง', 'บัวใหญ่', 'นครราชสีมา', '30120'),
(1593, 'เสมาใหญ่', 'บัวใหญ่', 'นครราชสีมา', '30120'),
(1594, 'ดอนตะหนิน', 'บัวใหญ่', 'นครราชสีมา', '30120'),
(1595, 'หนองบัวสะอาด', 'บัวใหญ่', 'นครราชสีมา', '30120'),
(1596, 'โนนทองหลาง', 'บัวใหญ่', 'นครราชสีมา', '30120'),
(1597, 'กุดจอก', 'บัวใหญ่', 'นครราชสีมา', '30120'),
(1598, 'ด่านช้าง', 'บัวใหญ่', 'นครราชสีมา', '30120'),
(1599, 'ขุนทอง', 'บัวใหญ่', 'นครราชสีมา', '30120'),
(1600, 'หนองแจ้งใหญ่', 'บัวใหญ่', 'นครราชสีมา', '30120'),
(1601, 'ประทาย', 'ประทาย', 'นครราชสีมา', '30180'),
(1602, 'กระทุ่มราย', 'ประทาย', 'นครราชสีมา', '30180'),
(1603, 'วังไม้แดง', 'ประทาย', 'นครราชสีมา', '30180'),
(1604, 'ตลาดไทร', 'ประทาย', 'นครราชสีมา', '30180'),
(1605, 'หนองพลวง', 'ประทาย', 'นครราชสีมา', '30180'),
(1606, 'หนองค่าย', 'ประทาย', 'นครราชสีมา', '30180'),
(1607, 'หันห้วยทราย', 'ประทาย', 'นครราชสีมา', '30180'),
(1608, 'ดอนมัน', 'ประทาย', 'นครราชสีมา', '30180'),
(1609, 'นางรำ', 'ประทาย', 'นครราชสีมา', '30180'),
(1610, 'โนนเพ็ด', 'ประทาย', 'นครราชสีมา', '30180'),
(1611, 'ทุ่งสว่าง', 'ประทาย', 'นครราชสีมา', '30180'),
(1612, 'โคกกลาง', 'ประทาย', 'นครราชสีมา', '30180'),
(1613, 'เมืองโดน', 'ประทาย', 'นครราชสีมา', '30180'),
(1614, 'เมืองปัก', 'ปักธงชัย', 'นครราชสีมา', '30150'),
(1615, 'ตะคุ', 'ปักธงชัย', 'นครราชสีมา', '30150'),
(1616, 'โคกไทย', 'ปักธงชัย', 'นครราชสีมา', '30150'),
(1617, 'สำโรง', 'ปักธงชัย', 'นครราชสีมา', '30150'),
(1618, 'ตะขบ', 'ปักธงชัย', 'นครราชสีมา', '30150'),
(1619, 'นกออก', 'ปักธงชัย', 'นครราชสีมา', '30150'),
(1620, 'ดอน', 'ปักธงชัย', 'นครราชสีมา', '30150'),
(1621, 'ตูม', 'ปักธงชัย', 'นครราชสีมา', '30150'),
(1622, 'งิ้ว', 'ปักธงชัย', 'นครราชสีมา', '30150'),
(1623, 'สะแกราช', 'ปักธงชัย', 'นครราชสีมา', '30150'),
(1624, 'ลำนางแก้ว', 'ปักธงชัย', 'นครราชสีมา', '30150'),
(1625, 'ภูหลวง', 'ปักธงชัย', 'นครราชสีมา', '30150'),
(1626, 'ธงชัยเหนือ', 'ปักธงชัย', 'นครราชสีมา', '30150'),
(1627, 'สุขเกษม', 'ปักธงชัย', 'นครราชสีมา', '30150'),
(1628, 'เกษมทรัพย์', 'ปักธงชัย', 'นครราชสีมา', '30150'),
(1629, 'บ่อปลาทอง', 'ปักธงชัย', 'นครราชสีมา', '30150'),
(1630, 'ในเมือง', 'พิมาย', 'นครราชสีมา', '30110'),
(1631, 'สัมฤทธิ์', 'พิมาย', 'นครราชสีมา', '30110'),
(1632, 'โบสถ์', 'พิมาย', 'นครราชสีมา', '30110'),
(1633, 'กระเบื้องใหญ่', 'พิมาย', 'นครราชสีมา', '30110'),
(1634, 'ท่าหลวง', 'พิมาย', 'นครราชสีมา', '30110'),
(1635, 'รังกาใหญ่', 'พิมาย', 'นครราชสีมา', '30110'),
(1636, 'ชีวาน', 'พิมาย', 'นครราชสีมา', '30110'),
(1637, 'นิคมสร้างตนเอง', 'พิมาย', 'นครราชสีมา', '30110'),
(1638, 'กระชอน', 'พิมาย', 'นครราชสีมา', '30110'),
(1639, 'ดงใหญ่', 'พิมาย', 'นครราชสีมา', '30110'),
(1640, 'ธารละหลอด', 'พิมาย', 'นครราชสีมา', '30110'),
(1641, 'หนองระเวียง', 'พิมาย', 'นครราชสีมา', '30110'),
(1642, 'ห้วยแถลง', 'ห้วยแถลง', 'นครราชสีมา', '30240'),
(1643, 'ทับสวาย', 'ห้วยแถลง', 'นครราชสีมา', '30240'),
(1644, 'เมืองพลับพลา', 'ห้วยแถลง', 'นครราชสีมา', '30240'),
(1645, 'หลุ่งตะเคียน', 'ห้วยแถลง', 'นครราชสีมา', '30240'),
(1646, 'หินดาด', 'ห้วยแถลง', 'นครราชสีมา', '30240'),
(1647, 'งิ้ว', 'ห้วยแถลง', 'นครราชสีมา', '30240'),
(1648, 'กงรถ', 'ห้วยแถลง', 'นครราชสีมา', '30240'),
(1649, 'หลุ่งประดู่', 'ห้วยแถลง', 'นครราชสีมา', '30240'),
(1650, 'ตะโก', 'ห้วยแถลง', 'นครราชสีมา', '30240'),
(1651, 'ห้วยแคน', 'ห้วยแถลง', 'นครราชสีมา', '30240'),
(1652, 'ชุมพวง', 'ชุมพวง', 'นครราชสีมา', '30270'),
(1653, 'ประสุข', 'ชุมพวง', 'นครราชสีมา', '30270'),
(1654, 'ท่าลาด', 'ชุมพวง', 'นครราชสีมา', '30270'),
(1655, 'สาหร่าย', 'ชุมพวง', 'นครราชสีมา', '30270'),
(1656, 'ตลาดไทร', 'ชุมพวง', 'นครราชสีมา', '30270'),
(1657, 'โนนรัง', 'ชุมพวง', 'นครราชสีมา', '30270'),
(1658, 'หนองหลัก', 'ชุมพวง', 'นครราชสีมา', '30270'),
(1659, 'โนนตูม', 'ชุมพวง', 'นครราชสีมา', '30270'),
(1660, 'โนนยอ', 'ชุมพวง', 'นครราชสีมา', '30270'),
(1661, 'สูงเนิน', 'สูงเนิน', 'นครราชสีมา', '30170'),
(1662, 'เสมา', 'สูงเนิน', 'นครราชสีมา', '30170'),
(1663, 'โคราช', 'สูงเนิน', 'นครราชสีมา', '30170'),
(1664, 'บุ่งขี้เหล็ก', 'สูงเนิน', 'นครราชสีมา', '30170'),
(1665, 'โนนค่า', 'สูงเนิน', 'นครราชสีมา', '30170'),
(1666, 'โค้งยาง', 'สูงเนิน', 'นครราชสีมา', '30170'),
(1667, 'มะเกลือเก่า', 'สูงเนิน', 'นครราชสีมา', '30170'),
(1668, 'มะเกลือใหม่', 'สูงเนิน', 'นครราชสีมา', '30170'),
(1669, 'นากลาง', 'สูงเนิน', 'นครราชสีมา', '30380'),
(1670, 'หนองตะไก้', 'สูงเนิน', 'นครราชสีมา', '30380'),
(1671, 'กุดจิก', 'สูงเนิน', 'นครราชสีมา', '30380'),
(1672, 'ขามทะเลสอ', 'ขามทะเลสอ', 'นครราชสีมา', '30280'),
(1673, 'โป่งแดง', 'ขามทะเลสอ', 'นครราชสีมา', '30280'),
(1674, 'พันดุง', 'ขามทะเลสอ', 'นครราชสีมา', '30280'),
(1675, 'หนองสรวง', 'ขามทะเลสอ', 'นครราชสีมา', '30280'),
(1676, 'บึงอ้อ', 'ขามทะเลสอ', 'นครราชสีมา', '30280'),
(1677, 'สีคิ้ว', 'สีคิ้ว', 'นครราชสีมา', '30140'),
(1678, 'บ้านหัน', 'สีคิ้ว', 'นครราชสีมา', '30140'),
(1679, 'กฤษณา', 'สีคิ้ว', 'นครราชสีมา', '30140'),
(1680, 'ลาดบัวขาว', 'สีคิ้ว', 'นครราชสีมา', '30340'),
(1681, 'หนองหญ้าขาว', 'สีคิ้ว', 'นครราชสีมา', '30140'),
(1682, 'กุดน้อย', 'สีคิ้ว', 'นครราชสีมา', '30140'),
(1683, 'หนองน้ำใส', 'สีคิ้ว', 'นครราชสีมา', '30140'),
(1684, 'วังโรงใหญ่', 'สีคิ้ว', 'นครราชสีมา', '30140'),
(1685, 'มิตรภาพ', 'สีคิ้ว', 'นครราชสีมา', '30140'),
(1686, 'คลองไผ่', 'สีคิ้ว', 'นครราชสีมา', '30340'),
(1687, 'ดอนเมือง', 'สีคิ้ว', 'นครราชสีมา', '30140'),
(1688, 'หนองบัวน้อย', 'สีคิ้ว', 'นครราชสีมา', '30140'),
(1689, 'ปากช่อง', 'ปากช่อง', 'นครราชสีมา', '30130'),
(1690, 'กลางดง', 'ปากช่อง', 'นครราชสีมา', '30320'),
(1691, 'จันทึก', 'ปากช่อง', 'นครราชสีมา', '30130'),
(1692, 'วังกะทะ', 'ปากช่อง', 'นครราชสีมา', '30130'),
(1693, 'หมูสี', 'ปากช่อง', 'นครราชสีมา', '30130'),
(1694, 'หนองสาหร่าย', 'ปากช่อง', 'นครราชสีมา', '30130'),
(1695, 'ขนงพระ', 'ปากช่อง', 'นครราชสีมา', '30130'),
(1696, 'โป่งตาลอง', 'ปากช่อง', 'นครราชสีมา', '30130'),
(1697, 'คลองม่วง', 'ปากช่อง', 'นครราชสีมา', '30130'),
(1698, 'หนองน้ำแดง', 'ปากช่อง', 'นครราชสีมา', '30130'),
(1699, 'วังไทร', 'ปากช่อง', 'นครราชสีมา', '30130'),
(1700, 'พญาเย็น', 'ปากช่อง', 'นครราชสีมา', '30320'),
(1701, 'หนองบุนนาก', 'หนองบุญมาก', 'นครราชสีมา', '30410'),
(1702, 'สารภี', 'หนองบุญมาก', 'นครราชสีมา', '30410'),
(1703, 'ไทยเจริญ', 'หนองบุญมาก', 'นครราชสีมา', '30410'),
(1704, 'หนองหัวแรต', 'หนองบุญมาก', 'นครราชสีมา', '30410'),
(1705, 'แหลมทอง', 'หนองบุญมาก', 'นครราชสีมา', '30410'),
(1706, 'หนองตะไก้', 'หนองบุญมาก', 'นครราชสีมา', '30410'),
(1707, 'ลุงเขว้า', 'หนองบุญมาก', 'นครราชสีมา', '30410'),
(1708, 'หนองไม้ไผ่', 'หนองบุญมาก', 'นครราชสีมา', '30410'),
(1709, 'บ้านใหม่', 'หนองบุญมาก', 'นครราชสีมา', '30410'),
(1710, 'แก้งสนามนาง', 'แก้งสนามนาง', 'นครราชสีมา', '30440'),
(1711, 'โนนสำราญ', 'แก้งสนามนาง', 'นครราชสีมา', '30440'),
(1712, 'บึงพะไล', 'แก้งสนามนาง', 'นครราชสีมา', '30440'),
(1713, 'สีสุก', 'แก้งสนามนาง', 'นครราชสีมา', '30440'),
(1714, 'บึงสำโรง', 'แก้งสนามนาง', 'นครราชสีมา', '30440'),
(1715, 'โนนแดง', 'โนนแดง', 'นครราชสีมา', '30360'),
(1716, 'โนนตาเถร', 'โนนแดง', 'นครราชสีมา', '30360'),
(1717, 'สำพะเนียง', 'โนนแดง', 'นครราชสีมา', '30360'),
(1718, 'วังหิน', 'โนนแดง', 'นครราชสีมา', '30360'),
(1719, 'ดอนยาวใหญ่', 'โนนแดง', 'นครราชสีมา', '30360'),
(1720, 'วังน้ำเขียว', 'วังน้ำเขียว', 'นครราชสีมา', '30370'),
(1721, 'วังหมี', 'วังน้ำเขียว', 'นครราชสีมา', '30370'),
(1722, 'ระเริง', 'วังน้ำเขียว', 'นครราชสีมา', '30150'),
(1723, 'อุดมทรัพย์', 'วังน้ำเขียว', 'นครราชสีมา', '30370'),
(1724, 'ไทยสามัคคี', 'วังน้ำเขียว', 'นครราชสีมา', '30370'),
(1725, 'สำนักตะคร้อ', 'เทพารักษ์', 'นครราชสีมา', '30210'),
(1726, 'หนองแวง', 'เทพารักษ์', 'นครราชสีมา', '30210'),
(1727, 'บึงปรือ', 'เทพารักษ์', 'นครราชสีมา', '30210'),
(1728, 'วังยายทอง', 'เทพารักษ์', 'นครราชสีมา', '30210'),
(1729, 'เมืองยาง', 'เมืองยาง', 'นครราชสีมา', '30270'),
(1730, 'กระเบื้องนอก', 'เมืองยาง', 'นครราชสีมา', '30270'),
(1731, 'ละหานปลาค้าว', 'เมืองยาง', 'นครราชสีมา', '30270'),
(1732, 'โนนอุดม', 'เมืองยาง', 'นครราชสีมา', '30270'),
(1733, 'สระพระ', 'พระทองคำ', 'นครราชสีมา', '30220'),
(1734, 'มาบกราด', 'พระทองคำ', 'นครราชสีมา', '30220'),
(1735, 'พังเทียม', 'พระทองคำ', 'นครราชสีมา', '30220'),
(1736, 'ทัพรั้ง', 'พระทองคำ', 'นครราชสีมา', '30220'),
(1737, 'หนองหอย', 'พระทองคำ', 'นครราชสีมา', '30220'),
(1738, 'ขุย', 'ลำทะเมนชัย', 'นครราชสีมา', '30270'),
(1739, 'บ้านยาง', 'ลำทะเมนชัย', 'นครราชสีมา', '30270'),
(1740, 'ช่องแมว', 'ลำทะเมนชัย', 'นครราชสีมา', '30270'),
(1741, 'ไพล', 'ลำทะเมนชัย', 'นครราชสีมา', '30270'),
(1742, 'เมืองพะไล', 'บัวลาย', 'นครราชสีมา', '30120'),
(1743, 'โนนจาน', 'บัวลาย', 'นครราชสีมา', '30120'),
(1744, 'บัวลาย', 'บัวลาย', 'นครราชสีมา', '30120'),
(1745, 'หนองหว้า', 'บัวลาย', 'นครราชสีมา', '30120'),
(1746, 'สีดา', 'สีดา', 'นครราชสีมา', '30430'),
(1747, 'โพนทอง', 'สีดา', 'นครราชสีมา', '30430'),
(1748, 'โนนประดู่', 'สีดา', 'นครราชสีมา', '30430'),
(1749, 'สามเมือง', 'สีดา', 'นครราชสีมา', '30430'),
(1750, 'หนองตาดใหญ่', 'สีดา', 'นครราชสีมา', '30430'),
(1751, 'ช้างทอง', 'เฉลิมพระเกียรติ', 'นครราชสีมา', '30230'),
(1752, 'ท่าช้าง', 'เฉลิมพระเกียรติ', 'นครราชสีมา', '30230'),
(1753, 'พระพุทธ', 'เฉลิมพระเกียรติ', 'นครราชสีมา', '30230'),
(1754, 'หนองงูเหลือม', 'เฉลิมพระเกียรติ', 'นครราชสีมา', '30000'),
(1755, 'หนองยาง', 'เฉลิมพระเกียรติ', 'นครราชสีมา', '30230'),
(1756, 'ในเมือง', 'เมืองบุรีรัมย์', 'บุรีรัมย์', '31000'),
(1757, 'อิสาณ', 'เมืองบุรีรัมย์', 'บุรีรัมย์', '31000'),
(1758, 'เสม็ด', 'เมืองบุรีรัมย์', 'บุรีรัมย์', '31000'),
(1759, 'บ้านบัว', 'เมืองบุรีรัมย์', 'บุรีรัมย์', '31000'),
(1760, 'สะแกโพรง', 'เมืองบุรีรัมย์', 'บุรีรัมย์', '31000'),
(1761, 'สวายจีก', 'เมืองบุรีรัมย์', 'บุรีรัมย์', '31000'),
(1762, 'บ้านยาง', 'เมืองบุรีรัมย์', 'บุรีรัมย์', '31000'),
(1763, 'พระครู', 'เมืองบุรีรัมย์', 'บุรีรัมย์', '31000'),
(1764, 'ถลุงเหล็ก', 'เมืองบุรีรัมย์', 'บุรีรัมย์', '31000'),
(1765, 'หนองตาด', 'เมืองบุรีรัมย์', 'บุรีรัมย์', '31000'),
(1766, 'ลุมปุ๊ก', 'เมืองบุรีรัมย์', 'บุรีรัมย์', '31000'),
(1767, 'สองห้อง', 'เมืองบุรีรัมย์', 'บุรีรัมย์', '31000'),
(1768, 'บัวทอง', 'เมืองบุรีรัมย์', 'บุรีรัมย์', '31000'),
(1769, 'ชุมเห็ด', 'เมืองบุรีรัมย์', 'บุรีรัมย์', '31000'),
(1770, 'หลักเขต', 'เมืองบุรีรัมย์', 'บุรีรัมย์', '31000'),
(1771, 'สะแกซำ', 'เมืองบุรีรัมย์', 'บุรีรัมย์', '31000'),
(1772, 'กลันทา', 'เมืองบุรีรัมย์', 'บุรีรัมย์', '31000'),
(1773, 'กระสัง', 'เมืองบุรีรัมย์', 'บุรีรัมย์', '31000'),
(1774, 'เมืองฝาง', 'เมืองบุรีรัมย์', 'บุรีรัมย์', '31000'),
(1775, 'คูเมือง', 'คูเมือง', 'บุรีรัมย์', '31190'),
(1776, 'ปะเคียบ', 'คูเมือง', 'บุรีรัมย์', '31190'),
(1777, 'บ้านแพ', 'คูเมือง', 'บุรีรัมย์', '31190'),
(1778, 'พรสำราญ', 'คูเมือง', 'บุรีรัมย์', '31190'),
(1779, 'หินเหล็กไฟ', 'คูเมือง', 'บุรีรัมย์', '31190'),
(1780, 'ตูมใหญ่', 'คูเมือง', 'บุรีรัมย์', '31190'),
(1781, 'หนองขมาร', 'คูเมือง', 'บุรีรัมย์', '31190'),
(1782, 'กระสัง', 'กระสัง', 'บุรีรัมย์', '31160'),
(1783, 'ลำดวน', 'กระสัง', 'บุรีรัมย์', '31160'),
(1784, 'สองชั้น', 'กระสัง', 'บุรีรัมย์', '31160'),
(1785, 'สูงเนิน', 'กระสัง', 'บุรีรัมย์', '31160'),
(1786, 'หนองเต็ง', 'กระสัง', 'บุรีรัมย์', '31160'),
(1787, 'เมืองไผ่', 'กระสัง', 'บุรีรัมย์', '31160'),
(1788, 'ชุมแสง', 'กระสัง', 'บุรีรัมย์', '31160'),
(1789, 'บ้านปรือ', 'กระสัง', 'บุรีรัมย์', '31160'),
(1790, 'ห้วยสำราญ', 'กระสัง', 'บุรีรัมย์', '31160'),
(1791, 'กันทรารมย์', 'กระสัง', 'บุรีรัมย์', '31160'),
(1792, 'ศรีภูมิ', 'กระสัง', 'บุรีรัมย์', '31160'),
(1793, 'นางรอง', 'นางรอง', 'บุรีรัมย์', '31110'),
(1794, 'สะเดา', 'นางรอง', 'บุรีรัมย์', '31110'),
(1795, 'ชุมแสง', 'นางรอง', 'บุรีรัมย์', '31110'),
(1796, 'หนองโบสถ์', 'นางรอง', 'บุรีรัมย์', '31110'),
(1797, 'หนองกง', 'นางรอง', 'บุรีรัมย์', '31110'),
(1798, 'ถนนหัก', 'นางรอง', 'บุรีรัมย์', '31110'),
(1799, 'หนองไทร', 'นางรอง', 'บุรีรัมย์', '31110'),
(1800, 'ก้านเหลือง', 'นางรอง', 'บุรีรัมย์', '31110'),
(1801, 'บ้านสิงห์', 'นางรอง', 'บุรีรัมย์', '31110'),
(1802, 'ลำไทรโยง', 'นางรอง', 'บุรีรัมย์', '31110'),
(1803, 'ทรัพย์พระยา', 'นางรอง', 'บุรีรัมย์', '31110'),
(1804, 'หนองยายพิมพ์', 'นางรอง', 'บุรีรัมย์', '31110'),
(1805, 'หัวถนน', 'นางรอง', 'บุรีรัมย์', '31110'),
(1806, 'ทุ่งแสงทอง', 'นางรอง', 'บุรีรัมย์', '31110'),
(1807, 'หนองโสน', 'นางรอง', 'บุรีรัมย์', '31110'),
(1808, 'หนองกี่', 'หนองกี่', 'บุรีรัมย์', '31210'),
(1809, 'เย้ยปราสาท', 'หนองกี่', 'บุรีรัมย์', '31210'),
(1810, 'เมืองไผ่', 'หนองกี่', 'บุรีรัมย์', '31210'),
(1811, 'ดอนอะราง', 'หนองกี่', 'บุรีรัมย์', '31210'),
(1812, 'โคกสว่าง', 'หนองกี่', 'บุรีรัมย์', '31210'),
(1813, 'ทุ่งกระตาดพัฒนา', 'หนองกี่', 'บุรีรัมย์', '31210'),
(1814, 'ทุ่งกระเต็น', 'หนองกี่', 'บุรีรัมย์', '31210'),
(1815, 'ท่าโพธิ์ชัย', 'หนองกี่', 'บุรีรัมย์', '31210'),
(1816, 'โคกสูง', 'หนองกี่', 'บุรีรัมย์', '31210'),
(1817, 'บุกระสัง', 'หนองกี่', 'บุรีรัมย์', '31210'),
(1818, 'ละหานทราย', 'ละหานทราย', 'บุรีรัมย์', '31170'),
(1819, 'ตาจง', 'ละหานทราย', 'บุรีรัมย์', '31170'),
(1820, 'สำโรงใหม่', 'ละหานทราย', 'บุรีรัมย์', '31170'),
(1821, 'หนองแวง', 'ละหานทราย', 'บุรีรัมย์', '31170'),
(1822, 'หนองตะครอง', 'ละหานทราย', 'บุรีรัมย์', '31170'),
(1823, 'โคกว่าน', 'ละหานทราย', 'บุรีรัมย์', '31170'),
(1824, 'ประโคนชัย', 'ประโคนชัย', 'บุรีรัมย์', '31140'),
(1825, 'แสลงโทน', 'ประโคนชัย', 'บุรีรัมย์', '31140'),
(1826, 'บ้านไทร', 'ประโคนชัย', 'บุรีรัมย์', '31140'),
(1827, 'ละเวี้ย', 'ประโคนชัย', 'บุรีรัมย์', '31140'),
(1828, 'จรเข้มาก', 'ประโคนชัย', 'บุรีรัมย์', '31140'),
(1829, 'ปังกู', 'ประโคนชัย', 'บุรีรัมย์', '31140'),
(1830, 'โคกย่าง', 'ประโคนชัย', 'บุรีรัมย์', '31140'),
(1831, 'โคกม้า', 'ประโคนชัย', 'บุรีรัมย์', '31140'),
(1832, 'ไพศาล', 'ประโคนชัย', 'บุรีรัมย์', '31140'),
(1833, 'ตะโกตาพิ', 'ประโคนชัย', 'บุรีรัมย์', '31140'),
(1834, 'เขาคอก', 'ประโคนชัย', 'บุรีรัมย์', '31140'),
(1835, 'หนองบอน', 'ประโคนชัย', 'บุรีรัมย์', '31140'),
(1836, 'โคกมะขาม', 'ประโคนชัย', 'บุรีรัมย์', '31140'),
(1837, 'โคกตูม', 'ประโคนชัย', 'บุรีรัมย์', '31140'),
(1838, 'ประทัดบุ', 'ประโคนชัย', 'บุรีรัมย์', '31140'),
(1839, 'สี่เหลี่ยม', 'ประโคนชัย', 'บุรีรัมย์', '31140'),
(1840, 'บ้านกรวด', 'บ้านกรวด', 'บุรีรัมย์', '31180'),
(1841, 'โนนเจริญ', 'บ้านกรวด', 'บุรีรัมย์', '31180'),
(1842, 'หนองไม้งาม', 'บ้านกรวด', 'บุรีรัมย์', '31180'),
(1843, 'ปราสาท', 'บ้านกรวด', 'บุรีรัมย์', '31180'),
(1844, 'สายตะกู', 'บ้านกรวด', 'บุรีรัมย์', '31180'),
(1845, 'หินลาด', 'บ้านกรวด', 'บุรีรัมย์', '31180'),
(1846, 'บึงเจริญ', 'บ้านกรวด', 'บุรีรัมย์', '31180'),
(1847, 'จันทบเพชร', 'บ้านกรวด', 'บุรีรัมย์', '31180'),
(1848, 'เขาดินเหนือ', 'บ้านกรวด', 'บุรีรัมย์', '31180'),
(1849, 'พุทไธสง', 'พุทไธสง', 'บุรีรัมย์', '31120'),
(1850, 'มะเฟือง', 'พุทไธสง', 'บุรีรัมย์', '31120'),
(1851, 'บ้านจาน', 'พุทไธสง', 'บุรีรัมย์', '31120'),
(1852, 'บ้านเป้า', 'พุทไธสง', 'บุรีรัมย์', '31120'),
(1853, 'บ้านแวง', 'พุทไธสง', 'บุรีรัมย์', '31120'),
(1854, 'บ้านยาง', 'พุทไธสง', 'บุรีรัมย์', '31120'),
(1855, 'หายโศก', 'พุทไธสง', 'บุรีรัมย์', '31120'),
(1856, 'ลำปลายมาศ', 'ลำปลายมาศ', 'บุรีรัมย์', '31130'),
(1857, 'หนองคู', 'ลำปลายมาศ', 'บุรีรัมย์', '31130'),
(1858, 'แสลงพัน', 'ลำปลายมาศ', 'บุรีรัมย์', '31130'),
(1859, 'ทะเมนชัย', 'ลำปลายมาศ', 'บุรีรัมย์', '31130'),
(1860, 'ตลาดโพธิ์', 'ลำปลายมาศ', 'บุรีรัมย์', '31130'),
(1861, 'หนองกะทิง', 'ลำปลายมาศ', 'บุรีรัมย์', '31130'),
(1862, 'โคกกลาง', 'ลำปลายมาศ', 'บุรีรัมย์', '31130'),
(1863, 'โคกสะอาด', 'ลำปลายมาศ', 'บุรีรัมย์', '31130'),
(1864, 'เมืองแฝก', 'ลำปลายมาศ', 'บุรีรัมย์', '31130'),
(1865, 'บ้านยาง', 'ลำปลายมาศ', 'บุรีรัมย์', '31130'),
(1866, 'ผไทรินทร์', 'ลำปลายมาศ', 'บุรีรัมย์', '31130'),
(1867, 'โคกล่าม', 'ลำปลายมาศ', 'บุรีรัมย์', '31130'),
(1868, 'หินโคน', 'ลำปลายมาศ', 'บุรีรัมย์', '31130'),
(1869, 'หนองบัวโคก', 'ลำปลายมาศ', 'บุรีรัมย์', '31130'),
(1870, 'บุโพธิ์', 'ลำปลายมาศ', 'บุรีรัมย์', '31130'),
(1871, 'หนองโดน', 'ลำปลายมาศ', 'บุรีรัมย์', '31130'),
(1872, 'สตึก', 'สตึก', 'บุรีรัมย์', '31150'),
(1873, 'นิคม', 'สตึก', 'บุรีรัมย์', '31150'),
(1874, 'ทุ่งวัง', 'สตึก', 'บุรีรัมย์', '31150'),
(1875, 'เมืองแก', 'สตึก', 'บุรีรัมย์', '31150'),
(1876, 'หนองใหญ่', 'สตึก', 'บุรีรัมย์', '31150'),
(1877, 'ร่อนทอง', 'สตึก', 'บุรีรัมย์', '31150'),
(1878, 'ดอนมนต์', 'สตึก', 'บุรีรัมย์', '31150'),
(1879, 'ชุมแสง', 'สตึก', 'บุรีรัมย์', '31150'),
(1880, 'ท่าม่วง', 'สตึก', 'บุรีรัมย์', '31150'),
(1881, 'สะแก', 'สตึก', 'บุรีรัมย์', '31150'),
(1882, 'สนามชัย', 'สตึก', 'บุรีรัมย์', '31150'),
(1883, 'กระสัง', 'สตึก', 'บุรีรัมย์', '31150'),
(1884, 'ปะคำ', 'ปะคำ', 'บุรีรัมย์', '31220'),
(1885, 'ไทยเจริญ', 'ปะคำ', 'บุรีรัมย์', '31220'),
(1886, 'หนองบัว', 'ปะคำ', 'บุรีรัมย์', '31220'),
(1887, 'โคกมะม่วง', 'ปะคำ', 'บุรีรัมย์', '31220'),
(1888, 'หูทำนบ', 'ปะคำ', 'บุรีรัมย์', '31220'),
(1889, 'นาโพธิ์', 'นาโพธิ์', 'บุรีรัมย์', '31230'),
(1890, 'บ้านคู', 'นาโพธิ์', 'บุรีรัมย์', '31230'),
(1891, 'บ้านดู่', 'นาโพธิ์', 'บุรีรัมย์', '31230'),
(1892, 'ดอนกอก', 'นาโพธิ์', 'บุรีรัมย์', '31230'),
(1893, 'ศรีสว่าง', 'นาโพธิ์', 'บุรีรัมย์', '31230'),
(1894, 'สระแก้ว', 'หนองหงส์', 'บุรีรัมย์', '31240'),
(1895, 'ห้วยหิน', 'หนองหงส์', 'บุรีรัมย์', '31240'),
(1896, 'ไทยสามัคคี', 'หนองหงส์', 'บุรีรัมย์', '31240'),
(1897, 'หนองชัยศรี', 'หนองหงส์', 'บุรีรัมย์', '31240'),
(1898, 'เสาเดียว', 'หนองหงส์', 'บุรีรัมย์', '31240'),
(1899, 'เมืองฝ้าย', 'หนองหงส์', 'บุรีรัมย์', '31240'),
(1900, 'สระทอง', 'หนองหงส์', 'บุรีรัมย์', '31240'),
(1901, 'จันดุม', 'พลับพลาชัย', 'บุรีรัมย์', '31250'),
(1902, 'โคกขมิ้น', 'พลับพลาชัย', 'บุรีรัมย์', '31250'),
(1903, 'ป่าชัน', 'พลับพลาชัย', 'บุรีรัมย์', '31250'),
(1904, 'สะเดา', 'พลับพลาชัย', 'บุรีรัมย์', '31250'),
(1905, 'สำโรง', 'พลับพลาชัย', 'บุรีรัมย์', '31250'),
(1906, 'ห้วยราช', 'ห้วยราช', 'บุรีรัมย์', '31000'),
(1907, 'สามแวง', 'ห้วยราช', 'บุรีรัมย์', '31000'),
(1908, 'ตาเสา', 'ห้วยราช', 'บุรีรัมย์', '31000'),
(1909, 'บ้านตะโก', 'ห้วยราช', 'บุรีรัมย์', '31000'),
(1910, 'สนวน', 'ห้วยราช', 'บุรีรัมย์', '31000'),
(1911, 'โคกเหล็ก', 'ห้วยราช', 'บุรีรัมย์', '31000'),
(1912, 'เมืองโพธิ์', 'ห้วยราช', 'บุรีรัมย์', '31000'),
(1913, 'ห้วยราชา', 'ห้วยราช', 'บุรีรัมย์', '31000'),
(1914, 'โนนสุวรรณ', 'โนนสุวรรณ', 'บุรีรัมย์', '31110'),
(1915, 'ทุ่งจังหัน', 'โนนสุวรรณ', 'บุรีรัมย์', '31110'),
(1916, 'โกรกแก้ว', 'โนนสุวรรณ', 'บุรีรัมย์', '31110'),
(1917, 'ดงอีจาน', 'โนนสุวรรณ', 'บุรีรัมย์', '31110'),
(1918, 'ชำนิ', 'ชำนิ', 'บุรีรัมย์', '31110'),
(1919, 'หนองปล่อง', 'ชำนิ', 'บุรีรัมย์', '31110'),
(1920, 'เมืองยาง', 'ชำนิ', 'บุรีรัมย์', '31110'),
(1921, 'ช่อผกา', 'ชำนิ', 'บุรีรัมย์', '31110'),
(1922, 'ละลวด', 'ชำนิ', 'บุรีรัมย์', '31110'),
(1923, 'โคกสนวน', 'ชำนิ', 'บุรีรัมย์', '31110'),
(1924, 'หนองแวง', 'บ้านใหม่ไชยพจน์', 'บุรีรัมย์', '31120'),
(1925, 'ทองหลาง', 'บ้านใหม่ไชยพจน์', 'บุรีรัมย์', '31120'),
(1926, 'แดงใหญ่', 'บ้านใหม่ไชยพจน์', 'บุรีรัมย์', '31120'),
(1927, 'กู่สวนแตง', 'บ้านใหม่ไชยพจน์', 'บุรีรัมย์', '31120'),
(1928, 'หนองเยือง', 'บ้านใหม่ไชยพจน์', 'บุรีรัมย์', '31120'),
(1929, 'โนนดินแดง', 'โนนดินแดง', 'บุรีรัมย์', '31260'),
(1930, 'ส้มป่อย', 'โนนดินแดง', 'บุรีรัมย์', '31260'),
(1931, 'ลำนางรอง', 'โนนดินแดง', 'บุรีรัมย์', '31260'),
(1932, 'บ้านด่าน', 'บ้านด่าน', 'บุรีรัมย์', '31000'),
(1933, 'ปราสาท', 'บ้านด่าน', 'บุรีรัมย์', '31000'),
(1934, 'วังเหนือ', 'บ้านด่าน', 'บุรีรัมย์', '31000');
INSERT INTO `address_info` (`id`, `tumbon`, `amphur`, `province`, `zipcode`) VALUES
(1935, 'โนนขวาง', 'บ้านด่าน', 'บุรีรัมย์', '31000'),
(1936, 'แคนดง', 'แคนดง', 'บุรีรัมย์', '31150'),
(1937, 'ดงพลอง', 'แคนดง', 'บุรีรัมย์', '31150'),
(1938, 'สระบัว', 'แคนดง', 'บุรีรัมย์', '31150'),
(1939, 'หัวฝาย', 'แคนดง', 'บุรีรัมย์', '31150'),
(1940, 'เจริญสุข', 'เฉลิมพระเกียรติ', 'บุรีรัมย์', '31110'),
(1941, 'ตาเป๊ก', 'เฉลิมพระเกียรติ', 'บุรีรัมย์', '31110'),
(1942, 'อีสานเขต', 'เฉลิมพระเกียรติ', 'บุรีรัมย์', '31110'),
(1943, 'ถาวร', 'เฉลิมพระเกียรติ', 'บุรีรัมย์', '31170'),
(1944, 'ยายแย้มวัฒนา', 'เฉลิมพระเกียรติ', 'บุรีรัมย์', '31170'),
(1945, 'ในเมือง', 'เมืองสุรินทร์', 'สุรินทร์', '32000'),
(1946, 'ตั้งใจ', 'เมืองสุรินทร์', 'สุรินทร์', '32000'),
(1947, 'เพี้ยราม', 'เมืองสุรินทร์', 'สุรินทร์', '32000'),
(1948, 'นาดี', 'เมืองสุรินทร์', 'สุรินทร์', '32000'),
(1949, 'ท่าสว่าง', 'เมืองสุรินทร์', 'สุรินทร์', '32000'),
(1950, 'สลักได', 'เมืองสุรินทร์', 'สุรินทร์', '32000'),
(1951, 'ตาอ็อง', 'เมืองสุรินทร์', 'สุรินทร์', '32000'),
(1952, 'สำโรง', 'เมืองสุรินทร์', 'สุรินทร์', '32000'),
(1953, 'แกใหญ่', 'เมืองสุรินทร์', 'สุรินทร์', '32000'),
(1954, 'นอกเมือง', 'เมืองสุรินทร์', 'สุรินทร์', '32000'),
(1955, 'คอโค', 'เมืองสุรินทร์', 'สุรินทร์', '32000'),
(1956, 'สวาย', 'เมืองสุรินทร์', 'สุรินทร์', '32000'),
(1957, 'เฉนียง', 'เมืองสุรินทร์', 'สุรินทร์', '32000'),
(1958, 'เทนมีย์', 'เมืองสุรินทร์', 'สุรินทร์', '32000'),
(1959, 'นาบัว', 'เมืองสุรินทร์', 'สุรินทร์', '32000'),
(1960, 'เมืองที', 'เมืองสุรินทร์', 'สุรินทร์', '32000'),
(1961, 'ราม', 'เมืองสุรินทร์', 'สุรินทร์', '32000'),
(1962, 'บุฤาษี', 'เมืองสุรินทร์', 'สุรินทร์', '32000'),
(1963, 'ตระแสง', 'เมืองสุรินทร์', 'สุรินทร์', '32000'),
(1964, 'แสลงพันธ์', 'เมืองสุรินทร์', 'สุรินทร์', '32000'),
(1965, 'กาเกาะ', 'เมืองสุรินทร์', 'สุรินทร์', '32000'),
(1966, 'ชุมพลบุรี', 'ชุมพลบุรี', 'สุรินทร์', '32190'),
(1967, 'นาหนองไผ่', 'ชุมพลบุรี', 'สุรินทร์', '32190'),
(1968, 'ไพรขลา', 'ชุมพลบุรี', 'สุรินทร์', '32190'),
(1969, 'ศรีณรงค์', 'ชุมพลบุรี', 'สุรินทร์', '32190'),
(1970, 'ยะวึก', 'ชุมพลบุรี', 'สุรินทร์', '32190'),
(1971, 'เมืองบัว', 'ชุมพลบุรี', 'สุรินทร์', '32190'),
(1972, 'สระขุด', 'ชุมพลบุรี', 'สุรินทร์', '32190'),
(1973, 'กระเบื้อง', 'ชุมพลบุรี', 'สุรินทร์', '32190'),
(1974, 'หนองเรือ', 'ชุมพลบุรี', 'สุรินทร์', '32190'),
(1975, 'ท่าตูม', 'ท่าตูม', 'สุรินทร์', '32120'),
(1976, 'กระโพ', 'ท่าตูม', 'สุรินทร์', '32120'),
(1977, 'พรมเทพ', 'ท่าตูม', 'สุรินทร์', '32120'),
(1978, 'โพนครก', 'ท่าตูม', 'สุรินทร์', '32120'),
(1979, 'เมืองแก', 'ท่าตูม', 'สุรินทร์', '32120'),
(1980, 'บะ', 'ท่าตูม', 'สุรินทร์', '32120'),
(1981, 'หนองบัว', 'ท่าตูม', 'สุรินทร์', '32120'),
(1982, 'บัวโคก', 'ท่าตูม', 'สุรินทร์', '32120'),
(1983, 'หนองเมธี', 'ท่าตูม', 'สุรินทร์', '32120'),
(1984, 'ทุ่งกุลา', 'ท่าตูม', 'สุรินทร์', '32120'),
(1985, 'จอมพระ', 'จอมพระ', 'สุรินทร์', '32180'),
(1986, 'เมืองลีง', 'จอมพระ', 'สุรินทร์', '32180'),
(1987, 'กระหาด', 'จอมพระ', 'สุรินทร์', '32180'),
(1988, 'บุแกรง', 'จอมพระ', 'สุรินทร์', '32180'),
(1989, 'หนองสนิท', 'จอมพระ', 'สุรินทร์', '32180'),
(1990, 'บ้านผือ', 'จอมพระ', 'สุรินทร์', '32180'),
(1991, 'ลุ่มระวี', 'จอมพระ', 'สุรินทร์', '32180'),
(1992, 'ชุมแสง', 'จอมพระ', 'สุรินทร์', '32180'),
(1993, 'เป็นสุข', 'จอมพระ', 'สุรินทร์', '32180'),
(1994, 'กังแอน', 'ปราสาท', 'สุรินทร์', '32140'),
(1995, 'ทมอ', 'ปราสาท', 'สุรินทร์', '32140'),
(1996, 'ไพล', 'ปราสาท', 'สุรินทร์', '32140'),
(1997, 'ปรือ', 'ปราสาท', 'สุรินทร์', '32140'),
(1998, 'ทุ่งมน', 'ปราสาท', 'สุรินทร์', '32140'),
(1999, 'ตาเบา', 'ปราสาท', 'สุรินทร์', '32140'),
(2000, 'หนองใหญ่', 'ปราสาท', 'สุรินทร์', '32140'),
(2001, 'โคกยาง', 'ปราสาท', 'สุรินทร์', '32140'),
(2002, 'โคกสะอาด', 'ปราสาท', 'สุรินทร์', '32140'),
(2003, 'บ้านไทร', 'ปราสาท', 'สุรินทร์', '32140'),
(2004, 'โชคนาสาม', 'ปราสาท', 'สุรินทร์', '32140'),
(2005, 'เชื้อเพลิง', 'ปราสาท', 'สุรินทร์', '32140'),
(2006, 'ปราสาททนง', 'ปราสาท', 'สุรินทร์', '32140'),
(2007, 'ตานี', 'ปราสาท', 'สุรินทร์', '32140'),
(2008, 'บ้านพลวง', 'ปราสาท', 'สุรินทร์', '32140'),
(2009, 'กันตวจระมวล', 'ปราสาท', 'สุรินทร์', '32140'),
(2010, 'สมุด', 'ปราสาท', 'สุรินทร์', '32140'),
(2011, 'ประทัดบุ', 'ปราสาท', 'สุรินทร์', '32140'),
(2012, 'กาบเชิง', 'กาบเชิง', 'สุรินทร์', '32210'),
(2013, 'คูตัน', 'กาบเชิง', 'สุรินทร์', '32210'),
(2014, 'ด่าน', 'กาบเชิง', 'สุรินทร์', '32210'),
(2015, 'แนงมุด', 'กาบเชิง', 'สุรินทร์', '32210'),
(2016, 'โคกตะเคียน', 'กาบเชิง', 'สุรินทร์', '32210'),
(2017, 'ตะเคียน', 'กาบเชิง', 'สุรินทร์', '32210'),
(2018, 'รัตนบุรี', 'รัตนบุรี', 'สุรินทร์', '32130'),
(2019, 'ธาตุ', 'รัตนบุรี', 'สุรินทร์', '32130'),
(2020, 'แก', 'รัตนบุรี', 'สุรินทร์', '32130'),
(2021, 'ดอนแรด', 'รัตนบุรี', 'สุรินทร์', '32130'),
(2022, 'หนองบัวทอง', 'รัตนบุรี', 'สุรินทร์', '32130'),
(2023, 'หนองบัวบาน', 'รัตนบุรี', 'สุรินทร์', '32130'),
(2024, 'ไผ่', 'รัตนบุรี', 'สุรินทร์', '32130'),
(2025, 'เบิด', 'รัตนบุรี', 'สุรินทร์', '32130'),
(2026, 'น้ำเขียว', 'รัตนบุรี', 'สุรินทร์', '32130'),
(2027, 'กุดขาคีม', 'รัตนบุรี', 'สุรินทร์', '32130'),
(2028, 'ยางสว่าง', 'รัตนบุรี', 'สุรินทร์', '32130'),
(2029, 'ทับใหญ่', 'รัตนบุรี', 'สุรินทร์', '32130'),
(2030, 'สนม', 'สนม', 'สุรินทร์', '32160'),
(2031, 'โพนโก', 'สนม', 'สุรินทร์', '32160'),
(2032, 'หนองระฆัง', 'สนม', 'สุรินทร์', '32160'),
(2033, 'นานวน', 'สนม', 'สุรินทร์', '32160'),
(2034, 'แคน', 'สนม', 'สุรินทร์', '32160'),
(2035, 'หัวงัว', 'สนม', 'สุรินทร์', '32160'),
(2036, 'หนองอียอ', 'สนม', 'สุรินทร์', '32160'),
(2037, 'ระแงง', 'ศีขรภูมิ', 'สุรินทร์', '32110'),
(2038, 'ตรึม', 'ศีขรภูมิ', 'สุรินทร์', '32110'),
(2039, 'จารพัต', 'ศีขรภูมิ', 'สุรินทร์', '32110'),
(2040, 'ยาง', 'ศีขรภูมิ', 'สุรินทร์', '32110'),
(2041, 'แตล', 'ศีขรภูมิ', 'สุรินทร์', '32110'),
(2042, 'หนองบัว', 'ศีขรภูมิ', 'สุรินทร์', '32110'),
(2043, 'คาละแมะ', 'ศีขรภูมิ', 'สุรินทร์', '32110'),
(2044, 'หนองเหล็ก', 'ศีขรภูมิ', 'สุรินทร์', '32110'),
(2045, 'หนองขวาว', 'ศีขรภูมิ', 'สุรินทร์', '32110'),
(2046, 'ช่างปี่', 'ศีขรภูมิ', 'สุรินทร์', '32110'),
(2047, 'กุดหวาย', 'ศีขรภูมิ', 'สุรินทร์', '32110'),
(2048, 'ขวาวใหญ่', 'ศีขรภูมิ', 'สุรินทร์', '32110'),
(2049, 'นารุ่ง', 'ศีขรภูมิ', 'สุรินทร์', '32110'),
(2050, 'ตรมไพร', 'ศีขรภูมิ', 'สุรินทร์', '32110'),
(2051, 'ผักไหม', 'ศีขรภูมิ', 'สุรินทร์', '32110'),
(2052, 'สังขะ', 'สังขะ', 'สุรินทร์', '32150'),
(2053, 'ขอนแตก', 'สังขะ', 'สุรินทร์', '32150'),
(2054, 'ดม', 'สังขะ', 'สุรินทร์', '32150'),
(2055, 'พระแก้ว', 'สังขะ', 'สุรินทร์', '32150'),
(2056, 'บ้านจารย์', 'สังขะ', 'สุรินทร์', '32150'),
(2057, 'กระเทียม', 'สังขะ', 'สุรินทร์', '32150'),
(2058, 'สะกาด', 'สังขะ', 'สุรินทร์', '32150'),
(2059, 'ตาตุม', 'สังขะ', 'สุรินทร์', '32150'),
(2060, 'ทับทัน', 'สังขะ', 'สุรินทร์', '32150'),
(2061, 'ตาคง', 'สังขะ', 'สุรินทร์', '32150'),
(2062, 'บ้านชบ', 'สังขะ', 'สุรินทร์', '32150'),
(2063, 'เทพรักษา', 'สังขะ', 'สุรินทร์', '32150'),
(2064, 'ลำดวน', 'ลำดวน', 'สุรินทร์', '32220'),
(2065, 'โชคเหนือ', 'ลำดวน', 'สุรินทร์', '32220'),
(2066, 'อู่โลก', 'ลำดวน', 'สุรินทร์', '32220'),
(2067, 'ตรำดม', 'ลำดวน', 'สุรินทร์', '32220'),
(2068, 'ตระเปียงเตีย', 'ลำดวน', 'สุรินทร์', '32220'),
(2069, 'สำโรงทาบ', 'สำโรงทาบ', 'สุรินทร์', '32170'),
(2070, 'หนองไผ่ล้อม', 'สำโรงทาบ', 'สุรินทร์', '32170'),
(2071, 'กระออม', 'สำโรงทาบ', 'สุรินทร์', '32170'),
(2072, 'หนองฮะ', 'สำโรงทาบ', 'สุรินทร์', '32170'),
(2073, 'ศรีสุข', 'สำโรงทาบ', 'สุรินทร์', '32170'),
(2074, 'เกาะแก้ว', 'สำโรงทาบ', 'สุรินทร์', '32170'),
(2075, 'หมื่นศรี', 'สำโรงทาบ', 'สุรินทร์', '32170'),
(2076, 'เสม็จ', 'สำโรงทาบ', 'สุรินทร์', '32170'),
(2077, 'สะโน', 'สำโรงทาบ', 'สุรินทร์', '32170'),
(2078, 'ประดู่', 'สำโรงทาบ', 'สุรินทร์', '32170'),
(2079, 'บัวเชด', 'บัวเชด', 'สุรินทร์', '32230'),
(2080, 'สะเดา', 'บัวเชด', 'สุรินทร์', '32230'),
(2081, 'จรัส', 'บัวเชด', 'สุรินทร์', '32230'),
(2082, 'ตาวัง', 'บัวเชด', 'สุรินทร์', '32230'),
(2083, 'อาโพน', 'บัวเชด', 'สุรินทร์', '32230'),
(2084, 'สำเภาลูน', 'บัวเชด', 'สุรินทร์', '32230'),
(2085, 'บักได', 'พนมดงรัก', 'สุรินทร์', '32140'),
(2086, 'โคกกลาง', 'พนมดงรัก', 'สุรินทร์', '32140'),
(2087, 'จีกแดก', 'พนมดงรัก', 'สุรินทร์', '32140'),
(2088, 'ตาเมียง', 'พนมดงรัก', 'สุรินทร์', '32140'),
(2089, 'ณรงค์', 'ศรีณรงค์', 'สุรินทร์', '32150'),
(2090, 'แจนแวน', 'ศรีณรงค์', 'สุรินทร์', '32150'),
(2091, 'ตรวจ', 'ศรีณรงค์', 'สุรินทร์', '32150'),
(2092, 'หนองแวง', 'ศรีณรงค์', 'สุรินทร์', '32150'),
(2093, 'ศรีสุข', 'ศรีณรงค์', 'สุรินทร์', '32150'),
(2094, 'เขวาสินรินทร์', 'เขวาสินรินทร์', 'สุรินทร์', '32000'),
(2095, 'บึง', 'เขวาสินรินทร์', 'สุรินทร์', '32000'),
(2096, 'ตากูก', 'เขวาสินรินทร์', 'สุรินทร์', '32000'),
(2097, 'ปราสาททอง', 'เขวาสินรินทร์', 'สุรินทร์', '32000'),
(2098, 'บ้านแร่', 'เขวาสินรินทร์', 'สุรินทร์', '32000'),
(2099, 'หนองหลวง', 'โนนนารายณ์', 'สุรินทร์', '32130'),
(2100, 'คำผง', 'โนนนารายณ์', 'สุรินทร์', '32130'),
(2101, 'โนน', 'โนนนารายณ์', 'สุรินทร์', '32130'),
(2102, 'ระเวียง', 'โนนนารายณ์', 'สุรินทร์', '32130'),
(2103, 'หนองเทพ', 'โนนนารายณ์', 'สุรินทร์', '32130'),
(2104, 'เมืองเหนือ', 'เมืองศรีสะเกษ', 'ศรีสะเกษ', '33000'),
(2105, 'เมืองใต้', 'เมืองศรีสะเกษ', 'ศรีสะเกษ', '33000'),
(2106, 'คูซอด', 'เมืองศรีสะเกษ', 'ศรีสะเกษ', '33000'),
(2107, 'ซำ', 'เมืองศรีสะเกษ', 'ศรีสะเกษ', '33000'),
(2108, 'จาน', 'เมืองศรีสะเกษ', 'ศรีสะเกษ', '33000'),
(2109, 'ตะดอบ', 'เมืองศรีสะเกษ', 'ศรีสะเกษ', '33000'),
(2110, 'หนองครก', 'เมืองศรีสะเกษ', 'ศรีสะเกษ', '33000'),
(2111, 'โพนข่า', 'เมืองศรีสะเกษ', 'ศรีสะเกษ', '33000'),
(2112, 'โพนค้อ', 'เมืองศรีสะเกษ', 'ศรีสะเกษ', '33000'),
(2113, 'โพนเขวา', 'เมืองศรีสะเกษ', 'ศรีสะเกษ', '33000'),
(2114, 'หญ้าปล้อง', 'เมืองศรีสะเกษ', 'ศรีสะเกษ', '33000'),
(2115, 'ทุ่ม', 'เมืองศรีสะเกษ', 'ศรีสะเกษ', '33000'),
(2116, 'หนองไฮ', 'เมืองศรีสะเกษ', 'ศรีสะเกษ', '33000'),
(2117, 'หนองแก้ว', 'เมืองศรีสะเกษ', 'ศรีสะเกษ', '33000'),
(2118, 'น้ำคำ', 'เมืองศรีสะเกษ', 'ศรีสะเกษ', '33000'),
(2119, 'โพธิ์', 'เมืองศรีสะเกษ', 'ศรีสะเกษ', '33000'),
(2120, 'หมากเขียบ', 'เมืองศรีสะเกษ', 'ศรีสะเกษ', '33000'),
(2121, 'หนองไผ่', 'เมืองศรีสะเกษ', 'ศรีสะเกษ', '33000'),
(2122, 'ยางชุมน้อย', 'ยางชุมน้อย', 'ศรีสะเกษ', '33190'),
(2123, 'ลิ้นฟ้า', 'ยางชุมน้อย', 'ศรีสะเกษ', '33190'),
(2124, 'คอนกาม', 'ยางชุมน้อย', 'ศรีสะเกษ', '33190'),
(2125, 'โนนคูณ', 'ยางชุมน้อย', 'ศรีสะเกษ', '33190'),
(2126, 'กุดเมืองฮาม', 'ยางชุมน้อย', 'ศรีสะเกษ', '33190'),
(2127, 'บึงบอน', 'ยางชุมน้อย', 'ศรีสะเกษ', '33190'),
(2128, 'ยางชุมใหญ่', 'ยางชุมน้อย', 'ศรีสะเกษ', '33190'),
(2129, 'ดูน', 'กันทรารมย์', 'ศรีสะเกษ', '33130'),
(2130, 'โนนสัง', 'กันทรารมย์', 'ศรีสะเกษ', '33130'),
(2131, 'หนองหัวช้าง', 'กันทรารมย์', 'ศรีสะเกษ', '33130'),
(2132, 'ยาง', 'กันทรารมย์', 'ศรีสะเกษ', '33130'),
(2133, 'หนองแวง', 'กันทรารมย์', 'ศรีสะเกษ', '33130'),
(2134, 'หนองแก้ว', 'กันทรารมย์', 'ศรีสะเกษ', '33130'),
(2135, 'ทาม', 'กันทรารมย์', 'ศรีสะเกษ', '33130'),
(2136, 'ละทาย', 'กันทรารมย์', 'ศรีสะเกษ', '33130'),
(2137, 'เมืองน้อย', 'กันทรารมย์', 'ศรีสะเกษ', '33130'),
(2138, 'อีปาด', 'กันทรารมย์', 'ศรีสะเกษ', '33130'),
(2139, 'บัวน้อย', 'กันทรารมย์', 'ศรีสะเกษ', '33130'),
(2140, 'หนองบัว', 'กันทรารมย์', 'ศรีสะเกษ', '33130'),
(2141, 'ดู่', 'กันทรารมย์', 'ศรีสะเกษ', '33130'),
(2142, 'ผักแพว', 'กันทรารมย์', 'ศรีสะเกษ', '33130'),
(2143, 'จาน', 'กันทรารมย์', 'ศรีสะเกษ', '33130'),
(2144, 'คำเนียม', 'กันทรารมย์', 'ศรีสะเกษ', '33130'),
(2145, 'บึงมะลู', 'กันทรลักษ์', 'ศรีสะเกษ', '33110'),
(2146, 'กุดเสลา', 'กันทรลักษ์', 'ศรีสะเกษ', '33110'),
(2147, 'เมือง', 'กันทรลักษ์', 'ศรีสะเกษ', '33110'),
(2148, 'สังเม็ก', 'กันทรลักษ์', 'ศรีสะเกษ', '33110'),
(2149, 'น้ำอ้อม', 'กันทรลักษ์', 'ศรีสะเกษ', '33110'),
(2150, 'ละลาย', 'กันทรลักษ์', 'ศรีสะเกษ', '33110'),
(2151, 'รุง', 'กันทรลักษ์', 'ศรีสะเกษ', '33110'),
(2152, 'ตระกาจ', 'กันทรลักษ์', 'ศรีสะเกษ', '33110'),
(2153, 'จานใหญ่', 'กันทรลักษ์', 'ศรีสะเกษ', '33110'),
(2154, 'ภูเงิน', 'กันทรลักษ์', 'ศรีสะเกษ', '33110'),
(2155, 'ชำ', 'กันทรลักษ์', 'ศรีสะเกษ', '33110'),
(2156, 'กระแชง', 'กันทรลักษ์', 'ศรีสะเกษ', '33110'),
(2157, 'โนนสำราญ', 'กันทรลักษ์', 'ศรีสะเกษ', '33110'),
(2158, 'หนองหญ้าลาด', 'กันทรลักษ์', 'ศรีสะเกษ', '33110'),
(2159, 'เสาธงชัย', 'กันทรลักษ์', 'ศรีสะเกษ', '33110'),
(2160, 'ขนุน', 'กันทรลักษ์', 'ศรีสะเกษ', '33110'),
(2161, 'สวนกล้วย', 'กันทรลักษ์', 'ศรีสะเกษ', '33110'),
(2162, 'เวียงเหนือ', 'กันทรลักษ์', 'ศรีสะเกษ', '33110'),
(2163, 'ทุ่งใหญ่', 'กันทรลักษ์', 'ศรีสะเกษ', '33110'),
(2164, 'ภูผาหมอก', 'กันทรลักษ์', 'ศรีสะเกษ', '33110'),
(2165, 'กันทรารมย์', 'ขุขันธ์', 'ศรีสะเกษ', '33140'),
(2166, 'จะกง', 'ขุขันธ์', 'ศรีสะเกษ', '33140'),
(2167, 'ใจดี', 'ขุขันธ์', 'ศรีสะเกษ', '33140'),
(2168, 'ดองกำเม็ด', 'ขุขันธ์', 'ศรีสะเกษ', '33140'),
(2169, 'โสน', 'ขุขันธ์', 'ศรีสะเกษ', '33140'),
(2170, 'ปรือใหญ่', 'ขุขันธ์', 'ศรีสะเกษ', '33140'),
(2171, 'สะเดาใหญ่', 'ขุขันธ์', 'ศรีสะเกษ', '33140'),
(2172, 'ตาอุด', 'ขุขันธ์', 'ศรีสะเกษ', '33140'),
(2173, 'ห้วยเหนือ', 'ขุขันธ์', 'ศรีสะเกษ', '33140'),
(2174, 'ห้วยใต้', 'ขุขันธ์', 'ศรีสะเกษ', '33140'),
(2175, 'หัวเสือ', 'ขุขันธ์', 'ศรีสะเกษ', '33140'),
(2176, 'ตะเคียน', 'ขุขันธ์', 'ศรีสะเกษ', '33140'),
(2177, 'นิคมพัฒนา', 'ขุขันธ์', 'ศรีสะเกษ', '33140'),
(2178, 'โคกเพชร', 'ขุขันธ์', 'ศรีสะเกษ', '33140'),
(2179, 'ปราสาท', 'ขุขันธ์', 'ศรีสะเกษ', '33140'),
(2180, 'สำโรงตาเจ็น', 'ขุขันธ์', 'ศรีสะเกษ', '33140'),
(2181, 'ห้วยสำราญ', 'ขุขันธ์', 'ศรีสะเกษ', '33140'),
(2182, 'กฤษณา', 'ขุขันธ์', 'ศรีสะเกษ', '33140'),
(2183, 'ลมศักดิ์', 'ขุขันธ์', 'ศรีสะเกษ', '33140'),
(2184, 'หนองฉลอง', 'ขุขันธ์', 'ศรีสะเกษ', '33140'),
(2185, 'ศรีตระกูล', 'ขุขันธ์', 'ศรีสะเกษ', '33140'),
(2186, 'ศรีสะอาด', 'ขุขันธ์', 'ศรีสะเกษ', '33140'),
(2187, 'ไพรบึง', 'ไพรบึง', 'ศรีสะเกษ', '33180'),
(2188, 'ดินแดง', 'ไพรบึง', 'ศรีสะเกษ', '33180'),
(2189, 'ปราสาทเยอ', 'ไพรบึง', 'ศรีสะเกษ', '33180'),
(2190, 'สำโรงพลัน', 'ไพรบึง', 'ศรีสะเกษ', '33180'),
(2191, 'สุขสวัสดิ์', 'ไพรบึง', 'ศรีสะเกษ', '33180'),
(2192, 'โนนปูน', 'ไพรบึง', 'ศรีสะเกษ', '33180'),
(2193, 'พิมาย', 'ปรางค์กู่', 'ศรีสะเกษ', '33170'),
(2194, 'กู่', 'ปรางค์กู่', 'ศรีสะเกษ', '33170'),
(2195, 'หนองเชียงทูน', 'ปรางค์กู่', 'ศรีสะเกษ', '33170'),
(2196, 'ตูม', 'ปรางค์กู่', 'ศรีสะเกษ', '33170'),
(2197, 'สมอ', 'ปรางค์กู่', 'ศรีสะเกษ', '33170'),
(2198, 'โพธิ์ศรี', 'ปรางค์กู่', 'ศรีสะเกษ', '33170'),
(2199, 'สำโรงปราสาท', 'ปรางค์กู่', 'ศรีสะเกษ', '33170'),
(2200, 'ดู่', 'ปรางค์กู่', 'ศรีสะเกษ', '33170'),
(2201, 'สวาย', 'ปรางค์กู่', 'ศรีสะเกษ', '33170'),
(2202, 'พิมายเหนือ', 'ปรางค์กู่', 'ศรีสะเกษ', '33170'),
(2203, 'สิ', 'ขุนหาญ', 'ศรีสะเกษ', '33150'),
(2204, 'บักดอง', 'ขุนหาญ', 'ศรีสะเกษ', '33150'),
(2205, 'พราน', 'ขุนหาญ', 'ศรีสะเกษ', '33150'),
(2206, 'โพธิ์วงศ์', 'ขุนหาญ', 'ศรีสะเกษ', '33150'),
(2207, 'ไพร', 'ขุนหาญ', 'ศรีสะเกษ', '33150'),
(2208, 'กระหวัน', 'ขุนหาญ', 'ศรีสะเกษ', '33150'),
(2209, 'ขุนหาญ', 'ขุนหาญ', 'ศรีสะเกษ', '33150'),
(2210, 'โนนสูง', 'ขุนหาญ', 'ศรีสะเกษ', '33150'),
(2211, 'กันทรอม', 'ขุนหาญ', 'ศรีสะเกษ', '33150'),
(2212, 'ภูฝ้าย', 'ขุนหาญ', 'ศรีสะเกษ', '33150'),
(2213, 'โพธิ์กระสังข์', 'ขุนหาญ', 'ศรีสะเกษ', '33150'),
(2214, 'ห้วยจันทร์', 'ขุนหาญ', 'ศรีสะเกษ', '33150'),
(2215, 'เมืองคง', 'ราษีไศล', 'ศรีสะเกษ', '33160'),
(2216, 'เมืองแคน', 'ราษีไศล', 'ศรีสะเกษ', '33160'),
(2217, 'หนองแค', 'ราษีไศล', 'ศรีสะเกษ', '33160'),
(2218, 'จิกสังข์ทอง', 'ราษีไศล', 'ศรีสะเกษ', '33160'),
(2219, 'ด่าน', 'ราษีไศล', 'ศรีสะเกษ', '33160'),
(2220, 'ดู่', 'ราษีไศล', 'ศรีสะเกษ', '33160'),
(2221, 'หนองอึ่ง', 'ราษีไศล', 'ศรีสะเกษ', '33160'),
(2222, 'บัวหุ่ง', 'ราษีไศล', 'ศรีสะเกษ', '33160'),
(2223, 'ไผ่', 'ราษีไศล', 'ศรีสะเกษ', '33160'),
(2224, 'ส้มป่อย', 'ราษีไศล', 'ศรีสะเกษ', '33160'),
(2225, 'หนองหมี', 'ราษีไศล', 'ศรีสะเกษ', '33160'),
(2226, 'หว้านคำ', 'ราษีไศล', 'ศรีสะเกษ', '33160'),
(2227, 'สร้างปี่', 'ราษีไศล', 'ศรีสะเกษ', '33160'),
(2228, 'กำแพง', 'อุทุมพรพิสัย', 'ศรีสะเกษ', '33120'),
(2229, 'อี่หล่ำ', 'อุทุมพรพิสัย', 'ศรีสะเกษ', '33120'),
(2230, 'ก้านเหลือง', 'อุทุมพรพิสัย', 'ศรีสะเกษ', '33120'),
(2231, 'ทุ่งไชย', 'อุทุมพรพิสัย', 'ศรีสะเกษ', '33120'),
(2232, 'สำโรง', 'อุทุมพรพิสัย', 'ศรีสะเกษ', '33120'),
(2233, 'แขม', 'อุทุมพรพิสัย', 'ศรีสะเกษ', '33120'),
(2234, 'หนองไฮ', 'อุทุมพรพิสัย', 'ศรีสะเกษ', '33120'),
(2235, 'ขะยูง', 'อุทุมพรพิสัย', 'ศรีสะเกษ', '33120'),
(2236, 'ตาเกษ', 'อุทุมพรพิสัย', 'ศรีสะเกษ', '33120'),
(2237, 'หัวช้าง', 'อุทุมพรพิสัย', 'ศรีสะเกษ', '33120'),
(2238, 'รังแร้ง', 'อุทุมพรพิสัย', 'ศรีสะเกษ', '33120'),
(2239, 'แต้', 'อุทุมพรพิสัย', 'ศรีสะเกษ', '33120'),
(2240, 'แข้', 'อุทุมพรพิสัย', 'ศรีสะเกษ', '33120'),
(2241, 'โพธิ์ชัย', 'อุทุมพรพิสัย', 'ศรีสะเกษ', '33120'),
(2242, 'ปะอาว', 'อุทุมพรพิสัย', 'ศรีสะเกษ', '33120'),
(2243, 'หนองห้าง', 'อุทุมพรพิสัย', 'ศรีสะเกษ', '33120'),
(2244, 'สระกำแพงใหญ่', 'อุทุมพรพิสัย', 'ศรีสะเกษ', '33120'),
(2245, 'โคกหล่าม', 'อุทุมพรพิสัย', 'ศรีสะเกษ', '33120'),
(2246, 'โคกจาน', 'อุทุมพรพิสัย', 'ศรีสะเกษ', '33120'),
(2247, 'เป๊าะ', 'บึงบูรพ์', 'ศรีสะเกษ', '33220'),
(2248, 'บึงบูรพ์', 'บึงบูรพ์', 'ศรีสะเกษ', '33220'),
(2249, 'ห้วยทับทัน', 'ห้วยทับทัน', 'ศรีสะเกษ', '33210'),
(2250, 'เมืองหลวง', 'ห้วยทับทัน', 'ศรีสะเกษ', '33210'),
(2251, 'กล้วยกว้าง', 'ห้วยทับทัน', 'ศรีสะเกษ', '33210'),
(2252, 'ผักไหม', 'ห้วยทับทัน', 'ศรีสะเกษ', '33210'),
(2253, 'จานแสนไชย', 'ห้วยทับทัน', 'ศรีสะเกษ', '33210'),
(2254, 'ปราสาท', 'ห้วยทับทัน', 'ศรีสะเกษ', '33210'),
(2255, 'โนนค้อ', 'โนนคูณ', 'ศรีสะเกษ', '33250'),
(2256, 'บก', 'โนนคูณ', 'ศรีสะเกษ', '33250'),
(2257, 'โพธิ์', 'โนนคูณ', 'ศรีสะเกษ', '33250'),
(2258, 'หนองกุง', 'โนนคูณ', 'ศรีสะเกษ', '33250'),
(2259, 'เหล่ากวาง', 'โนนคูณ', 'ศรีสะเกษ', '33250'),
(2260, 'ศรีแก้ว', 'ศรีรัตนะ', 'ศรีสะเกษ', '33240'),
(2261, 'พิงพวย', 'ศรีรัตนะ', 'ศรีสะเกษ', '33240'),
(2262, 'สระเยาว์', 'ศรีรัตนะ', 'ศรีสะเกษ', '33240'),
(2263, 'ตูม', 'ศรีรัตนะ', 'ศรีสะเกษ', '33240'),
(2264, 'เสื่องข้าว', 'ศรีรัตนะ', 'ศรีสะเกษ', '33240'),
(2265, 'ศรีโนนงาม', 'ศรีรัตนะ', 'ศรีสะเกษ', '33240'),
(2266, 'สะพุง', 'ศรีรัตนะ', 'ศรีสะเกษ', '33240'),
(2267, 'น้ำเกลี้ยง', 'น้ำเกลี้ยง', 'ศรีสะเกษ', '33130'),
(2268, 'ละเอาะ', 'น้ำเกลี้ยง', 'ศรีสะเกษ', '33130'),
(2269, 'ตองปิด', 'น้ำเกลี้ยง', 'ศรีสะเกษ', '33130'),
(2270, 'เขิน', 'น้ำเกลี้ยง', 'ศรีสะเกษ', '33130'),
(2271, 'รุ่งระวี', 'น้ำเกลี้ยง', 'ศรีสะเกษ', '33130'),
(2272, 'คูบ', 'น้ำเกลี้ยง', 'ศรีสะเกษ', '33130'),
(2273, 'บุสูง', 'วังหิน', 'ศรีสะเกษ', '33270'),
(2274, 'ธาตุ', 'วังหิน', 'ศรีสะเกษ', '33270'),
(2275, 'ดวนใหญ่', 'วังหิน', 'ศรีสะเกษ', '33270'),
(2276, 'บ่อแก้ว', 'วังหิน', 'ศรีสะเกษ', '33270'),
(2277, 'ศรีสำราญ', 'วังหิน', 'ศรีสะเกษ', '33270'),
(2278, 'ทุ่งสว่าง', 'วังหิน', 'ศรีสะเกษ', '33270'),
(2279, 'วังหิน', 'วังหิน', 'ศรีสะเกษ', '33270'),
(2280, 'โพนยาง', 'วังหิน', 'ศรีสะเกษ', '33270'),
(2281, 'โคกตาล', 'ภูสิงห์', 'ศรีสะเกษ', '33140'),
(2282, 'ห้วยตามอญ', 'ภูสิงห์', 'ศรีสะเกษ', '33140'),
(2283, 'ห้วยตึ๊กชู', 'ภูสิงห์', 'ศรีสะเกษ', '33140'),
(2284, 'ละลม', 'ภูสิงห์', 'ศรีสะเกษ', '33140'),
(2285, 'ตะเคียนราม', 'ภูสิงห์', 'ศรีสะเกษ', '33140'),
(2286, 'ดงรัก', 'ภูสิงห์', 'ศรีสะเกษ', '33140'),
(2287, 'ไพรพัฒนา', 'ภูสิงห์', 'ศรีสะเกษ', '33140'),
(2288, 'เมืองจันทร์', 'เมืองจันทร์', 'ศรีสะเกษ', '33120'),
(2289, 'ตาโกน', 'เมืองจันทร์', 'ศรีสะเกษ', '33120'),
(2290, 'หนองใหญ่', 'เมืองจันทร์', 'ศรีสะเกษ', '33120'),
(2291, 'เสียว', 'เบญจลักษ์', 'ศรีสะเกษ', '33110'),
(2292, 'หนองหว้า', 'เบญจลักษ์', 'ศรีสะเกษ', '33110'),
(2293, 'หนองงูเหลือม', 'เบญจลักษ์', 'ศรีสะเกษ', '33110'),
(2294, 'หนองฮาง', 'เบญจลักษ์', 'ศรีสะเกษ', '33110'),
(2295, 'ท่าคล้อ', 'เบญจลักษ์', 'ศรีสะเกษ', '33110'),
(2296, 'พยุห์', 'พยุห์', 'ศรีสะเกษ', '33230'),
(2297, 'พรหมสวัสดิ์', 'พยุห์', 'ศรีสะเกษ', '33230'),
(2298, 'ตำแย', 'พยุห์', 'ศรีสะเกษ', '33230'),
(2299, 'โนนเพ็ก', 'พยุห์', 'ศรีสะเกษ', '33230'),
(2300, 'หนองค้า', 'พยุห์', 'ศรีสะเกษ', '33230'),
(2301, 'โดด', 'โพธิ์ศรีสุวรรณ', 'ศรีสะเกษ', '33120'),
(2302, 'เสียว', 'โพธิ์ศรีสุวรรณ', 'ศรีสะเกษ', '33120'),
(2303, 'หนองม้า', 'โพธิ์ศรีสุวรรณ', 'ศรีสะเกษ', '33120'),
(2304, 'ผือใหญ่', 'โพธิ์ศรีสุวรรณ', 'ศรีสะเกษ', '33120'),
(2305, 'อีเซ', 'โพธิ์ศรีสุวรรณ', 'ศรีสะเกษ', '33120'),
(2306, 'กุง', 'ศิลาลาด', 'ศรีสะเกษ', '33160'),
(2307, 'คลีกลิ้ง', 'ศิลาลาด', 'ศรีสะเกษ', '33160'),
(2308, 'หนองบัวดง', 'ศิลาลาด', 'ศรีสะเกษ', '33160'),
(2309, 'โจดม่วง', 'ศิลาลาด', 'ศรีสะเกษ', '33160'),
(2310, 'ในเมือง', 'เมืองอุบลราชธานี', 'อุบลราชธานี', '34000'),
(2311, 'หัวเรือ', 'เมืองอุบลราชธานี', 'อุบลราชธานี', '34000'),
(2312, 'หนองขอน', 'เมืองอุบลราชธานี', 'อุบลราชธานี', '34000'),
(2313, 'ปทุม', 'เมืองอุบลราชธานี', 'อุบลราชธานี', '34000'),
(2314, 'ขามใหญ่', 'เมืองอุบลราชธานี', 'อุบลราชธานี', '34000'),
(2315, 'แจระแม', 'เมืองอุบลราชธานี', 'อุบลราชธานี', '34000'),
(2316, 'หนองบ่อ', 'เมืองอุบลราชธานี', 'อุบลราชธานี', '34000'),
(2317, 'ไร่น้อย', 'เมืองอุบลราชธานี', 'อุบลราชธานี', '34000'),
(2318, 'กระโสบ', 'เมืองอุบลราชธานี', 'อุบลราชธานี', '34000'),
(2319, 'กุดลาด', 'เมืองอุบลราชธานี', 'อุบลราชธานี', '34000'),
(2320, 'ขี้เหล็ก', 'เมืองอุบลราชธานี', 'อุบลราชธานี', '34000'),
(2321, 'ปะอาว', 'เมืองอุบลราชธานี', 'อุบลราชธานี', '34000'),
(2322, 'นาคำ', 'ศรีเมืองใหม่', 'อุบลราชธานี', '34250'),
(2323, 'แก้งกอก', 'ศรีเมืองใหม่', 'อุบลราชธานี', '34250'),
(2324, 'เอือดใหญ่', 'ศรีเมืองใหม่', 'อุบลราชธานี', '34250'),
(2325, 'วาริน', 'ศรีเมืองใหม่', 'อุบลราชธานี', '34250'),
(2326, 'ลาดควาย', 'ศรีเมืองใหม่', 'อุบลราชธานี', '34250'),
(2327, 'สงยาง', 'ศรีเมืองใหม่', 'อุบลราชธานี', '34250'),
(2328, 'ตะบ่าย', 'ศรีเมืองใหม่', 'อุบลราชธานี', '34250'),
(2329, 'คำไหล', 'ศรีเมืองใหม่', 'อุบลราชธานี', '34250'),
(2330, 'หนามแท่ง', 'ศรีเมืองใหม่', 'อุบลราชธานี', '34250'),
(2331, 'นาเลิน', 'ศรีเมืองใหม่', 'อุบลราชธานี', '34250'),
(2332, 'ดอนใหญ่', 'ศรีเมืองใหม่', 'อุบลราชธานี', '34250'),
(2333, 'โขงเจียม', 'โขงเจียม', 'อุบลราชธานี', '34220'),
(2334, 'ห้วยยาง', 'โขงเจียม', 'อุบลราชธานี', '34220'),
(2335, 'นาโพธิ์กลาง', 'โขงเจียม', 'อุบลราชธานี', '34220'),
(2336, 'หนองแสงใหญ่', 'โขงเจียม', 'อุบลราชธานี', '34220'),
(2337, 'ห้วยไผ่', 'โขงเจียม', 'อุบลราชธานี', '34220'),
(2338, 'เขื่องใน', 'เขื่องใน', 'อุบลราชธานี', '34150'),
(2339, 'สร้างถ่อ', 'เขื่องใน', 'อุบลราชธานี', '34150'),
(2340, 'ค้อทอง', 'เขื่องใน', 'อุบลราชธานี', '34150'),
(2341, 'ก่อเอ้', 'เขื่องใน', 'อุบลราชธานี', '34150'),
(2342, 'หัวดอน', 'เขื่องใน', 'อุบลราชธานี', '34150'),
(2343, 'ชีทวน', 'เขื่องใน', 'อุบลราชธานี', '34150'),
(2344, 'ท่าไห', 'เขื่องใน', 'อุบลราชธานี', '34150'),
(2345, 'นาคำใหญ่', 'เขื่องใน', 'อุบลราชธานี', '34150'),
(2346, 'แดงหม้อ', 'เขื่องใน', 'อุบลราชธานี', '34150'),
(2347, 'ธาตุน้อย', 'เขื่องใน', 'อุบลราชธานี', '34150'),
(2348, 'บ้านไทย', 'เขื่องใน', 'อุบลราชธานี', '34320'),
(2349, 'บ้านกอก', 'เขื่องใน', 'อุบลราชธานี', '34320'),
(2350, 'กลางใหญ่', 'เขื่องใน', 'อุบลราชธานี', '34320'),
(2351, 'โนนรัง', 'เขื่องใน', 'อุบลราชธานี', '34320'),
(2352, 'ยางขี้นก', 'เขื่องใน', 'อุบลราชธานี', '34150'),
(2353, 'ศรีสุข', 'เขื่องใน', 'อุบลราชธานี', '34150'),
(2354, 'สหธาตุ', 'เขื่องใน', 'อุบลราชธานี', '34150'),
(2355, 'หนองเหล่า', 'เขื่องใน', 'อุบลราชธานี', '34150'),
(2356, 'เขมราฐ', 'เขมราฐ', 'อุบลราชธานี', '34170'),
(2357, 'ขามป้อม', 'เขมราฐ', 'อุบลราชธานี', '34170'),
(2358, 'เจียด', 'เขมราฐ', 'อุบลราชธานี', '34170'),
(2359, 'หนองผือ', 'เขมราฐ', 'อุบลราชธานี', '34170'),
(2360, 'นาแวง', 'เขมราฐ', 'อุบลราชธานี', '34170'),
(2361, 'แก้งเหนือ', 'เขมราฐ', 'อุบลราชธานี', '34170'),
(2362, 'หนองนกทา', 'เขมราฐ', 'อุบลราชธานี', '34170'),
(2363, 'หนองสิม', 'เขมราฐ', 'อุบลราชธานี', '34170'),
(2364, 'หัวนา', 'เขมราฐ', 'อุบลราชธานี', '34170'),
(2365, 'เมืองเดช', 'เดชอุดม', 'อุบลราชธานี', '34160'),
(2366, 'นาส่วง', 'เดชอุดม', 'อุบลราชธานี', '34160'),
(2367, 'นาเจริญ', 'เดชอุดม', 'อุบลราชธานี', '34160'),
(2368, 'ทุ่งเทิง', 'เดชอุดม', 'อุบลราชธานี', '34160'),
(2369, 'สมสะอาด', 'เดชอุดม', 'อุบลราชธานี', '34160'),
(2370, 'กุดประทาย', 'เดชอุดม', 'อุบลราชธานี', '34160'),
(2371, 'ตบหู', 'เดชอุดม', 'อุบลราชธานี', '34160'),
(2372, 'กลาง', 'เดชอุดม', 'อุบลราชธานี', '34160'),
(2373, 'แก้ง', 'เดชอุดม', 'อุบลราชธานี', '34160'),
(2374, 'ท่าโพธิ์ศรี', 'เดชอุดม', 'อุบลราชธานี', '34160'),
(2375, 'บัวงาม', 'เดชอุดม', 'อุบลราชธานี', '34160'),
(2376, 'คำครั่ง', 'เดชอุดม', 'อุบลราชธานี', '34160'),
(2377, 'นากระแซง', 'เดชอุดม', 'อุบลราชธานี', '34160'),
(2378, 'โพนงาม', 'เดชอุดม', 'อุบลราชธานี', '34160'),
(2379, 'ป่าโมง', 'เดชอุดม', 'อุบลราชธานี', '34160'),
(2380, 'โนนสมบูรณ์', 'เดชอุดม', 'อุบลราชธานี', '34160'),
(2381, 'นาจะหลวย', 'นาจะหลวย', 'อุบลราชธานี', '34280'),
(2382, 'โนนสมบูรณ์', 'นาจะหลวย', 'อุบลราชธานี', '34280'),
(2383, 'พรสวรรค์', 'นาจะหลวย', 'อุบลราชธานี', '34280'),
(2384, 'บ้านตูม', 'นาจะหลวย', 'อุบลราชธานี', '34280'),
(2385, 'โสกแสง', 'นาจะหลวย', 'อุบลราชธานี', '34280'),
(2386, 'โนนสวรรค์', 'นาจะหลวย', 'อุบลราชธานี', '34280'),
(2387, 'โซง', 'น้ำยืน', 'อุบลราชธานี', '34260'),
(2388, 'ยาง', 'น้ำยืน', 'อุบลราชธานี', '34260'),
(2389, 'โดมประดิษฐ์', 'น้ำยืน', 'อุบลราชธานี', '34260'),
(2390, 'บุเปือย', 'น้ำยืน', 'อุบลราชธานี', '34260'),
(2391, 'สีวิเชียร', 'น้ำยืน', 'อุบลราชธานี', '34260'),
(2392, 'ยางใหญ่', 'น้ำยืน', 'อุบลราชธานี', '34260'),
(2393, 'เก่าขาม', 'น้ำยืน', 'อุบลราชธานี', '34260'),
(2394, 'โพนงาม', 'บุณฑริก', 'อุบลราชธานี', '34230'),
(2395, 'ห้วยข่า', 'บุณฑริก', 'อุบลราชธานี', '34230'),
(2396, 'คอแลน', 'บุณฑริก', 'อุบลราชธานี', '34230'),
(2397, 'นาโพธิ์', 'บุณฑริก', 'อุบลราชธานี', '34230'),
(2398, 'หนองสะโน', 'บุณฑริก', 'อุบลราชธานี', '34230'),
(2399, 'โนนค้อ', 'บุณฑริก', 'อุบลราชธานี', '34230'),
(2400, 'บัวงาม', 'บุณฑริก', 'อุบลราชธานี', '34230'),
(2401, 'บ้านแมด', 'บุณฑริก', 'อุบลราชธานี', '34230'),
(2402, 'ขุหลุ', 'ตระการพืชผล', 'อุบลราชธานี', '34130'),
(2403, 'กระเดียน', 'ตระการพืชผล', 'อุบลราชธานี', '34130'),
(2404, 'เกษม', 'ตระการพืชผล', 'อุบลราชธานี', '34130'),
(2405, 'กุศกร', 'ตระการพืชผล', 'อุบลราชธานี', '34130'),
(2406, 'ขามเปี้ย', 'ตระการพืชผล', 'อุบลราชธานี', '34130'),
(2407, 'คอนสาย', 'ตระการพืชผล', 'อุบลราชธานี', '34130'),
(2408, 'โคกจาน', 'ตระการพืชผล', 'อุบลราชธานี', '34130'),
(2409, 'นาพิน', 'ตระการพืชผล', 'อุบลราชธานี', '34130'),
(2410, 'นาสะไม', 'ตระการพืชผล', 'อุบลราชธานี', '34130'),
(2411, 'โนนกุง', 'ตระการพืชผล', 'อุบลราชธานี', '34130'),
(2412, 'ตระการ', 'ตระการพืชผล', 'อุบลราชธานี', '34130'),
(2413, 'ตากแดด', 'ตระการพืชผล', 'อุบลราชธานี', '34130'),
(2414, 'ไหล่ทุ่ง', 'ตระการพืชผล', 'อุบลราชธานี', '34130'),
(2415, 'เป้า', 'ตระการพืชผล', 'อุบลราชธานี', '34130'),
(2416, 'เซเป็ด', 'ตระการพืชผล', 'อุบลราชธานี', '34130'),
(2417, 'สะพือ', 'ตระการพืชผล', 'อุบลราชธานี', '34130'),
(2418, 'หนองเต่า', 'ตระการพืชผล', 'อุบลราชธานี', '34130'),
(2419, 'ถ้ำแข้', 'ตระการพืชผล', 'อุบลราชธานี', '34130'),
(2420, 'ท่าหลวง', 'ตระการพืชผล', 'อุบลราชธานี', '34130'),
(2421, 'ห้วยฝ้ายพัฒนา', 'ตระการพืชผล', 'อุบลราชธานี', '34130'),
(2422, 'กุดยาลวน', 'ตระการพืชผล', 'อุบลราชธานี', '34130'),
(2423, 'บ้านแดง', 'ตระการพืชผล', 'อุบลราชธานี', '34130'),
(2424, 'คำเจริญ', 'ตระการพืชผล', 'อุบลราชธานี', '34130'),
(2425, 'ข้าวปุ้น', 'กุดข้าวปุ้น', 'อุบลราชธานี', '34270'),
(2426, 'โนนสวาง', 'กุดข้าวปุ้น', 'อุบลราชธานี', '34270'),
(2427, 'แก่งเค็ง', 'กุดข้าวปุ้น', 'อุบลราชธานี', '34270'),
(2428, 'กาบิน', 'กุดข้าวปุ้น', 'อุบลราชธานี', '34270'),
(2429, 'หนองทันน้ำ', 'กุดข้าวปุ้น', 'อุบลราชธานี', '34270'),
(2430, 'ม่วงสามสิบ', 'ม่วงสามสิบ', 'อุบลราชธานี', '34140'),
(2431, 'เหล่าบก', 'ม่วงสามสิบ', 'อุบลราชธานี', '34140'),
(2432, 'ดุมใหญ่', 'ม่วงสามสิบ', 'อุบลราชธานี', '34140'),
(2433, 'หนองช้างใหญ่', 'ม่วงสามสิบ', 'อุบลราชธานี', '34140'),
(2434, 'หนองเมือง', 'ม่วงสามสิบ', 'อุบลราชธานี', '34140'),
(2435, 'เตย', 'ม่วงสามสิบ', 'อุบลราชธานี', '34140'),
(2436, 'ยางสักกระโพหลุ่ม', 'ม่วงสามสิบ', 'อุบลราชธานี', '34140'),
(2437, 'หนองไข่นก', 'ม่วงสามสิบ', 'อุบลราชธานี', '34140'),
(2438, 'หนองเหล่า', 'ม่วงสามสิบ', 'อุบลราชธานี', '34140'),
(2439, 'หนองฮาง', 'ม่วงสามสิบ', 'อุบลราชธานี', '34140'),
(2440, 'ยางโยภาพ', 'ม่วงสามสิบ', 'อุบลราชธานี', '34140'),
(2441, 'ไผ่ใหญ่', 'ม่วงสามสิบ', 'อุบลราชธานี', '34140'),
(2442, 'นาเลิง', 'ม่วงสามสิบ', 'อุบลราชธานี', '34140'),
(2443, 'โพนแพง', 'ม่วงสามสิบ', 'อุบลราชธานี', '34140'),
(2444, 'วารินชำราบ', 'วารินชำราบ', 'อุบลราชธานี', '34190'),
(2445, 'ธาตุ', 'วารินชำราบ', 'อุบลราชธานี', '34190'),
(2446, 'ท่าลาด', 'วารินชำราบ', 'อุบลราชธานี', '34310'),
(2447, 'โนนโหนน', 'วารินชำราบ', 'อุบลราชธานี', '34190'),
(2448, 'คูเมือง', 'วารินชำราบ', 'อุบลราชธานี', '34190'),
(2449, 'สระสมิง', 'วารินชำราบ', 'อุบลราชธานี', '34190'),
(2450, 'คำน้ำแซบ', 'วารินชำราบ', 'อุบลราชธานี', '34190'),
(2451, 'บุ่งหวาย', 'วารินชำราบ', 'อุบลราชธานี', '34310'),
(2452, 'คำขวาง', 'วารินชำราบ', 'อุบลราชธานี', '34190'),
(2453, 'โพธิ์ใหญ่', 'วารินชำราบ', 'อุบลราชธานี', '34190'),
(2454, 'แสนสุข', 'วารินชำราบ', 'อุบลราชธานี', '34190'),
(2455, 'หนองกินเพล', 'วารินชำราบ', 'อุบลราชธานี', '34190'),
(2456, 'โนนผึ้ง', 'วารินชำราบ', 'อุบลราชธานี', '34190'),
(2457, 'เมืองศรีไค', 'วารินชำราบ', 'อุบลราชธานี', '34190'),
(2458, 'ห้วยขะยูง', 'วารินชำราบ', 'อุบลราชธานี', '34310'),
(2459, 'บุ่งไหม', 'วารินชำราบ', 'อุบลราชธานี', '34190'),
(2460, 'พิบูล', 'พิบูลมังสาหาร', 'อุบลราชธานี', '34110'),
(2461, 'กุดชมภู', 'พิบูลมังสาหาร', 'อุบลราชธานี', '34110'),
(2462, 'ดอนจิก', 'พิบูลมังสาหาร', 'อุบลราชธานี', '34110'),
(2463, 'ทรายมูล', 'พิบูลมังสาหาร', 'อุบลราชธานี', '34110'),
(2464, 'นาโพธิ์', 'พิบูลมังสาหาร', 'อุบลราชธานี', '34110'),
(2465, 'โนนกลาง', 'พิบูลมังสาหาร', 'อุบลราชธานี', '34110'),
(2466, 'โพธิ์ไทร', 'พิบูลมังสาหาร', 'อุบลราชธานี', '34110'),
(2467, 'โพธิ์ศรี', 'พิบูลมังสาหาร', 'อุบลราชธานี', '34110'),
(2468, 'ระเว', 'พิบูลมังสาหาร', 'อุบลราชธานี', '34110'),
(2469, 'ไร่ใต้', 'พิบูลมังสาหาร', 'อุบลราชธานี', '34110'),
(2470, 'หนองบัวฮี', 'พิบูลมังสาหาร', 'อุบลราชธานี', '34110'),
(2471, 'อ่างศิลา', 'พิบูลมังสาหาร', 'อุบลราชธานี', '34110'),
(2472, 'โนนกาหลง', 'พิบูลมังสาหาร', 'อุบลราชธานี', '34110'),
(2473, 'บ้านแขม', 'พิบูลมังสาหาร', 'อุบลราชธานี', '34110'),
(2474, 'ตาลสุม', 'ตาลสุม', 'อุบลราชธานี', '34330'),
(2475, 'สำโรง', 'ตาลสุม', 'อุบลราชธานี', '34330'),
(2476, 'จิกเทิง', 'ตาลสุม', 'อุบลราชธานี', '34330'),
(2477, 'หนองกุง', 'ตาลสุม', 'อุบลราชธานี', '34330'),
(2478, 'นาคาย', 'ตาลสุม', 'อุบลราชธานี', '34330'),
(2479, 'คำหว้า', 'ตาลสุม', 'อุบลราชธานี', '34330'),
(2480, 'โพธิ์ไทร', 'โพธิ์ไทร', 'อุบลราชธานี', '34340'),
(2481, 'ม่วงใหญ่', 'โพธิ์ไทร', 'อุบลราชธานี', '34340'),
(2482, 'สำโรง', 'โพธิ์ไทร', 'อุบลราชธานี', '34340'),
(2483, 'สองคอน', 'โพธิ์ไทร', 'อุบลราชธานี', '34340'),
(2484, 'สารภี', 'โพธิ์ไทร', 'อุบลราชธานี', '34340'),
(2485, 'เหล่างาม', 'โพธิ์ไทร', 'อุบลราชธานี', '34340'),
(2486, 'สำโรง', 'สำโรง', 'อุบลราชธานี', '34360'),
(2487, 'โคกก่อง', 'สำโรง', 'อุบลราชธานี', '34360'),
(2488, 'หนองไฮ', 'สำโรง', 'อุบลราชธานี', '34360'),
(2489, 'ค้อน้อย', 'สำโรง', 'อุบลราชธานี', '34360'),
(2490, 'โนนกาเล็น', 'สำโรง', 'อุบลราชธานี', '34360'),
(2491, 'โคกสว่าง', 'สำโรง', 'อุบลราชธานี', '34360'),
(2492, 'โนนกลาง', 'สำโรง', 'อุบลราชธานี', '34360'),
(2493, 'บอน', 'สำโรง', 'อุบลราชธานี', '34360'),
(2494, 'ขามป้อม', 'สำโรง', 'อุบลราชธานี', '34360'),
(2495, 'ดอนมดแดง', 'ดอนมดแดง', 'อุบลราชธานี', '34000'),
(2496, 'เหล่าแดง', 'ดอนมดแดง', 'อุบลราชธานี', '34000'),
(2497, 'ท่าเมือง', 'ดอนมดแดง', 'อุบลราชธานี', '34000'),
(2498, 'คำไฮใหญ่', 'ดอนมดแดง', 'อุบลราชธานี', '34000'),
(2499, 'คันไร่', 'สิรินธร', 'อุบลราชธานี', '34350'),
(2500, 'ช่องเม็ก', 'สิรินธร', 'อุบลราชธานี', '34350'),
(2501, 'โนนก่อ', 'สิรินธร', 'อุบลราชธานี', '34350'),
(2502, 'นิคมสร้างตนเองลำโดมน้อย', 'สิรินธร', 'อุบลราชธานี', '34350'),
(2503, 'ฝางคำ', 'สิรินธร', 'อุบลราชธานี', '34350'),
(2504, 'คำเขื่อนแก้ว', 'สิรินธร', 'อุบลราชธานี', '34350'),
(2505, 'หนองอ้ม', 'ทุ่งศรีอุดม', 'อุบลราชธานี', '34160'),
(2506, 'นาเกษม', 'ทุ่งศรีอุดม', 'อุบลราชธานี', '34160'),
(2507, 'กุดเรือ', 'ทุ่งศรีอุดม', 'อุบลราชธานี', '34160'),
(2508, 'โคกชำแระ', 'ทุ่งศรีอุดม', 'อุบลราชธานี', '34160'),
(2509, 'นาห่อม', 'ทุ่งศรีอุดม', 'อุบลราชธานี', '34160'),
(2510, 'นาเยีย', 'นาเยีย', 'อุบลราชธานี', '34160'),
(2511, 'นาดี', 'นาเยีย', 'อุบลราชธานี', '34160'),
(2512, 'นาเรือง', 'นาเยีย', 'อุบลราชธานี', '34160'),
(2513, 'นาตาล', 'นาตาล', 'อุบลราชธานี', '34170'),
(2514, 'พะลาน', 'นาตาล', 'อุบลราชธานี', '34170'),
(2515, 'กองโพน', 'นาตาล', 'อุบลราชธานี', '34170'),
(2516, 'พังเคน', 'นาตาล', 'อุบลราชธานี', '34170'),
(2517, 'เหล่าเสือโก้ก', 'เหล่าเสือโก้ก', 'อุบลราชธานี', '34000'),
(2518, 'โพนเมือง', 'เหล่าเสือโก้ก', 'อุบลราชธานี', '34000'),
(2519, 'แพงใหญ่', 'เหล่าเสือโก้ก', 'อุบลราชธานี', '34000'),
(2520, 'หนองบก', 'เหล่าเสือโก้ก', 'อุบลราชธานี', '34000'),
(2521, 'แก่งโดม', 'สว่างวีระวงศ์', 'อุบลราชธานี', '34190'),
(2522, 'ท่าช้าง', 'สว่างวีระวงศ์', 'อุบลราชธานี', '34190'),
(2523, 'บุ่งมะแลง', 'สว่างวีระวงศ์', 'อุบลราชธานี', '34190'),
(2524, 'สว่าง', 'สว่างวีระวงศ์', 'อุบลราชธานี', '34190'),
(2525, 'ตาเกา', 'น้ำขุ่น', 'อุบลราชธานี', '34260'),
(2526, 'ไพบูลย์', 'น้ำขุ่น', 'อุบลราชธานี', '34260'),
(2527, 'ขี้เหล็ก', 'น้ำขุ่น', 'อุบลราชธานี', '34260'),
(2528, 'โคกสะอาด', 'น้ำขุ่น', 'อุบลราชธานี', '34260'),
(2529, 'ในเมือง', 'เมืองยโสธร', 'ยโสธร', '35000'),
(2530, 'น้ำคำใหญ่', 'เมืองยโสธร', 'ยโสธร', '35000'),
(2531, 'ตาดทอง', 'เมืองยโสธร', 'ยโสธร', '35000'),
(2532, 'สำราญ', 'เมืองยโสธร', 'ยโสธร', '35000'),
(2533, 'ค้อเหนือ', 'เมืองยโสธร', 'ยโสธร', '35000'),
(2534, 'ดู่ทุ่ง', 'เมืองยโสธร', 'ยโสธร', '35000'),
(2535, 'เดิด', 'เมืองยโสธร', 'ยโสธร', '35000'),
(2536, 'ขั้นไดใหญ่', 'เมืองยโสธร', 'ยโสธร', '35000'),
(2537, 'ทุ่งแต้', 'เมืองยโสธร', 'ยโสธร', '35000'),
(2538, 'สิงห์', 'เมืองยโสธร', 'ยโสธร', '35000'),
(2539, 'นาสะไมย์', 'เมืองยโสธร', 'ยโสธร', '35000'),
(2540, 'เขื่องคำ', 'เมืองยโสธร', 'ยโสธร', '35000'),
(2541, 'หนองหิน', 'เมืองยโสธร', 'ยโสธร', '35000'),
(2542, 'หนองคู', 'เมืองยโสธร', 'ยโสธร', '35000'),
(2543, 'ขุมเงิน', 'เมืองยโสธร', 'ยโสธร', '35000'),
(2544, 'ทุ่งนางโอก', 'เมืองยโสธร', 'ยโสธร', '35000'),
(2545, 'หนองเรือ', 'เมืองยโสธร', 'ยโสธร', '35000'),
(2546, 'หนองเป็ด', 'เมืองยโสธร', 'ยโสธร', '35000'),
(2547, 'ทรายมูล', 'ทรายมูล', 'ยโสธร', '35170'),
(2548, 'ดู่ลาด', 'ทรายมูล', 'ยโสธร', '35170'),
(2549, 'ดงมะไฟ', 'ทรายมูล', 'ยโสธร', '35170'),
(2550, 'นาเวียง', 'ทรายมูล', 'ยโสธร', '35170'),
(2551, 'ไผ่', 'ทรายมูล', 'ยโสธร', '35170'),
(2552, 'กุดชุม', 'กุดชุม', 'ยโสธร', '35140'),
(2553, 'โนนเปือย', 'กุดชุม', 'ยโสธร', '35140'),
(2554, 'กำแมด', 'กุดชุม', 'ยโสธร', '35140'),
(2555, 'นาโส่', 'กุดชุม', 'ยโสธร', '35140'),
(2556, 'ห้วยแก้ง', 'กุดชุม', 'ยโสธร', '35140'),
(2557, 'หนองหมี', 'กุดชุม', 'ยโสธร', '35140'),
(2558, 'โพนงาม', 'กุดชุม', 'ยโสธร', '35140'),
(2559, 'คำน้ำสร้าง', 'กุดชุม', 'ยโสธร', '35140'),
(2560, 'หนองแหน', 'กุดชุม', 'ยโสธร', '35140'),
(2561, 'ลุมพุก', 'คำเขื่อนแก้ว', 'ยโสธร', '35110'),
(2562, 'ย่อ', 'คำเขื่อนแก้ว', 'ยโสธร', '35110'),
(2563, 'สงเปือย', 'คำเขื่อนแก้ว', 'ยโสธร', '35110'),
(2564, 'โพนทัน', 'คำเขื่อนแก้ว', 'ยโสธร', '35110'),
(2565, 'ทุ่งมน', 'คำเขื่อนแก้ว', 'ยโสธร', '35110'),
(2566, 'นาคำ', 'คำเขื่อนแก้ว', 'ยโสธร', '35180'),
(2567, 'ดงแคนใหญ่', 'คำเขื่อนแก้ว', 'ยโสธร', '35180'),
(2568, 'กู่จาน', 'คำเขื่อนแก้ว', 'ยโสธร', '35110'),
(2569, 'นาแก', 'คำเขื่อนแก้ว', 'ยโสธร', '35180'),
(2570, 'กุดกุง', 'คำเขื่อนแก้ว', 'ยโสธร', '35110'),
(2571, 'เหล่าไฮ', 'คำเขื่อนแก้ว', 'ยโสธร', '35110'),
(2572, 'แคนน้อย', 'คำเขื่อนแก้ว', 'ยโสธร', '35180'),
(2573, 'ดงเจริญ', 'คำเขื่อนแก้ว', 'ยโสธร', '35110'),
(2574, 'โพธิ์ไทร', 'ป่าติ้ว', 'ยโสธร', '35150'),
(2575, 'กระจาย', 'ป่าติ้ว', 'ยโสธร', '35150'),
(2576, 'โคกนาโก', 'ป่าติ้ว', 'ยโสธร', '35150'),
(2577, 'เชียงเพ็ง', 'ป่าติ้ว', 'ยโสธร', '35150'),
(2578, 'ศรีฐาน', 'ป่าติ้ว', 'ยโสธร', '35150'),
(2579, 'ฟ้าหยาด', 'มหาชนะชัย', 'ยโสธร', '35130'),
(2580, 'หัวเมือง', 'มหาชนะชัย', 'ยโสธร', '35130'),
(2581, 'คูเมือง', 'มหาชนะชัย', 'ยโสธร', '35130'),
(2582, 'ผือฮี', 'มหาชนะชัย', 'ยโสธร', '35130'),
(2583, 'บากเรือ', 'มหาชนะชัย', 'ยโสธร', '35130'),
(2584, 'ม่วง', 'มหาชนะชัย', 'ยโสธร', '35130'),
(2585, 'โนนทราย', 'มหาชนะชัย', 'ยโสธร', '35130'),
(2586, 'บึงแก', 'มหาชนะชัย', 'ยโสธร', '35130'),
(2587, 'พระเสาร์', 'มหาชนะชัย', 'ยโสธร', '35130'),
(2588, 'สงยาง', 'มหาชนะชัย', 'ยโสธร', '35130'),
(2589, 'ฟ้าห่วน', 'ค้อวัง', 'ยโสธร', '35160'),
(2590, 'กุดน้ำใส', 'ค้อวัง', 'ยโสธร', '35160'),
(2591, 'น้ำอ้อม', 'ค้อวัง', 'ยโสธร', '35160'),
(2592, 'ค้อวัง', 'ค้อวัง', 'ยโสธร', '35160'),
(2593, 'บุ่งค้า', 'เลิงนกทา', 'ยโสธร', '35120'),
(2594, 'สวาท', 'เลิงนกทา', 'ยโสธร', '35120'),
(2595, 'ห้องแซง', 'เลิงนกทา', 'ยโสธร', '35120'),
(2596, 'สามัคคี', 'เลิงนกทา', 'ยโสธร', '35120'),
(2597, 'กุดเชียงหมี', 'เลิงนกทา', 'ยโสธร', '35120'),
(2598, 'สามแยก', 'เลิงนกทา', 'ยโสธร', '35120'),
(2599, 'กุดแห่', 'เลิงนกทา', 'ยโสธร', '35120'),
(2600, 'โคกสำราญ', 'เลิงนกทา', 'ยโสธร', '35120'),
(2601, 'สร้างมิ่ง', 'เลิงนกทา', 'ยโสธร', '35120'),
(2602, 'ศรีแก้ว', 'เลิงนกทา', 'ยโสธร', '35120'),
(2603, 'ไทยเจริญ', 'ไทยเจริญ', 'ยโสธร', '35120'),
(2604, 'น้ำคำ', 'ไทยเจริญ', 'ยโสธร', '35120'),
(2605, 'ส้มผ่อ', 'ไทยเจริญ', 'ยโสธร', '35120'),
(2606, 'คำเตย', 'ไทยเจริญ', 'ยโสธร', '35120'),
(2607, 'คำไผ่', 'ไทยเจริญ', 'ยโสธร', '35120'),
(2608, 'ในเมือง', 'เมืองชัยภูมิ', 'ชัยภูมิ', '36000'),
(2609, 'รอบเมือง', 'เมืองชัยภูมิ', 'ชัยภูมิ', '36000'),
(2610, 'โพนทอง', 'เมืองชัยภูมิ', 'ชัยภูมิ', '36000'),
(2611, 'นาฝาย', 'เมืองชัยภูมิ', 'ชัยภูมิ', '36000'),
(2612, 'บ้านค่าย', 'เมืองชัยภูมิ', 'ชัยภูมิ', '36240'),
(2613, 'กุดตุ้ม', 'เมืองชัยภูมิ', 'ชัยภูมิ', '36000'),
(2614, 'ชีลอง', 'เมืองชัยภูมิ', 'ชัยภูมิ', '36000'),
(2615, 'บ้านเล่า', 'เมืองชัยภูมิ', 'ชัยภูมิ', '36000'),
(2616, 'นาเสียว', 'เมืองชัยภูมิ', 'ชัยภูมิ', '36000'),
(2617, 'หนองนาแซง', 'เมืองชัยภูมิ', 'ชัยภูมิ', '36000'),
(2618, 'ลาดใหญ่', 'เมืองชัยภูมิ', 'ชัยภูมิ', '36000'),
(2619, 'หนองไผ่', 'เมืองชัยภูมิ', 'ชัยภูมิ', '36240'),
(2620, 'ท่าหินโงม', 'เมืองชัยภูมิ', 'ชัยภูมิ', '36000'),
(2621, 'ห้วยต้อน', 'เมืองชัยภูมิ', 'ชัยภูมิ', '36000'),
(2622, 'ห้วยบง', 'เมืองชัยภูมิ', 'ชัยภูมิ', '36000'),
(2623, 'โนนสำราญ', 'เมืองชัยภูมิ', 'ชัยภูมิ', '36240'),
(2624, 'โคกสูง', 'เมืองชัยภูมิ', 'ชัยภูมิ', '36000'),
(2625, 'บุ่งคล้า', 'เมืองชัยภูมิ', 'ชัยภูมิ', '36000'),
(2626, 'ซับสีทอง', 'เมืองชัยภูมิ', 'ชัยภูมิ', '36000'),
(2627, 'บ้านเขว้า', 'บ้านเขว้า', 'ชัยภูมิ', '36170'),
(2628, 'ตลาดแร้ง', 'บ้านเขว้า', 'ชัยภูมิ', '36170'),
(2629, 'ลุ่มลำชี', 'บ้านเขว้า', 'ชัยภูมิ', '36170'),
(2630, 'ชีบน', 'บ้านเขว้า', 'ชัยภูมิ', '36170'),
(2631, 'ภูแลนคา', 'บ้านเขว้า', 'ชัยภูมิ', '36170'),
(2632, 'โนนแดง', 'บ้านเขว้า', 'ชัยภูมิ', '36170'),
(2633, 'คอนสวรรค์', 'คอนสวรรค์', 'ชัยภูมิ', '36140'),
(2634, 'ยางหวาย', 'คอนสวรรค์', 'ชัยภูมิ', '36140'),
(2635, 'ช่องสามหมอ', 'คอนสวรรค์', 'ชัยภูมิ', '36140'),
(2636, 'โนนสะอาด', 'คอนสวรรค์', 'ชัยภูมิ', '36140'),
(2637, 'ห้วยไร่', 'คอนสวรรค์', 'ชัยภูมิ', '36140'),
(2638, 'บ้านโสก', 'คอนสวรรค์', 'ชัยภูมิ', '36140'),
(2639, 'โคกมั่งงอย', 'คอนสวรรค์', 'ชัยภูมิ', '36140'),
(2640, 'หนองขาม', 'คอนสวรรค์', 'ชัยภูมิ', '36140'),
(2641, 'ศรีสำราญ', 'คอนสวรรค์', 'ชัยภูมิ', '36140'),
(2642, 'บ้านยาง', 'เกษตรสมบูรณ์', 'ชัยภูมิ', '36120'),
(2643, 'บ้านหัน', 'เกษตรสมบูรณ์', 'ชัยภูมิ', '36120'),
(2644, 'บ้านเดื่อ', 'เกษตรสมบูรณ์', 'ชัยภูมิ', '36120'),
(2645, 'บ้านเป้า', 'เกษตรสมบูรณ์', 'ชัยภูมิ', '36120'),
(2646, 'กุดเลาะ', 'เกษตรสมบูรณ์', 'ชัยภูมิ', '36120'),
(2647, 'โนนกอก', 'เกษตรสมบูรณ์', 'ชัยภูมิ', '36120'),
(2648, 'สระโพนทอง', 'เกษตรสมบูรณ์', 'ชัยภูมิ', '36120'),
(2649, 'หนองข่า', 'เกษตรสมบูรณ์', 'ชัยภูมิ', '36120'),
(2650, 'หนองโพนงาม', 'เกษตรสมบูรณ์', 'ชัยภูมิ', '36120'),
(2651, 'บ้านบัว', 'เกษตรสมบูรณ์', 'ชัยภูมิ', '36120'),
(2652, 'โนนทอง', 'เกษตรสมบูรณ์', 'ชัยภูมิ', '36120'),
(2653, 'หนองบัวแดง', 'หนองบัวแดง', 'ชัยภูมิ', '36210'),
(2654, 'กุดชุมแสง', 'หนองบัวแดง', 'ชัยภูมิ', '36210'),
(2655, 'ถ้ำวัวแดง', 'หนองบัวแดง', 'ชัยภูมิ', '36210'),
(2656, 'นางแดด', 'หนองบัวแดง', 'ชัยภูมิ', '36210'),
(2657, 'หนองแวง', 'หนองบัวแดง', 'ชัยภูมิ', '36210'),
(2658, 'คูเมือง', 'หนองบัวแดง', 'ชัยภูมิ', '36210'),
(2659, 'ท่าใหญ่', 'หนองบัวแดง', 'ชัยภูมิ', '36210'),
(2660, 'วังชมภู', 'หนองบัวแดง', 'ชัยภูมิ', '36210'),
(2661, 'บ้านกอก', 'จัตุรัส', 'ชัยภูมิ', '36130'),
(2662, 'หนองบัวบาน', 'จัตุรัส', 'ชัยภูมิ', '36130'),
(2663, 'บ้านขาม', 'จัตุรัส', 'ชัยภูมิ', '36130'),
(2664, 'กุดน้ำใส', 'จัตุรัส', 'ชัยภูมิ', '36130'),
(2665, 'หนองโดน', 'จัตุรัส', 'ชัยภูมิ', '36130'),
(2666, 'ละหาน', 'จัตุรัส', 'ชัยภูมิ', '36130'),
(2667, 'หนองบัวใหญ่', 'จัตุรัส', 'ชัยภูมิ', '36130'),
(2668, 'หนองบัวโคก', 'จัตุรัส', 'ชัยภูมิ', '36220'),
(2669, 'ส้มป่อย', 'จัตุรัส', 'ชัยภูมิ', '36130'),
(2670, 'บ้านชวน', 'บำเหน็จณรงค์', 'ชัยภูมิ', '36160'),
(2671, 'บ้านเพชร', 'บำเหน็จณรงค์', 'ชัยภูมิ', '36160'),
(2672, 'บ้านตาล', 'บำเหน็จณรงค์', 'ชัยภูมิ', '36220'),
(2673, 'หัวทะเล', 'บำเหน็จณรงค์', 'ชัยภูมิ', '36220'),
(2674, 'โคกเริงรมย์', 'บำเหน็จณรงค์', 'ชัยภูมิ', '36160'),
(2675, 'เกาะมะนาว', 'บำเหน็จณรงค์', 'ชัยภูมิ', '36160'),
(2676, 'โคกเพชรพัฒนา', 'บำเหน็จณรงค์', 'ชัยภูมิ', '36160'),
(2677, 'หนองบัวระเหว', 'หนองบัวระเหว', 'ชัยภูมิ', '36250'),
(2678, 'วังตะเฆ่', 'หนองบัวระเหว', 'ชัยภูมิ', '36250'),
(2679, 'ห้วยแย้', 'หนองบัวระเหว', 'ชัยภูมิ', '36250'),
(2680, 'โคกสะอาด', 'หนองบัวระเหว', 'ชัยภูมิ', '36250'),
(2681, 'โสกปลาดุก', 'หนองบัวระเหว', 'ชัยภูมิ', '36250'),
(2682, 'วะตะแบก', 'เทพสถิต', 'ชัยภูมิ', '36230'),
(2683, 'ห้วยยายจิ๋ว', 'เทพสถิต', 'ชัยภูมิ', '36230'),
(2684, 'นายางกลัก', 'เทพสถิต', 'ชัยภูมิ', '36230'),
(2685, 'บ้านไร่', 'เทพสถิต', 'ชัยภูมิ', '36230'),
(2686, 'โป่งนก', 'เทพสถิต', 'ชัยภูมิ', '36230'),
(2687, 'ผักปัง', 'ภูเขียว', 'ชัยภูมิ', '36110'),
(2688, 'กวางโจน', 'ภูเขียว', 'ชัยภูมิ', '36110'),
(2689, 'หนองคอนไทย', 'ภูเขียว', 'ชัยภูมิ', '36110'),
(2690, 'บ้านแก้ง', 'ภูเขียว', 'ชัยภูมิ', '36110'),
(2691, 'กุดยม', 'ภูเขียว', 'ชัยภูมิ', '36110'),
(2692, 'บ้านเพชร', 'ภูเขียว', 'ชัยภูมิ', '36110'),
(2693, 'โคกสะอาด', 'ภูเขียว', 'ชัยภูมิ', '36110'),
(2694, 'หนองตูม', 'ภูเขียว', 'ชัยภูมิ', '36110'),
(2695, 'โอโล', 'ภูเขียว', 'ชัยภูมิ', '36110'),
(2696, 'ธาตุทอง', 'ภูเขียว', 'ชัยภูมิ', '36110'),
(2697, 'บ้านดอน', 'ภูเขียว', 'ชัยภูมิ', '36110'),
(2698, 'บ้านแท่น', 'บ้านแท่น', 'ชัยภูมิ', '36190'),
(2699, 'สามสวน', 'บ้านแท่น', 'ชัยภูมิ', '36190'),
(2700, 'สระพัง', 'บ้านแท่น', 'ชัยภูมิ', '36190'),
(2701, 'บ้านเต่า', 'บ้านแท่น', 'ชัยภูมิ', '36190'),
(2702, 'หนองคู', 'บ้านแท่น', 'ชัยภูมิ', '36190'),
(2703, 'ช่องสามหมอ', 'แก้งคร้อ', 'ชัยภูมิ', '36150'),
(2704, 'หนองขาม', 'แก้งคร้อ', 'ชัยภูมิ', '36150'),
(2705, 'นาหนองทุ่ม', 'แก้งคร้อ', 'ชัยภูมิ', '36150'),
(2706, 'บ้านแก้ง', 'แก้งคร้อ', 'ชัยภูมิ', '36150'),
(2707, 'หนองสังข์', 'แก้งคร้อ', 'ชัยภูมิ', '36150'),
(2708, 'หลุบคา', 'แก้งคร้อ', 'ชัยภูมิ', '36150'),
(2709, 'โคกกุง', 'แก้งคร้อ', 'ชัยภูมิ', '36150'),
(2710, 'เก่าย่าดี', 'แก้งคร้อ', 'ชัยภูมิ', '36150'),
(2711, 'ท่ามะไฟหวาน', 'แก้งคร้อ', 'ชัยภูมิ', '36150'),
(2712, 'หนองไผ่', 'แก้งคร้อ', 'ชัยภูมิ', '36150'),
(2713, 'คอนสาร', 'คอนสาร', 'ชัยภูมิ', '36180'),
(2714, 'ทุ่งพระ', 'คอนสาร', 'ชัยภูมิ', '36180'),
(2715, 'โนนคูณ', 'คอนสาร', 'ชัยภูมิ', '36180'),
(2716, 'ห้วยยาง', 'คอนสาร', 'ชัยภูมิ', '36180'),
(2717, 'ทุ่งลุยลาย', 'คอนสาร', 'ชัยภูมิ', '36180'),
(2718, 'ดงบัง', 'คอนสาร', 'ชัยภูมิ', '36180'),
(2719, 'ทุ่งนาเลา', 'คอนสาร', 'ชัยภูมิ', '36180'),
(2720, 'ดงกลาง', 'คอนสาร', 'ชัยภูมิ', '36180'),
(2721, 'บ้านเจียง', 'ภักดีชุมพล', 'ชัยภูมิ', '36260'),
(2722, 'เจาทอง', 'ภักดีชุมพล', 'ชัยภูมิ', '36260'),
(2723, 'วังทอง', 'ภักดีชุมพล', 'ชัยภูมิ', '36260'),
(2724, 'แหลมทอง', 'ภักดีชุมพล', 'ชัยภูมิ', '36260'),
(2725, 'หนองฉิม', 'เนินสง่า', 'ชัยภูมิ', '36130'),
(2726, 'ตาเนิน', 'เนินสง่า', 'ชัยภูมิ', '36130'),
(2727, 'กะฮาด', 'เนินสง่า', 'ชัยภูมิ', '36130'),
(2728, 'รังงาม', 'เนินสง่า', 'ชัยภูมิ', '36130'),
(2729, 'ซับใหญ่', 'ซับใหญ่', 'ชัยภูมิ', '36130'),
(2730, 'ท่ากูบ', 'ซับใหญ่', 'ชัยภูมิ', '36130'),
(2731, 'ตะโกทอง', 'ซับใหญ่', 'ชัยภูมิ', '36130'),
(2732, 'บุ่ง', 'เมืองอำนาจเจริญ', 'อำนาจเจริญ', '37000'),
(2733, 'ไก่คำ', 'เมืองอำนาจเจริญ', 'อำนาจเจริญ', '37000'),
(2734, 'นาจิก', 'เมืองอำนาจเจริญ', 'อำนาจเจริญ', '37000'),
(2735, 'ปลาค้าว', 'เมืองอำนาจเจริญ', 'อำนาจเจริญ', '37000'),
(2736, 'เหล่าพรวน', 'เมืองอำนาจเจริญ', 'อำนาจเจริญ', '37000'),
(2737, 'สร้างนกทา', 'เมืองอำนาจเจริญ', 'อำนาจเจริญ', '37000'),
(2738, 'คึมใหญ่', 'เมืองอำนาจเจริญ', 'อำนาจเจริญ', '37000'),
(2739, 'นาผือ', 'เมืองอำนาจเจริญ', 'อำนาจเจริญ', '37000'),
(2740, 'น้ำปลีก', 'เมืองอำนาจเจริญ', 'อำนาจเจริญ', '37000'),
(2741, 'นาวัง', 'เมืองอำนาจเจริญ', 'อำนาจเจริญ', '37000'),
(2742, 'นาหมอม้า', 'เมืองอำนาจเจริญ', 'อำนาจเจริญ', '37000'),
(2743, 'โนนโพธิ์', 'เมืองอำนาจเจริญ', 'อำนาจเจริญ', '37000'),
(2744, 'โนนหนามแท่ง', 'เมืองอำนาจเจริญ', 'อำนาจเจริญ', '37000'),
(2745, 'ห้วยไร่', 'เมืองอำนาจเจริญ', 'อำนาจเจริญ', '37000'),
(2746, 'หนองมะแซว', 'เมืองอำนาจเจริญ', 'อำนาจเจริญ', '37000'),
(2747, 'กุดปลาดุก', 'เมืองอำนาจเจริญ', 'อำนาจเจริญ', '37000'),
(2748, 'ดอนเมย', 'เมืองอำนาจเจริญ', 'อำนาจเจริญ', '37000'),
(2749, 'นายม', 'เมืองอำนาจเจริญ', 'อำนาจเจริญ', '37000'),
(2750, 'นาแต้', 'เมืองอำนาจเจริญ', 'อำนาจเจริญ', '37000'),
(2751, 'ชานุมาน', 'ชานุมาน', 'อำนาจเจริญ', '37210'),
(2752, 'โคกสาร', 'ชานุมาน', 'อำนาจเจริญ', '37210'),
(2753, 'คำเขื่อนแก้ว', 'ชานุมาน', 'อำนาจเจริญ', '37210'),
(2754, 'โคกก่ง', 'ชานุมาน', 'อำนาจเจริญ', '37210'),
(2755, 'ป่าก่อ', 'ชานุมาน', 'อำนาจเจริญ', '37210'),
(2756, 'หนองข่า', 'ปทุมราชวงศา', 'อำนาจเจริญ', '37110'),
(2757, 'คำโพน', 'ปทุมราชวงศา', 'อำนาจเจริญ', '37110'),
(2758, 'นาหว้า', 'ปทุมราชวงศา', 'อำนาจเจริญ', '37110'),
(2759, 'ลือ', 'ปทุมราชวงศา', 'อำนาจเจริญ', '37110'),
(2760, 'ห้วย', 'ปทุมราชวงศา', 'อำนาจเจริญ', '37110'),
(2761, 'โนนงาม', 'ปทุมราชวงศา', 'อำนาจเจริญ', '37110'),
(2762, 'นาป่าแซง', 'ปทุมราชวงศา', 'อำนาจเจริญ', '37110'),
(2763, 'พนา', 'พนา', 'อำนาจเจริญ', '37180'),
(2764, 'จานลาน', 'พนา', 'อำนาจเจริญ', '37180'),
(2765, 'ไม้กลอน', 'พนา', 'อำนาจเจริญ', '37180'),
(2766, 'พระเหลา', 'พนา', 'อำนาจเจริญ', '37180'),
(2767, 'เสนางคนิคม', 'เสนางคนิคม', 'อำนาจเจริญ', '37290'),
(2768, 'โพนทอง', 'เสนางคนิคม', 'อำนาจเจริญ', '37290'),
(2769, 'ไร่สีสุก', 'เสนางคนิคม', 'อำนาจเจริญ', '37290'),
(2770, 'นาเวียง', 'เสนางคนิคม', 'อำนาจเจริญ', '37290'),
(2771, 'หนองไฮ', 'เสนางคนิคม', 'อำนาจเจริญ', '37290'),
(2772, 'หนองสามสี', 'เสนางคนิคม', 'อำนาจเจริญ', '37290'),
(2773, 'หัวตะพาน', 'หัวตะพาน', 'อำนาจเจริญ', '37240'),
(2774, 'คำพระ', 'หัวตะพาน', 'อำนาจเจริญ', '37240'),
(2775, 'เค็งใหญ่', 'หัวตะพาน', 'อำนาจเจริญ', '37240'),
(2776, 'หนองแก้ว', 'หัวตะพาน', 'อำนาจเจริญ', '37240'),
(2777, 'โพนเมืองน้อย', 'หัวตะพาน', 'อำนาจเจริญ', '37240'),
(2778, 'สร้างถ่อน้อย', 'หัวตะพาน', 'อำนาจเจริญ', '37240'),
(2779, 'จิกดู่', 'หัวตะพาน', 'อำนาจเจริญ', '37240'),
(2780, 'รัตนวารี', 'หัวตะพาน', 'อำนาจเจริญ', '37240'),
(2781, 'อำนาจ', 'ลืออำนาจ', 'อำนาจเจริญ', '37000'),
(2782, 'ดงมะยาง', 'ลืออำนาจ', 'อำนาจเจริญ', '37000'),
(2783, 'เปือย', 'ลืออำนาจ', 'อำนาจเจริญ', '37000'),
(2784, 'ดงบัง', 'ลืออำนาจ', 'อำนาจเจริญ', '37000'),
(2785, 'ไร่ขี', 'ลืออำนาจ', 'อำนาจเจริญ', '37000'),
(2786, 'แมด', 'ลืออำนาจ', 'อำนาจเจริญ', '37000'),
(2787, 'โคกกลาง', 'ลืออำนาจ', 'อำนาจเจริญ', '37000'),
(2788, 'บึงกาฬ', 'เมืองบึงกาฬ', 'บึงกาฬ', '38000'),
(2789, 'โนนสมบูรณ์', 'เมืองบึงกาฬ', 'บึงกาฬ', '38000'),
(2790, 'โนนสว่าง', 'เมืองบึงกาฬ', 'บึงกาฬ', '38000'),
(2791, 'หอคำ', 'เมืองบึงกาฬ', 'บึงกาฬ', '38000'),
(2792, 'หนองเลิง', 'เมืองบึงกาฬ', 'บึงกาฬ', '38000'),
(2793, 'โคกก่อง', 'เมืองบึงกาฬ', 'บึงกาฬ', '38000'),
(2794, 'นาสวรรค์', 'เมืองบึงกาฬ', 'บึงกาฬ', '38000'),
(2795, 'ไคสี', 'เมืองบึงกาฬ', 'บึงกาฬ', '38000'),
(2796, 'ชัยพร', 'เมืองบึงกาฬ', 'บึงกาฬ', '38000'),
(2797, 'วิศิษฐ์', 'เมืองบึงกาฬ', 'บึงกาฬ', '38000'),
(2798, 'คำนาดี', 'เมืองบึงกาฬ', 'บึงกาฬ', '38000'),
(2799, 'โป่งเปือย', 'เมืองบึงกาฬ', 'บึงกาฬ', '38000'),
(2800, 'ศรีชมภู', 'พรเจริญ', 'บึงกาฬ', '38180'),
(2801, 'ดอนหญ้านาง', 'พรเจริญ', 'บึงกาฬ', '38180'),
(2802, 'พรเจริญ', 'พรเจริญ', 'บึงกาฬ', '38180'),
(2803, 'หนองหัวช้าง', 'พรเจริญ', 'บึงกาฬ', '38180'),
(2804, 'วังชมภู', 'พรเจริญ', 'บึงกาฬ', '38180'),
(2805, 'ป่าแฝก', 'พรเจริญ', 'บึงกาฬ', '38180'),
(2806, 'ศรีสำราญ', 'พรเจริญ', 'บึงกาฬ', '38180'),
(2807, 'โซ่', 'โซ่พิสัย', 'บึงกาฬ', '38170'),
(2808, 'หนองพันทา', 'โซ่พิสัย', 'บึงกาฬ', '38170'),
(2809, 'ศรีชมภู', 'โซ่พิสัย', 'บึงกาฬ', '38170'),
(2810, 'คำแก้ว', 'โซ่พิสัย', 'บึงกาฬ', '38170'),
(2811, 'บัวตูม', 'โซ่พิสัย', 'บึงกาฬ', '38170'),
(2812, 'ถ้ำเจริญ', 'โซ่พิสัย', 'บึงกาฬ', '38170'),
(2813, 'เหล่าทอง', 'โซ่พิสัย', 'บึงกาฬ', '38170'),
(2814, 'เซกา', 'เซกา', 'บึงกาฬ', '38150'),
(2815, 'ซาง', 'เซกา', 'บึงกาฬ', '38150'),
(2816, 'ท่ากกแดง', 'เซกา', 'บึงกาฬ', '38150'),
(2817, 'บ้านต้อง', 'เซกา', 'บึงกาฬ', '38150'),
(2818, 'ป่งไฮ', 'เซกา', 'บึงกาฬ', '38150'),
(2819, 'น้ำจั้น', 'เซกา', 'บึงกาฬ', '38150'),
(2820, 'ท่าสะอาด', 'เซกา', 'บึงกาฬ', '38150'),
(2821, 'หนองทุ่ม', 'เซกา', 'บึงกาฬ', '38150'),
(2822, 'โสกก่าม', 'เซกา', 'บึงกาฬ', '38150'),
(2823, 'ปากคาด', 'ปากคาด', 'บึงกาฬ', '38190'),
(2824, 'หนองยอง', 'ปากคาด', 'บึงกาฬ', '38190'),
(2825, 'นากั้ง', 'ปากคาด', 'บึงกาฬ', '38190'),
(2826, 'โนนศิลา', 'ปากคาด', 'บึงกาฬ', '38190'),
(2827, 'สมสนุก', 'ปากคาด', 'บึงกาฬ', '38190'),
(2828, 'นาดง', 'ปากคาด', 'บึงกาฬ', '38190'),
(2829, 'บึงโขงหลง', 'บึงโขงหลง', 'บึงกาฬ', '38220'),
(2830, 'โพธิ์หมากแข้ง', 'บึงโขงหลง', 'บึงกาฬ', '38220'),
(2831, 'ดงบัง', 'บึงโขงหลง', 'บึงกาฬ', '38220'),
(2832, 'ท่าดอกคำ', 'บึงโขงหลง', 'บึงกาฬ', '38220'),
(2833, 'ศรีวิไล', 'ศรีวิไล', 'บึงกาฬ', '38210'),
(2834, 'ชุมภูพร', 'ศรีวิไล', 'บึงกาฬ', '38210'),
(2835, 'นาแสง', 'ศรีวิไล', 'บึงกาฬ', '38210'),
(2836, 'นาสะแบง', 'ศรีวิไล', 'บึงกาฬ', '38210'),
(2837, 'นาสิงห์', 'ศรีวิไล', 'บึงกาฬ', '38210'),
(2838, 'บุ่งคล้า', 'บุ่งคล้า', 'บึงกาฬ', '38000'),
(2839, 'หนองเดิ่น', 'บุ่งคล้า', 'บึงกาฬ', '38000'),
(2840, 'โคกกว้าง', 'บุ่งคล้า', 'บึงกาฬ', '38000'),
(2841, 'หนองบัว', 'เมืองหนองบัวลำภู', 'หนองบัวลำภู', '39000'),
(2842, 'หนองภัยศูนย์', 'เมืองหนองบัวลำภู', 'หนองบัวลำภู', '39000'),
(2843, 'โพธิ์ชัย', 'เมืองหนองบัวลำภู', 'หนองบัวลำภู', '39000'),
(2844, 'หนองสวรรค์', 'เมืองหนองบัวลำภู', 'หนองบัวลำภู', '39000'),
(2845, 'หัวนา', 'เมืองหนองบัวลำภู', 'หนองบัวลำภู', '39000'),
(2846, 'บ้านขาม', 'เมืองหนองบัวลำภู', 'หนองบัวลำภู', '39000'),
(2847, 'นามะเฟือง', 'เมืองหนองบัวลำภู', 'หนองบัวลำภู', '39000'),
(2848, 'บ้านพร้าว', 'เมืองหนองบัวลำภู', 'หนองบัวลำภู', '39000'),
(2849, 'โนนขมิ้น', 'เมืองหนองบัวลำภู', 'หนองบัวลำภู', '39000'),
(2850, 'ลำภู', 'เมืองหนองบัวลำภู', 'หนองบัวลำภู', '39000'),
(2851, 'กุดจิก', 'เมืองหนองบัวลำภู', 'หนองบัวลำภู', '39000'),
(2852, 'โนนทัน', 'เมืองหนองบัวลำภู', 'หนองบัวลำภู', '39000'),
(2853, 'นาคำไฮ', 'เมืองหนองบัวลำภู', 'หนองบัวลำภู', '39000'),
(2854, 'ป่าไม้งาม', 'เมืองหนองบัวลำภู', 'หนองบัวลำภู', '39000'),
(2855, 'หนองหว้า', 'เมืองหนองบัวลำภู', 'หนองบัวลำภู', '39000'),
(2856, 'นากลาง', 'นากลาง', 'หนองบัวลำภู', '39170'),
(2857, 'ด่านช้าง', 'นากลาง', 'หนองบัวลำภู', '39170'),
(2858, 'กุดดินจี่', 'นากลาง', 'หนองบัวลำภู', '39350'),
(2859, 'ฝั่งแดง', 'นากลาง', 'หนองบัวลำภู', '39170'),
(2860, 'เก่ากลอย', 'นากลาง', 'หนองบัวลำภู', '39350'),
(2861, 'โนนเมือง', 'นากลาง', 'หนองบัวลำภู', '39170'),
(2862, 'อุทัยสวรรค์', 'นากลาง', 'หนองบัวลำภู', '39170'),
(2863, 'ดงสวรรค์', 'นากลาง', 'หนองบัวลำภู', '39350'),
(2864, 'กุดแห่', 'นากลาง', 'หนองบัวลำภู', '39170'),
(2865, 'โนนสัง', 'โนนสัง', 'หนองบัวลำภู', '39140'),
(2866, 'บ้านถิ่น', 'โนนสัง', 'หนองบัวลำภู', '39140'),
(2867, 'หนองเรือ', 'โนนสัง', 'หนองบัวลำภู', '39140'),
(2868, 'กุดดู่', 'โนนสัง', 'หนองบัวลำภู', '39140'),
(2869, 'บ้านค้อ', 'โนนสัง', 'หนองบัวลำภู', '39140'),
(2870, 'โนนเมือง', 'โนนสัง', 'หนองบัวลำภู', '39140'),
(2871, 'โคกใหญ่', 'โนนสัง', 'หนองบัวลำภู', '39140'),
(2872, 'โคกม่วง', 'โนนสัง', 'หนองบัวลำภู', '39140'),
(2873, 'นิคมพัฒนา', 'โนนสัง', 'หนองบัวลำภู', '39140'),
(2874, 'ปางกู่', 'โนนสัง', 'หนองบัวลำภู', '39140'),
(2875, 'เมืองใหม่', 'ศรีบุญเรือง', 'หนองบัวลำภู', '39180'),
(2876, 'ศรีบุญเรือง', 'ศรีบุญเรือง', 'หนองบัวลำภู', '39180'),
(2877, 'หนองบัวใต้', 'ศรีบุญเรือง', 'หนองบัวลำภู', '39180'),
(2878, 'กุดสะเทียน', 'ศรีบุญเรือง', 'หนองบัวลำภู', '39180'),
(2879, 'นากอก', 'ศรีบุญเรือง', 'หนองบัวลำภู', '39180'),
(2880, 'โนนสะอาด', 'ศรีบุญเรือง', 'หนองบัวลำภู', '39180'),
(2881, 'ยางหล่อ', 'ศรีบุญเรือง', 'หนองบัวลำภู', '39180'),
(2882, 'โนนม่วง', 'ศรีบุญเรือง', 'หนองบัวลำภู', '39180'),
(2883, 'หนองกุงแก้ว', 'ศรีบุญเรือง', 'หนองบัวลำภู', '39180'),
(2884, 'หนองแก', 'ศรีบุญเรือง', 'หนองบัวลำภู', '39180'),
(2885, 'ทรายทอง', 'ศรีบุญเรือง', 'หนองบัวลำภู', '39180'),
(2886, 'หันนางาม', 'ศรีบุญเรือง', 'หนองบัวลำภู', '39180'),
(2887, 'นาสี', 'สุวรรณคูหา', 'หนองบัวลำภู', '39270'),
(2888, 'บ้านโคก', 'สุวรรณคูหา', 'หนองบัวลำภู', '39270'),
(2889, 'นาดี', 'สุวรรณคูหา', 'หนองบัวลำภู', '39270'),
(2890, 'นาด่าน', 'สุวรรณคูหา', 'หนองบัวลำภู', '39270'),
(2891, 'ดงมะไฟ', 'สุวรรณคูหา', 'หนองบัวลำภู', '39270'),
(2892, 'สุวรรณคูหา', 'สุวรรณคูหา', 'หนองบัวลำภู', '39270'),
(2893, 'บุญทัน', 'สุวรรณคูหา', 'หนองบัวลำภู', '39270'),
(2894, 'กุดผึ้ง', 'สุวรรณคูหา', 'หนองบัวลำภู', '39270'),
(2895, 'นาเหล่า', 'นาวัง', 'หนองบัวลำภู', '39170'),
(2896, 'นาแก', 'นาวัง', 'หนองบัวลำภู', '39170'),
(2897, 'วังทอง', 'นาวัง', 'หนองบัวลำภู', '39170'),
(2898, 'วังปลาป้อม', 'นาวัง', 'หนองบัวลำภู', '39170'),
(2899, 'เทพคีรี', 'นาวัง', 'หนองบัวลำภู', '39170'),
(2900, 'ในเมือง', 'เมืองขอนแก่น', 'ขอนแก่น', '40000'),
(2901, 'สำราญ', 'เมืองขอนแก่น', 'ขอนแก่น', '40000'),
(2902, 'โคกสี', 'เมืองขอนแก่น', 'ขอนแก่น', '40000'),
(2903, 'ท่าพระ', 'เมืองขอนแก่น', 'ขอนแก่น', '40260'),
(2904, 'บ้านทุ่ม', 'เมืองขอนแก่น', 'ขอนแก่น', '40000'),
(2905, 'เมืองเก่า', 'เมืองขอนแก่น', 'ขอนแก่น', '40000');
INSERT INTO `address_info` (`id`, `tumbon`, `amphur`, `province`, `zipcode`) VALUES
(2906, 'พระลับ', 'เมืองขอนแก่น', 'ขอนแก่น', '40000'),
(2907, 'สาวะถี', 'เมืองขอนแก่น', 'ขอนแก่น', '40000'),
(2908, 'บ้านหว้า', 'เมืองขอนแก่น', 'ขอนแก่น', '40000'),
(2909, 'บ้านค้อ', 'เมืองขอนแก่น', 'ขอนแก่น', '40000'),
(2910, 'แดงใหญ่', 'เมืองขอนแก่น', 'ขอนแก่น', '40000'),
(2911, 'ดอนช้าง', 'เมืองขอนแก่น', 'ขอนแก่น', '40000'),
(2912, 'ดอนหัน', 'เมืองขอนแก่น', 'ขอนแก่น', '40260'),
(2913, 'ศิลา', 'เมืองขอนแก่น', 'ขอนแก่น', '40000'),
(2914, 'บ้านเป็ด', 'เมืองขอนแก่น', 'ขอนแก่น', '40000'),
(2915, 'หนองตูม', 'เมืองขอนแก่น', 'ขอนแก่น', '40000'),
(2916, 'บึงเนียม', 'เมืองขอนแก่น', 'ขอนแก่น', '40000'),
(2917, 'โนนท่อน', 'เมืองขอนแก่น', 'ขอนแก่น', '40000'),
(2918, 'หนองบัว', 'บ้านฝาง', 'ขอนแก่น', '40270'),
(2919, 'ป่าหวายนั่ง', 'บ้านฝาง', 'ขอนแก่น', '40270'),
(2920, 'โนนฆ้อง', 'บ้านฝาง', 'ขอนแก่น', '40270'),
(2921, 'บ้านเหล่า', 'บ้านฝาง', 'ขอนแก่น', '40270'),
(2922, 'ป่ามะนาว', 'บ้านฝาง', 'ขอนแก่น', '40270'),
(2923, 'บ้านฝาง', 'บ้านฝาง', 'ขอนแก่น', '40270'),
(2924, 'โคกงาม', 'บ้านฝาง', 'ขอนแก่น', '40270'),
(2925, 'พระยืน', 'พระยืน', 'ขอนแก่น', '40320'),
(2926, 'พระบุ', 'พระยืน', 'ขอนแก่น', '40320'),
(2927, 'บ้านโต้น', 'พระยืน', 'ขอนแก่น', '40320'),
(2928, 'หนองแวง', 'พระยืน', 'ขอนแก่น', '40320'),
(2929, 'ขามป้อม', 'พระยืน', 'ขอนแก่น', '40320'),
(2930, 'หนองเรือ', 'หนองเรือ', 'ขอนแก่น', '40210'),
(2931, 'บ้านเม็ง', 'หนองเรือ', 'ขอนแก่น', '40210'),
(2932, 'บ้านกง', 'หนองเรือ', 'ขอนแก่น', '40240'),
(2933, 'ยางคำ', 'หนองเรือ', 'ขอนแก่น', '40240'),
(2934, 'จระเข้', 'หนองเรือ', 'ขอนแก่น', '40240'),
(2935, 'โนนทอง', 'หนองเรือ', 'ขอนแก่น', '40210'),
(2936, 'กุดกว้าง', 'หนองเรือ', 'ขอนแก่น', '40210'),
(2937, 'โนนทัน', 'หนองเรือ', 'ขอนแก่น', '40210'),
(2938, 'โนนสะอาด', 'หนองเรือ', 'ขอนแก่น', '40210'),
(2939, 'บ้านผือ', 'หนองเรือ', 'ขอนแก่น', '40240'),
(2940, 'ชุมแพ', 'ชุมแพ', 'ขอนแก่น', '40130'),
(2941, 'โนนหัน', 'ชุมแพ', 'ขอนแก่น', '40290'),
(2942, 'นาหนองทุ่ม', 'ชุมแพ', 'ขอนแก่น', '40290'),
(2943, 'โนนอุดม', 'ชุมแพ', 'ขอนแก่น', '40130'),
(2944, 'ขัวเรียง', 'ชุมแพ', 'ขอนแก่น', '40130'),
(2945, 'หนองไผ่', 'ชุมแพ', 'ขอนแก่น', '40130'),
(2946, 'ไชยสอ', 'ชุมแพ', 'ขอนแก่น', '40130'),
(2947, 'วังหินลาด', 'ชุมแพ', 'ขอนแก่น', '40130'),
(2948, 'นาเพียง', 'ชุมแพ', 'ขอนแก่น', '40130'),
(2949, 'หนองเขียด', 'ชุมแพ', 'ขอนแก่น', '40290'),
(2950, 'หนองเสาเล้า', 'ชุมแพ', 'ขอนแก่น', '40130'),
(2951, 'โนนสะอาด', 'ชุมแพ', 'ขอนแก่น', '40290'),
(2952, 'สีชมพู', 'สีชมพู', 'ขอนแก่น', '40220'),
(2953, 'ศรีสุข', 'สีชมพู', 'ขอนแก่น', '40220'),
(2954, 'นาจาน', 'สีชมพู', 'ขอนแก่น', '40220'),
(2955, 'วังเพิ่ม', 'สีชมพู', 'ขอนแก่น', '40220'),
(2956, 'ซำยาง', 'สีชมพู', 'ขอนแก่น', '40220'),
(2957, 'หนองแดง', 'สีชมพู', 'ขอนแก่น', '40220'),
(2958, 'ดงลาน', 'สีชมพู', 'ขอนแก่น', '40220'),
(2959, 'บริบูรณ์', 'สีชมพู', 'ขอนแก่น', '40220'),
(2960, 'บ้านใหม่', 'สีชมพู', 'ขอนแก่น', '40220'),
(2961, 'ภูห่าน', 'สีชมพู', 'ขอนแก่น', '40220'),
(2962, 'น้ำพอง', 'น้ำพอง', 'ขอนแก่น', '40140'),
(2963, 'วังชัย', 'น้ำพอง', 'ขอนแก่น', '40140'),
(2964, 'หนองกุง', 'น้ำพอง', 'ขอนแก่น', '40140'),
(2965, 'บัวใหญ่', 'น้ำพอง', 'ขอนแก่น', '40140'),
(2966, 'สะอาด', 'น้ำพอง', 'ขอนแก่น', '40310'),
(2967, 'ม่วงหวาน', 'น้ำพอง', 'ขอนแก่น', '40310'),
(2968, 'บ้านขาม', 'น้ำพอง', 'ขอนแก่น', '40140'),
(2969, 'บัวเงิน', 'น้ำพอง', 'ขอนแก่น', '40140'),
(2970, 'ทรายมูล', 'น้ำพอง', 'ขอนแก่น', '40140'),
(2971, 'ท่ากระเสริม', 'น้ำพอง', 'ขอนแก่น', '40140'),
(2972, 'พังทุย', 'น้ำพอง', 'ขอนแก่น', '40140'),
(2973, 'กุดน้ำใส', 'น้ำพอง', 'ขอนแก่น', '40310'),
(2974, 'โคกสูง', 'อุบลรัตน์', 'ขอนแก่น', '40250'),
(2975, 'บ้านดง', 'อุบลรัตน์', 'ขอนแก่น', '40250'),
(2976, 'เขื่อนอุบลรัตน์', 'อุบลรัตน์', 'ขอนแก่น', '40250'),
(2977, 'นาคำ', 'อุบลรัตน์', 'ขอนแก่น', '40250'),
(2978, 'ศรีสุขสำราญ', 'อุบลรัตน์', 'ขอนแก่น', '40250'),
(2979, 'ทุ่งโป่ง', 'อุบลรัตน์', 'ขอนแก่น', '40250'),
(2980, 'หนองโก', 'กระนวน', 'ขอนแก่น', '40170'),
(2981, 'หนองกุงใหญ่', 'กระนวน', 'ขอนแก่น', '40170'),
(2982, 'ห้วยโจด', 'กระนวน', 'ขอนแก่น', '40170'),
(2983, 'ห้วยยาง', 'กระนวน', 'ขอนแก่น', '40170'),
(2984, 'บ้านฝาง', 'กระนวน', 'ขอนแก่น', '40170'),
(2985, 'ดูนสาด', 'กระนวน', 'ขอนแก่น', '40170'),
(2986, 'หนองโน', 'กระนวน', 'ขอนแก่น', '40170'),
(2987, 'น้ำอ้อม', 'กระนวน', 'ขอนแก่น', '40170'),
(2988, 'หัวนาคำ', 'กระนวน', 'ขอนแก่น', '40170'),
(2989, 'บ้านไผ่', 'บ้านไผ่', 'ขอนแก่น', '40110'),
(2990, 'ในเมือง', 'บ้านไผ่', 'ขอนแก่น', '40110'),
(2991, 'เมืองเพีย', 'บ้านไผ่', 'ขอนแก่น', '40110'),
(2992, 'บ้านลาน', 'บ้านไผ่', 'ขอนแก่น', '40110'),
(2993, 'แคนเหนือ', 'บ้านไผ่', 'ขอนแก่น', '40110'),
(2994, 'ภูเหล็ก', 'บ้านไผ่', 'ขอนแก่น', '40110'),
(2995, 'ป่าปอ', 'บ้านไผ่', 'ขอนแก่น', '40110'),
(2996, 'หินตั้ง', 'บ้านไผ่', 'ขอนแก่น', '40110'),
(2997, 'หนองน้ำใส', 'บ้านไผ่', 'ขอนแก่น', '40110'),
(2998, 'หัวหนอง', 'บ้านไผ่', 'ขอนแก่น', '40110'),
(2999, 'เปือยน้อย', 'เปือยน้อย', 'ขอนแก่น', '40340'),
(3000, 'วังม่วง', 'เปือยน้อย', 'ขอนแก่น', '40340'),
(3001, 'ขามป้อม', 'เปือยน้อย', 'ขอนแก่น', '40340'),
(3002, 'สระแก้ว', 'เปือยน้อย', 'ขอนแก่น', '40340'),
(3003, 'เมืองพล', 'พล', 'ขอนแก่น', '40120'),
(3004, 'โจดหนองแก', 'พล', 'ขอนแก่น', '40120'),
(3005, 'เก่างิ้ว', 'พล', 'ขอนแก่น', '40120'),
(3006, 'หนองมะเขือ', 'พล', 'ขอนแก่น', '40120'),
(3007, 'หนองแวงโสกพระ', 'พล', 'ขอนแก่น', '40120'),
(3008, 'เพ็กใหญ่', 'พล', 'ขอนแก่น', '40120'),
(3009, 'โคกสง่า', 'พล', 'ขอนแก่น', '40120'),
(3010, 'หนองแวงนางเบ้า', 'พล', 'ขอนแก่น', '40120'),
(3011, 'ลอมคอม', 'พล', 'ขอนแก่น', '40120'),
(3012, 'โนนข่า', 'พล', 'ขอนแก่น', '40120'),
(3013, 'โสกนกเต็น', 'พล', 'ขอนแก่น', '40120'),
(3014, 'หัวทุ่ง', 'พล', 'ขอนแก่น', '40120'),
(3015, 'คอนฉิม', 'แวงใหญ่', 'ขอนแก่น', '40330'),
(3016, 'ใหม่นาเพียง', 'แวงใหญ่', 'ขอนแก่น', '40330'),
(3017, 'โนนทอง', 'แวงใหญ่', 'ขอนแก่น', '40330'),
(3018, 'แวงใหญ่', 'แวงใหญ่', 'ขอนแก่น', '40330'),
(3019, 'โนนสะอาด', 'แวงใหญ่', 'ขอนแก่น', '40330'),
(3020, 'แวงน้อย', 'แวงน้อย', 'ขอนแก่น', '40230'),
(3021, 'ก้านเหลือง', 'แวงน้อย', 'ขอนแก่น', '40230'),
(3022, 'ท่านางแนว', 'แวงน้อย', 'ขอนแก่น', '40230'),
(3023, 'ละหานนา', 'แวงน้อย', 'ขอนแก่น', '40230'),
(3024, 'ท่าวัด', 'แวงน้อย', 'ขอนแก่น', '40230'),
(3025, 'ทางขวาง', 'แวงน้อย', 'ขอนแก่น', '40230'),
(3026, 'หนองสองห้อง', 'หนองสองห้อง', 'ขอนแก่น', '40190'),
(3027, 'คึมชาด', 'หนองสองห้อง', 'ขอนแก่น', '40190'),
(3028, 'โนนธาตุ', 'หนองสองห้อง', 'ขอนแก่น', '40190'),
(3029, 'ตะกั่วป่า', 'หนองสองห้อง', 'ขอนแก่น', '40190'),
(3030, 'สำโรง', 'หนองสองห้อง', 'ขอนแก่น', '40190'),
(3031, 'หนองเม็ก', 'หนองสองห้อง', 'ขอนแก่น', '40190'),
(3032, 'ดอนดู่', 'หนองสองห้อง', 'ขอนแก่น', '40190'),
(3033, 'ดงเค็ง', 'หนองสองห้อง', 'ขอนแก่น', '40190'),
(3034, 'หันโจด', 'หนองสองห้อง', 'ขอนแก่น', '40190'),
(3035, 'ดอนดั่ง', 'หนองสองห้อง', 'ขอนแก่น', '40190'),
(3036, 'วังหิน', 'หนองสองห้อง', 'ขอนแก่น', '40190'),
(3037, 'หนองไผ่ล้อม', 'หนองสองห้อง', 'ขอนแก่น', '40190'),
(3038, 'บ้านเรือ', 'ภูเวียง', 'ขอนแก่น', '40150'),
(3039, 'หว้าทอง', 'ภูเวียง', 'ขอนแก่น', '40150'),
(3040, 'กุดขอนแก่น', 'ภูเวียง', 'ขอนแก่น', '40150'),
(3041, 'นาชุมแสง', 'ภูเวียง', 'ขอนแก่น', '40150'),
(3042, 'นาหว้า', 'ภูเวียง', 'ขอนแก่น', '40150'),
(3043, 'หนองกุงธนสาร', 'ภูเวียง', 'ขอนแก่น', '40150'),
(3044, 'หนองกุงเซิน', 'ภูเวียง', 'ขอนแก่น', '40150'),
(3045, 'สงเปือย', 'ภูเวียง', 'ขอนแก่น', '40150'),
(3046, 'ทุ่งชมพู', 'ภูเวียง', 'ขอนแก่น', '40150'),
(3047, 'ดินดำ', 'ภูเวียง', 'ขอนแก่น', '40150'),
(3048, 'ภูเวียง', 'ภูเวียง', 'ขอนแก่น', '40150'),
(3049, 'กุดเค้า', 'มัญจาคีรี', 'ขอนแก่น', '40160'),
(3050, 'สวนหม่อน', 'มัญจาคีรี', 'ขอนแก่น', '40160'),
(3051, 'หนองแปน', 'มัญจาคีรี', 'ขอนแก่น', '40160'),
(3052, 'โพนเพ็ก', 'มัญจาคีรี', 'ขอนแก่น', '40160'),
(3053, 'คำแคน', 'มัญจาคีรี', 'ขอนแก่น', '40160'),
(3054, 'นาข่า', 'มัญจาคีรี', 'ขอนแก่น', '40160'),
(3055, 'นางาม', 'มัญจาคีรี', 'ขอนแก่น', '40160'),
(3056, 'ท่าศาลา', 'มัญจาคีรี', 'ขอนแก่น', '40160'),
(3057, 'ชนบท', 'ชนบท', 'ขอนแก่น', '40180'),
(3058, 'กุดเพียขอม', 'ชนบท', 'ขอนแก่น', '40180'),
(3059, 'วังแสง', 'ชนบท', 'ขอนแก่น', '40180'),
(3060, 'ห้วยแก', 'ชนบท', 'ขอนแก่น', '40180'),
(3061, 'บ้านแท่น', 'ชนบท', 'ขอนแก่น', '40180'),
(3062, 'ศรีบุญเรือง', 'ชนบท', 'ขอนแก่น', '40180'),
(3063, 'โนนพะยอม', 'ชนบท', 'ขอนแก่น', '40180'),
(3064, 'ปอแดง', 'ชนบท', 'ขอนแก่น', '40180'),
(3065, 'เขาสวนกวาง', 'เขาสวนกวาง', 'ขอนแก่น', '40280'),
(3066, 'ดงเมืองแอม', 'เขาสวนกวาง', 'ขอนแก่น', '40280'),
(3067, 'นางิ้ว', 'เขาสวนกวาง', 'ขอนแก่น', '40280'),
(3068, 'โนนสมบูรณ์', 'เขาสวนกวาง', 'ขอนแก่น', '40280'),
(3069, 'คำม่วง', 'เขาสวนกวาง', 'ขอนแก่น', '40280'),
(3070, 'โนนคอม', 'ภูผาม่าน', 'ขอนแก่น', '40350'),
(3071, 'นาฝาย', 'ภูผาม่าน', 'ขอนแก่น', '40350'),
(3072, 'ภูผาม่าน', 'ภูผาม่าน', 'ขอนแก่น', '40350'),
(3073, 'วังสวาบ', 'ภูผาม่าน', 'ขอนแก่น', '40350'),
(3074, 'ห้วยม่วง', 'ภูผาม่าน', 'ขอนแก่น', '40350'),
(3075, 'กระนวน', 'ซำสูง', 'ขอนแก่น', '40170'),
(3076, 'คำแมด', 'ซำสูง', 'ขอนแก่น', '40170'),
(3077, 'บ้านโนน', 'ซำสูง', 'ขอนแก่น', '40170'),
(3078, 'คูคำ', 'ซำสูง', 'ขอนแก่น', '40170'),
(3079, 'ห้วยเตย', 'ซำสูง', 'ขอนแก่น', '40170'),
(3080, 'บ้านโคก', 'โคกโพธิ์ไชย', 'ขอนแก่น', '40160'),
(3081, 'โพธิ์ไชย', 'โคกโพธิ์ไชย', 'ขอนแก่น', '40160'),
(3082, 'ซับสมบูรณ์', 'โคกโพธิ์ไชย', 'ขอนแก่น', '40160'),
(3083, 'นาแพง', 'โคกโพธิ์ไชย', 'ขอนแก่น', '40160'),
(3084, 'กุดธาตุ', 'หนองนาคำ', 'ขอนแก่น', '40150'),
(3085, 'บ้านโคก', 'หนองนาคำ', 'ขอนแก่น', '40150'),
(3086, 'ขนวน', 'หนองนาคำ', 'ขอนแก่น', '40150'),
(3087, 'บ้านแฮด', 'บ้านแฮด', 'ขอนแก่น', '40110'),
(3088, 'โคกสำราญ', 'บ้านแฮด', 'ขอนแก่น', '40110'),
(3089, 'โนนสมบูรณ์', 'บ้านแฮด', 'ขอนแก่น', '40110'),
(3090, 'หนองแซง', 'บ้านแฮด', 'ขอนแก่น', '40110'),
(3091, 'โนนศิลา', 'โนนศิลา', 'ขอนแก่น', '40110'),
(3092, 'หนองปลาหมอ', 'โนนศิลา', 'ขอนแก่น', '40110'),
(3093, 'บ้านหัน', 'โนนศิลา', 'ขอนแก่น', '40110'),
(3094, 'เปือยใหญ่', 'โนนศิลา', 'ขอนแก่น', '40110'),
(3095, 'โนนแดง', 'โนนศิลา', 'ขอนแก่น', '40110'),
(3096, 'ในเมือง', 'เวียงเก่า', 'ขอนแก่น', '40150'),
(3097, 'เมืองเก่าพัฒนา', 'เวียงเก่า', 'ขอนแก่น', '40150'),
(3098, 'เขาน้อย', 'เวียงเก่า', 'ขอนแก่น', '40150'),
(3099, 'หมากแข้ง', 'เมืองอุดรธานี', 'อุดรธานี', '41000'),
(3100, 'นิคมสงเคราะห์', 'เมืองอุดรธานี', 'อุดรธานี', '41000'),
(3101, 'บ้านขาว', 'เมืองอุดรธานี', 'อุดรธานี', '41000'),
(3102, 'หนองบัว', 'เมืองอุดรธานี', 'อุดรธานี', '41000'),
(3103, 'บ้านตาด', 'เมืองอุดรธานี', 'อุดรธานี', '41000'),
(3104, 'โนนสูง', 'เมืองอุดรธานี', 'อุดรธานี', '41330'),
(3105, 'หมูม่น', 'เมืองอุดรธานี', 'อุดรธานี', '41000'),
(3106, 'เชียงยืน', 'เมืองอุดรธานี', 'อุดรธานี', '41000'),
(3107, 'หนองนาคำ', 'เมืองอุดรธานี', 'อุดรธานี', '41000'),
(3108, 'กุดสระ', 'เมืองอุดรธานี', 'อุดรธานี', '41000'),
(3109, 'นาดี', 'เมืองอุดรธานี', 'อุดรธานี', '41000'),
(3110, 'บ้านเลื่อม', 'เมืองอุดรธานี', 'อุดรธานี', '41000'),
(3111, 'เชียงพิณ', 'เมืองอุดรธานี', 'อุดรธานี', '41000'),
(3112, 'สามพร้าว', 'เมืองอุดรธานี', 'อุดรธานี', '41000'),
(3113, 'หนองไฮ', 'เมืองอุดรธานี', 'อุดรธานี', '41000'),
(3114, 'นาข่า', 'เมืองอุดรธานี', 'อุดรธานี', '41000'),
(3115, 'บ้านจั่น', 'เมืองอุดรธานี', 'อุดรธานี', '41000'),
(3116, 'หนองขอนกว้าง', 'เมืองอุดรธานี', 'อุดรธานี', '41000'),
(3117, 'โคกสะอาด', 'เมืองอุดรธานี', 'อุดรธานี', '41000'),
(3118, 'นากว้าง', 'เมืองอุดรธานี', 'อุดรธานี', '41000'),
(3119, 'หนองไผ่', 'เมืองอุดรธานี', 'อุดรธานี', '41330'),
(3120, 'กุดจับ', 'กุดจับ', 'อุดรธานี', '41250'),
(3121, 'ปะโค', 'กุดจับ', 'อุดรธานี', '41250'),
(3122, 'ขอนยูง', 'กุดจับ', 'อุดรธานี', '41250'),
(3123, 'เชียงเพ็ง', 'กุดจับ', 'อุดรธานี', '41250'),
(3124, 'สร้างก่อ', 'กุดจับ', 'อุดรธานี', '41250'),
(3125, 'เมืองเพีย', 'กุดจับ', 'อุดรธานี', '41250'),
(3126, 'ตาลเลียน', 'กุดจับ', 'อุดรธานี', '41250'),
(3127, 'หมากหญ้า', 'หนองวัวซอ', 'อุดรธานี', '41360'),
(3128, 'หนองอ้อ', 'หนองวัวซอ', 'อุดรธานี', '41220'),
(3129, 'อูบมุง', 'หนองวัวซอ', 'อุดรธานี', '41220'),
(3130, 'กุดหมากไฟ', 'หนองวัวซอ', 'อุดรธานี', '41220'),
(3131, 'น้ำพ่น', 'หนองวัวซอ', 'อุดรธานี', '41360'),
(3132, 'หนองบัวบาน', 'หนองวัวซอ', 'อุดรธานี', '41360'),
(3133, 'โนนหวาย', 'หนองวัวซอ', 'อุดรธานี', '41220'),
(3134, 'หนองวัวซอ', 'หนองวัวซอ', 'อุดรธานี', '41360'),
(3135, 'ตูมใต้', 'กุมภวาปี', 'อุดรธานี', '41110'),
(3136, 'พันดอน', 'กุมภวาปี', 'อุดรธานี', '41370'),
(3137, 'เวียงคำ', 'กุมภวาปี', 'อุดรธานี', '41110'),
(3138, 'แชแล', 'กุมภวาปี', 'อุดรธานี', '41110'),
(3139, 'เชียงแหว', 'กุมภวาปี', 'อุดรธานี', '41110'),
(3140, 'ห้วยเกิ้ง', 'กุมภวาปี', 'อุดรธานี', '41110'),
(3141, 'เสอเพลอ', 'กุมภวาปี', 'อุดรธานี', '41370'),
(3142, 'สีออ', 'กุมภวาปี', 'อุดรธานี', '41110'),
(3143, 'ปะโค', 'กุมภวาปี', 'อุดรธานี', '41370'),
(3144, 'ผาสุก', 'กุมภวาปี', 'อุดรธานี', '41370'),
(3145, 'ท่าลี่', 'กุมภวาปี', 'อุดรธานี', '41110'),
(3146, 'กุมภวาปี', 'กุมภวาปี', 'อุดรธานี', '41110'),
(3147, 'หนองหว้า', 'กุมภวาปี', 'อุดรธานี', '41110'),
(3148, 'โนนสะอาด', 'โนนสะอาด', 'อุดรธานี', '41240'),
(3149, 'บุ่งแก้ว', 'โนนสะอาด', 'อุดรธานี', '41240'),
(3150, 'โพธิ์ศรีสำราญ', 'โนนสะอาด', 'อุดรธานี', '41240'),
(3151, 'ทมนางาม', 'โนนสะอาด', 'อุดรธานี', '41240'),
(3152, 'หนองกุงศรี', 'โนนสะอาด', 'อุดรธานี', '41240'),
(3153, 'โคกกลาง', 'โนนสะอาด', 'อุดรธานี', '41240'),
(3154, 'หนองหาน', 'หนองหาน', 'อุดรธานี', '41130'),
(3155, 'หนองเม็ก', 'หนองหาน', 'อุดรธานี', '41130'),
(3156, 'พังงู', 'หนองหาน', 'อุดรธานี', '41130'),
(3157, 'สะแบง', 'หนองหาน', 'อุดรธานี', '41130'),
(3158, 'สร้อยพร้าว', 'หนองหาน', 'อุดรธานี', '41130'),
(3159, 'บ้านเชียง', 'หนองหาน', 'อุดรธานี', '41320'),
(3160, 'บ้านยา', 'หนองหาน', 'อุดรธานี', '41320'),
(3161, 'โพนงาม', 'หนองหาน', 'อุดรธานี', '41130'),
(3162, 'ผักตบ', 'หนองหาน', 'อุดรธานี', '41130'),
(3163, 'หนองไผ่', 'หนองหาน', 'อุดรธานี', '41130'),
(3164, 'ดอนหายโศก', 'หนองหาน', 'อุดรธานี', '41130'),
(3165, 'หนองสระปลา', 'หนองหาน', 'อุดรธานี', '41320'),
(3166, 'ทุ่งฝน', 'ทุ่งฝน', 'อุดรธานี', '41310'),
(3167, 'ทุ่งใหญ่', 'ทุ่งฝน', 'อุดรธานี', '41310'),
(3168, 'นาชุมแสง', 'ทุ่งฝน', 'อุดรธานี', '41310'),
(3169, 'นาทม', 'ทุ่งฝน', 'อุดรธานี', '41310'),
(3170, 'ไชยวาน', 'ไชยวาน', 'อุดรธานี', '41290'),
(3171, 'หนองหลัก', 'ไชยวาน', 'อุดรธานี', '41290'),
(3172, 'คำเลาะ', 'ไชยวาน', 'อุดรธานี', '41290'),
(3173, 'โพนสูง', 'ไชยวาน', 'อุดรธานี', '41290'),
(3174, 'ศรีธาตุ', 'ศรีธาตุ', 'อุดรธานี', '41230'),
(3175, 'จำปี', 'ศรีธาตุ', 'อุดรธานี', '41230'),
(3176, 'บ้านโปร่ง', 'ศรีธาตุ', 'อุดรธานี', '41230'),
(3177, 'หัวนาคำ', 'ศรีธาตุ', 'อุดรธานี', '41230'),
(3178, 'หนองนกเขียน', 'ศรีธาตุ', 'อุดรธานี', '41230'),
(3179, 'นายูง', 'ศรีธาตุ', 'อุดรธานี', '41230'),
(3180, 'ตาดทอง', 'ศรีธาตุ', 'อุดรธานี', '41230'),
(3181, 'หนองกุงทับม้า', 'วังสามหมอ', 'อุดรธานี', '41280'),
(3182, 'หนองหญ้าไซ', 'วังสามหมอ', 'อุดรธานี', '41280'),
(3183, 'บะยาว', 'วังสามหมอ', 'อุดรธานี', '41280'),
(3184, 'ผาสุก', 'วังสามหมอ', 'อุดรธานี', '41280'),
(3185, 'คำโคกสูง', 'วังสามหมอ', 'อุดรธานี', '41280'),
(3186, 'วังสามหมอ', 'วังสามหมอ', 'อุดรธานี', '41280'),
(3187, 'ศรีสุทโธ', 'บ้านดุง', 'อุดรธานี', '41190'),
(3188, 'บ้านดุง', 'บ้านดุง', 'อุดรธานี', '41190'),
(3189, 'ดงเย็น', 'บ้านดุง', 'อุดรธานี', '41190'),
(3190, 'โพนสูง', 'บ้านดุง', 'อุดรธานี', '41190'),
(3191, 'อ้อมกอ', 'บ้านดุง', 'อุดรธานี', '41190'),
(3192, 'บ้านจันทน์', 'บ้านดุง', 'อุดรธานี', '41190'),
(3193, 'บ้านชัย', 'บ้านดุง', 'อุดรธานี', '41190'),
(3194, 'นาไหม', 'บ้านดุง', 'อุดรธานี', '41190'),
(3195, 'ถ่อนนาลับ', 'บ้านดุง', 'อุดรธานี', '41190'),
(3196, 'วังทอง', 'บ้านดุง', 'อุดรธานี', '41190'),
(3197, 'บ้านม่วง', 'บ้านดุง', 'อุดรธานี', '41190'),
(3198, 'บ้านตาด', 'บ้านดุง', 'อุดรธานี', '41190'),
(3199, 'นาคำ', 'บ้านดุง', 'อุดรธานี', '41190'),
(3200, 'บ้านผือ', 'บ้านผือ', 'อุดรธานี', '41160'),
(3201, 'หายโศก', 'บ้านผือ', 'อุดรธานี', '41160'),
(3202, 'เขือน้ำ', 'บ้านผือ', 'อุดรธานี', '41160'),
(3203, 'คำบง', 'บ้านผือ', 'อุดรธานี', '41160'),
(3204, 'โนนทอง', 'บ้านผือ', 'อุดรธานี', '41160'),
(3205, 'ข้าวสาร', 'บ้านผือ', 'อุดรธานี', '41160'),
(3206, 'จำปาโมง', 'บ้านผือ', 'อุดรธานี', '41160'),
(3207, 'กลางใหญ่', 'บ้านผือ', 'อุดรธานี', '41160'),
(3208, 'เมืองพาน', 'บ้านผือ', 'อุดรธานี', '41160'),
(3209, 'คำด้วง', 'บ้านผือ', 'อุดรธานี', '41160'),
(3210, 'หนองหัวคู', 'บ้านผือ', 'อุดรธานี', '41160'),
(3211, 'บ้านค้อ', 'บ้านผือ', 'อุดรธานี', '41160'),
(3212, 'หนองแวง', 'บ้านผือ', 'อุดรธานี', '41160'),
(3213, 'นางัว', 'น้ำโสม', 'อุดรธานี', '41210'),
(3214, 'น้ำโสม', 'น้ำโสม', 'อุดรธานี', '41210'),
(3215, 'หนองแวง', 'น้ำโสม', 'อุดรธานี', '41210'),
(3216, 'บ้านหยวก', 'น้ำโสม', 'อุดรธานี', '41210'),
(3217, 'โสมเยี่ยม', 'น้ำโสม', 'อุดรธานี', '41210'),
(3218, 'ศรีสำราญ', 'น้ำโสม', 'อุดรธานี', '41210'),
(3219, 'สามัคคี', 'น้ำโสม', 'อุดรธานี', '41210'),
(3220, 'เพ็ญ', 'เพ็ญ', 'อุดรธานี', '41150'),
(3221, 'บ้านธาตุ', 'เพ็ญ', 'อุดรธานี', '41150'),
(3222, 'นาพู่', 'เพ็ญ', 'อุดรธานี', '41150'),
(3223, 'เชียงหวาง', 'เพ็ญ', 'อุดรธานี', '41150'),
(3224, 'สุมเส้า', 'เพ็ญ', 'อุดรธานี', '41150'),
(3225, 'นาบัว', 'เพ็ญ', 'อุดรธานี', '41150'),
(3226, 'บ้านเหล่า', 'เพ็ญ', 'อุดรธานี', '41150'),
(3227, 'จอมศรี', 'เพ็ญ', 'อุดรธานี', '41150'),
(3228, 'เตาไห', 'เพ็ญ', 'อุดรธานี', '41150'),
(3229, 'โคกกลาง', 'เพ็ญ', 'อุดรธานี', '41150'),
(3230, 'สร้างแป้น', 'เพ็ญ', 'อุดรธานี', '41150'),
(3231, 'สร้างคอม', 'สร้างคอม', 'อุดรธานี', '41260'),
(3232, 'เชียงดา', 'สร้างคอม', 'อุดรธานี', '41260'),
(3233, 'บ้านยวด', 'สร้างคอม', 'อุดรธานี', '41260'),
(3234, 'บ้านโคก', 'สร้างคอม', 'อุดรธานี', '41260'),
(3235, 'นาสะอาด', 'สร้างคอม', 'อุดรธานี', '41260'),
(3236, 'บ้านหินโงม', 'สร้างคอม', 'อุดรธานี', '41260'),
(3237, 'หนองแสง', 'หนองแสง', 'อุดรธานี', '41340'),
(3238, 'แสงสว่าง', 'หนองแสง', 'อุดรธานี', '41340'),
(3239, 'นาดี', 'หนองแสง', 'อุดรธานี', '41340'),
(3240, 'ทับกุง', 'หนองแสง', 'อุดรธานี', '41340'),
(3241, 'นายูง', 'นายูง', 'อุดรธานี', '41380'),
(3242, 'บ้านก้อง', 'นายูง', 'อุดรธานี', '41380'),
(3243, 'นาแค', 'นายูง', 'อุดรธานี', '41380'),
(3244, 'โนนทอง', 'นายูง', 'อุดรธานี', '41380'),
(3245, 'บ้านแดง', 'พิบูลย์รักษ์', 'อุดรธานี', '41130'),
(3246, 'นาทราย', 'พิบูลย์รักษ์', 'อุดรธานี', '41130'),
(3247, 'ดอนกลอย', 'พิบูลย์รักษ์', 'อุดรธานี', '41130'),
(3248, 'บ้านจีต', 'กู่แก้ว', 'อุดรธานี', '41130'),
(3249, 'โนนทองอินทร์', 'กู่แก้ว', 'อุดรธานี', '41130'),
(3250, 'ค้อใหญ่', 'กู่แก้ว', 'อุดรธานี', '41130'),
(3251, 'คอนสาย', 'กู่แก้ว', 'อุดรธานี', '41130'),
(3252, 'นาม่วง', 'ประจักษ์ศิลปาคม', 'อุดรธานี', '41110'),
(3253, 'ห้วยสามพาด', 'ประจักษ์ศิลปาคม', 'อุดรธานี', '41110'),
(3254, 'อุ่มจาน', 'ประจักษ์ศิลปาคม', 'อุดรธานี', '41110'),
(3255, 'กุดป่อง', 'เมืองเลย', 'เลย', '42000'),
(3256, 'เมือง', 'เมืองเลย', 'เลย', '42000'),
(3257, 'นาอ้อ', 'เมืองเลย', 'เลย', '42100'),
(3258, 'กกดู่', 'เมืองเลย', 'เลย', '42000'),
(3259, 'น้ำหมาน', 'เมืองเลย', 'เลย', '42000'),
(3260, 'เสี้ยว', 'เมืองเลย', 'เลย', '42000'),
(3261, 'นาอาน', 'เมืองเลย', 'เลย', '42000'),
(3262, 'นาโป่ง', 'เมืองเลย', 'เลย', '42000'),
(3263, 'นาดินดำ', 'เมืองเลย', 'เลย', '42000'),
(3264, 'น้ำสวย', 'เมืองเลย', 'เลย', '42000'),
(3265, 'ชัยพฤกษ์', 'เมืองเลย', 'เลย', '42000'),
(3266, 'นาแขม', 'เมืองเลย', 'เลย', '42000'),
(3267, 'ศรีสองรัก', 'เมืองเลย', 'เลย', '42100'),
(3268, 'กกทอง', 'เมืองเลย', 'เลย', '42000'),
(3269, 'นาด้วง', 'นาด้วง', 'เลย', '42210'),
(3270, 'นาดอกคำ', 'นาด้วง', 'เลย', '42210'),
(3271, 'ท่าสะอาด', 'นาด้วง', 'เลย', '42210'),
(3272, 'ท่าสวรรค์', 'นาด้วง', 'เลย', '42210'),
(3273, 'เชียงคาน', 'เชียงคาน', 'เลย', '42110'),
(3274, 'ธาตุ', 'เชียงคาน', 'เลย', '42110'),
(3275, 'นาซ่าว', 'เชียงคาน', 'เลย', '42110'),
(3276, 'เขาแก้ว', 'เชียงคาน', 'เลย', '42110'),
(3277, 'ปากตม', 'เชียงคาน', 'เลย', '42110'),
(3278, 'บุฮม', 'เชียงคาน', 'เลย', '42110'),
(3279, 'จอมศรี', 'เชียงคาน', 'เลย', '42110'),
(3280, 'หาดทรายขาว', 'เชียงคาน', 'เลย', '42110'),
(3281, 'ปากชม', 'ปากชม', 'เลย', '42150'),
(3282, 'เชียงกลม', 'ปากชม', 'เลย', '42150'),
(3283, 'หาดคัมภีร์', 'ปากชม', 'เลย', '42150'),
(3284, 'ห้วยบ่อซืน', 'ปากชม', 'เลย', '42150'),
(3285, 'ห้วยพิชัย', 'ปากชม', 'เลย', '42150'),
(3286, 'ชมเจริญ', 'ปากชม', 'เลย', '42150'),
(3287, 'ด่านซ้าย', 'ด่านซ้าย', 'เลย', '42120'),
(3288, 'ปากหมัน', 'ด่านซ้าย', 'เลย', '42120'),
(3289, 'นาดี', 'ด่านซ้าย', 'เลย', '42120'),
(3290, 'โคกงาม', 'ด่านซ้าย', 'เลย', '42120'),
(3291, 'โพนสูง', 'ด่านซ้าย', 'เลย', '42120'),
(3292, 'อิปุ่ม', 'ด่านซ้าย', 'เลย', '42120'),
(3293, 'กกสะทอน', 'ด่านซ้าย', 'เลย', '42120'),
(3294, 'โป่ง', 'ด่านซ้าย', 'เลย', '42120'),
(3295, 'วังยาว', 'ด่านซ้าย', 'เลย', '42120'),
(3296, 'นาหอ', 'ด่านซ้าย', 'เลย', '42120'),
(3297, 'นาแห้ว', 'นาแห้ว', 'เลย', '42170'),
(3298, 'แสงภา', 'นาแห้ว', 'เลย', '42170'),
(3299, 'นาพึง', 'นาแห้ว', 'เลย', '42170'),
(3300, 'นามาลา', 'นาแห้ว', 'เลย', '42170'),
(3301, 'เหล่ากอหก', 'นาแห้ว', 'เลย', '42170'),
(3302, 'หนองบัว', 'ภูเรือ', 'เลย', '42160'),
(3303, 'ท่าศาลา', 'ภูเรือ', 'เลย', '42160'),
(3304, 'ร่องจิก', 'ภูเรือ', 'เลย', '42160'),
(3305, 'ปลาบ่า', 'ภูเรือ', 'เลย', '42160'),
(3306, 'ลาดค่าง', 'ภูเรือ', 'เลย', '42160'),
(3307, 'สานตม', 'ภูเรือ', 'เลย', '42160'),
(3308, 'ท่าลี่', 'ท่าลี่', 'เลย', '42140'),
(3309, 'หนองผือ', 'ท่าลี่', 'เลย', '42140'),
(3310, 'อาฮี', 'ท่าลี่', 'เลย', '42140'),
(3311, 'น้ำแคม', 'ท่าลี่', 'เลย', '42140'),
(3312, 'โคกใหญ่', 'ท่าลี่', 'เลย', '42140'),
(3313, 'น้ำทูน', 'ท่าลี่', 'เลย', '42140'),
(3314, 'วังสะพุง', 'วังสะพุง', 'เลย', '42130'),
(3315, 'ทรายขาว', 'วังสะพุง', 'เลย', '42130'),
(3316, 'หนองหญ้าปล้อง', 'วังสะพุง', 'เลย', '42130'),
(3317, 'หนองงิ้ว', 'วังสะพุง', 'เลย', '42130'),
(3318, 'ปากปวน', 'วังสะพุง', 'เลย', '42130'),
(3319, 'ผาน้อย', 'วังสะพุง', 'เลย', '42130'),
(3320, 'ผาบิ้ง', 'วังสะพุง', 'เลย', '42130'),
(3321, 'เขาหลวง', 'วังสะพุง', 'เลย', '42130'),
(3322, 'โคกขมิ้น', 'วังสะพุง', 'เลย', '42130'),
(3323, 'ศรีสงคราม', 'วังสะพุง', 'เลย', '42130'),
(3324, 'ศรีฐาน', 'ภูกระดึง', 'เลย', '42180'),
(3325, 'ผานกเค้า', 'ภูกระดึง', 'เลย', '42180'),
(3326, 'ภูกระดึง', 'ภูกระดึง', 'เลย', '42180'),
(3327, 'ห้วยส้ม', 'ภูกระดึง', 'เลย', '42180'),
(3328, 'ภูหอ', 'ภูหลวง', 'เลย', '42230'),
(3329, 'หนองคัน', 'ภูหลวง', 'เลย', '42230'),
(3330, 'ห้วยสีเสียด', 'ภูหลวง', 'เลย', '42230'),
(3331, 'เลยวังไสย์', 'ภูหลวง', 'เลย', '42230'),
(3332, 'แก่งศรีภูมิ', 'ภูหลวง', 'เลย', '42230'),
(3333, 'ผาขาว', 'ผาขาว', 'เลย', '42240'),
(3334, 'ท่าช้างคล้อง', 'ผาขาว', 'เลย', '42240'),
(3335, 'โนนปอแดง', 'ผาขาว', 'เลย', '42240'),
(3336, 'โนนป่าซาง', 'ผาขาว', 'เลย', '42240'),
(3337, 'บ้านเพิ่ม', 'ผาขาว', 'เลย', '42240'),
(3338, 'เอราวัณ', 'เอราวัณ', 'เลย', '42220'),
(3339, 'ผาอินทร์แปลง', 'เอราวัณ', 'เลย', '42220'),
(3340, 'ผาสามยอด', 'เอราวัณ', 'เลย', '42220'),
(3341, 'ทรัพย์ไพวัลย์', 'เอราวัณ', 'เลย', '42220'),
(3342, 'หนองหิน', 'หนองหิน', 'เลย', '42190'),
(3343, 'ตาดข่า', 'หนองหิน', 'เลย', '42190'),
(3344, 'ปวนพุ', 'หนองหิน', 'เลย', '42190'),
(3345, 'ในเมือง', 'เมืองหนองคาย', 'หนองคาย', '43000'),
(3346, 'มีชัย', 'เมืองหนองคาย', 'หนองคาย', '43000'),
(3347, 'โพธิ์ชัย', 'เมืองหนองคาย', 'หนองคาย', '43000'),
(3348, 'กวนวัน', 'เมืองหนองคาย', 'หนองคาย', '43000'),
(3349, 'เวียงคุก', 'เมืองหนองคาย', 'หนองคาย', '43000'),
(3350, 'วัดธาตุ', 'เมืองหนองคาย', 'หนองคาย', '43000'),
(3351, 'หาดคำ', 'เมืองหนองคาย', 'หนองคาย', '43000'),
(3352, 'หินโงม', 'เมืองหนองคาย', 'หนองคาย', '43000'),
(3353, 'บ้านเดื่อ', 'เมืองหนองคาย', 'หนองคาย', '43000'),
(3354, 'ค่ายบกหวาน', 'เมืองหนองคาย', 'หนองคาย', '43100'),
(3355, 'โพนสว่าง', 'เมืองหนองคาย', 'หนองคาย', '43100'),
(3356, 'พระธาตุบังพวน', 'เมืองหนองคาย', 'หนองคาย', '43100'),
(3357, 'หนองกอมเกาะ', 'เมืองหนองคาย', 'หนองคาย', '43000'),
(3358, 'ปะโค', 'เมืองหนองคาย', 'หนองคาย', '43000'),
(3359, 'เมืองหมี', 'เมืองหนองคาย', 'หนองคาย', '43000'),
(3360, 'สีกาย', 'เมืองหนองคาย', 'หนองคาย', '43000'),
(3361, 'ท่าบ่อ', 'ท่าบ่อ', 'หนองคาย', '43110'),
(3362, 'น้ำโมง', 'ท่าบ่อ', 'หนองคาย', '43110'),
(3363, 'กองนาง', 'ท่าบ่อ', 'หนองคาย', '43110'),
(3364, 'โคกคอน', 'ท่าบ่อ', 'หนองคาย', '43110'),
(3365, 'บ้านเดื่อ', 'ท่าบ่อ', 'หนองคาย', '43110'),
(3366, 'บ้านถ่อน', 'ท่าบ่อ', 'หนองคาย', '43110'),
(3367, 'บ้านว่าน', 'ท่าบ่อ', 'หนองคาย', '43110'),
(3368, 'นาข่า', 'ท่าบ่อ', 'หนองคาย', '43110'),
(3369, 'โพนสา', 'ท่าบ่อ', 'หนองคาย', '43110'),
(3370, 'หนองนาง', 'ท่าบ่อ', 'หนองคาย', '43110'),
(3371, 'จุมพล', 'โพนพิสัย', 'หนองคาย', '43120'),
(3372, 'วัดหลวง', 'โพนพิสัย', 'หนองคาย', '43120'),
(3373, 'กุดบง', 'โพนพิสัย', 'หนองคาย', '43120'),
(3374, 'ชุมช้าง', 'โพนพิสัย', 'หนองคาย', '43120'),
(3375, 'ทุ่งหลวง', 'โพนพิสัย', 'หนองคาย', '43120'),
(3376, 'เหล่าต่างคำ', 'โพนพิสัย', 'หนองคาย', '43120'),
(3377, 'นาหนัง', 'โพนพิสัย', 'หนองคาย', '43120'),
(3378, 'เซิม', 'โพนพิสัย', 'หนองคาย', '43120'),
(3379, 'บ้านโพธิ์', 'โพนพิสัย', 'หนองคาย', '43120'),
(3380, 'บ้านผือ', 'โพนพิสัย', 'หนองคาย', '43120'),
(3381, 'สร้างนางขาว', 'โพนพิสัย', 'หนองคาย', '43120'),
(3382, 'พานพร้าว', 'ศรีเชียงใหม่', 'หนองคาย', '43130'),
(3383, 'บ้านหม้อ', 'ศรีเชียงใหม่', 'หนองคาย', '43130'),
(3384, 'พระพุทธบาท', 'ศรีเชียงใหม่', 'หนองคาย', '43130'),
(3385, 'หนองปลาปาก', 'ศรีเชียงใหม่', 'หนองคาย', '43130'),
(3386, 'แก้งไก่', 'สังคม', 'หนองคาย', '43160'),
(3387, 'ผาตั้ง', 'สังคม', 'หนองคาย', '43160'),
(3388, 'บ้านม่วง', 'สังคม', 'หนองคาย', '43160'),
(3389, 'นางิ้ว', 'สังคม', 'หนองคาย', '43160'),
(3390, 'สังคม', 'สังคม', 'หนองคาย', '43160'),
(3391, 'สระใคร', 'สระใคร', 'หนองคาย', '43100'),
(3392, 'คอกช้าง', 'สระใคร', 'หนองคาย', '43100'),
(3393, 'บ้านฝาง', 'สระใคร', 'หนองคาย', '43100'),
(3394, 'เฝ้าไร่', 'เฝ้าไร่', 'หนองคาย', '43120'),
(3395, 'นาดี', 'เฝ้าไร่', 'หนองคาย', '43120'),
(3396, 'หนองหลวง', 'เฝ้าไร่', 'หนองคาย', '43120'),
(3397, 'วังหลวง', 'เฝ้าไร่', 'หนองคาย', '43120'),
(3398, 'อุดมพร', 'เฝ้าไร่', 'หนองคาย', '43120'),
(3399, 'รัตนวาปี', 'รัตนวาปี', 'หนองคาย', '43120'),
(3400, 'นาทับไฮ', 'รัตนวาปี', 'หนองคาย', '43120'),
(3401, 'บ้านต้อน', 'รัตนวาปี', 'หนองคาย', '43120'),
(3402, 'พระบาทนาสิงห์', 'รัตนวาปี', 'หนองคาย', '43120'),
(3403, 'โพนแพง', 'รัตนวาปี', 'หนองคาย', '43120'),
(3404, 'โพธิ์ตาก', 'โพธิ์ตาก', 'หนองคาย', '43130'),
(3405, 'โพนทอง', 'โพธิ์ตาก', 'หนองคาย', '43130'),
(3406, 'ด่านศรีสุข', 'โพธิ์ตาก', 'หนองคาย', '43130'),
(3407, 'ตลาด', 'เมืองมหาสารคาม', 'มหาสารคาม', '44000'),
(3408, 'เขวา', 'เมืองมหาสารคาม', 'มหาสารคาม', '44000'),
(3409, 'ท่าตูม', 'เมืองมหาสารคาม', 'มหาสารคาม', '44000'),
(3410, 'แวงน่าง', 'เมืองมหาสารคาม', 'มหาสารคาม', '44000'),
(3411, 'โคกก่อ', 'เมืองมหาสารคาม', 'มหาสารคาม', '44000'),
(3412, 'ดอนหว่าน', 'เมืองมหาสารคาม', 'มหาสารคาม', '44000'),
(3413, 'เกิ้ง', 'เมืองมหาสารคาม', 'มหาสารคาม', '44000'),
(3414, 'แก่งเลิงจาน', 'เมืองมหาสารคาม', 'มหาสารคาม', '44000'),
(3415, 'ท่าสองคอน', 'เมืองมหาสารคาม', 'มหาสารคาม', '44000'),
(3416, 'ลาดพัฒนา', 'เมืองมหาสารคาม', 'มหาสารคาม', '44000'),
(3417, 'หนองปลิง', 'เมืองมหาสารคาม', 'มหาสารคาม', '44000'),
(3418, 'ห้วยแอ่ง', 'เมืองมหาสารคาม', 'มหาสารคาม', '44000'),
(3419, 'หนองโน', 'เมืองมหาสารคาม', 'มหาสารคาม', '44000'),
(3420, 'บัวค้อ', 'เมืองมหาสารคาม', 'มหาสารคาม', '44000'),
(3421, 'แกดำ', 'แกดำ', 'มหาสารคาม', '44190'),
(3422, 'วังแสง', 'แกดำ', 'มหาสารคาม', '44190'),
(3423, 'มิตรภาพ', 'แกดำ', 'มหาสารคาม', '44190'),
(3424, 'หนองกุง', 'แกดำ', 'มหาสารคาม', '44190'),
(3425, 'โนนภิบาล', 'แกดำ', 'มหาสารคาม', '44190'),
(3426, 'หัวขวาง', 'โกสุมพิสัย', 'มหาสารคาม', '44140'),
(3427, 'ยางน้อย', 'โกสุมพิสัย', 'มหาสารคาม', '44140'),
(3428, 'วังยาว', 'โกสุมพิสัย', 'มหาสารคาม', '44140'),
(3429, 'เขวาไร่', 'โกสุมพิสัย', 'มหาสารคาม', '44140'),
(3430, 'แพง', 'โกสุมพิสัย', 'มหาสารคาม', '44140'),
(3431, 'แก้งแก', 'โกสุมพิสัย', 'มหาสารคาม', '44140'),
(3432, 'หนองเหล็ก', 'โกสุมพิสัย', 'มหาสารคาม', '44140'),
(3433, 'หนองบัว', 'โกสุมพิสัย', 'มหาสารคาม', '44140'),
(3434, 'เหล่า', 'โกสุมพิสัย', 'มหาสารคาม', '44140'),
(3435, 'เขื่อน', 'โกสุมพิสัย', 'มหาสารคาม', '44140'),
(3436, 'หนองบอน', 'โกสุมพิสัย', 'มหาสารคาม', '44140'),
(3437, 'โพนงาม', 'โกสุมพิสัย', 'มหาสารคาม', '44140'),
(3438, 'ยางท่าแจ้ง', 'โกสุมพิสัย', 'มหาสารคาม', '44140'),
(3439, 'แห่ใต้', 'โกสุมพิสัย', 'มหาสารคาม', '44140'),
(3440, 'หนองกุงสวรรค์', 'โกสุมพิสัย', 'มหาสารคาม', '44140'),
(3441, 'เลิงใต้', 'โกสุมพิสัย', 'มหาสารคาม', '44140'),
(3442, 'ดอนกลาง', 'โกสุมพิสัย', 'มหาสารคาม', '44140'),
(3443, 'โคกพระ', 'กันทรวิชัย', 'มหาสารคาม', '44150'),
(3444, 'คันธารราษฎร์', 'กันทรวิชัย', 'มหาสารคาม', '44150'),
(3445, 'มะค่า', 'กันทรวิชัย', 'มหาสารคาม', '44150'),
(3446, 'ท่าขอนยาง', 'กันทรวิชัย', 'มหาสารคาม', '44150'),
(3447, 'นาสีนวน', 'กันทรวิชัย', 'มหาสารคาม', '44150'),
(3448, 'ขามเรียง', 'กันทรวิชัย', 'มหาสารคาม', '44150'),
(3449, 'เขวาใหญ่', 'กันทรวิชัย', 'มหาสารคาม', '44150'),
(3450, 'ศรีสุข', 'กันทรวิชัย', 'มหาสารคาม', '44150'),
(3451, 'กุดใส้จ่อ', 'กันทรวิชัย', 'มหาสารคาม', '44150'),
(3452, 'ขามเฒ่าพัฒนา', 'กันทรวิชัย', 'มหาสารคาม', '44150'),
(3453, 'เชียงยืน', 'เชียงยืน', 'มหาสารคาม', '44160'),
(3454, 'หนองซอน', 'เชียงยืน', 'มหาสารคาม', '44160'),
(3455, 'ดอนเงิน', 'เชียงยืน', 'มหาสารคาม', '44160'),
(3456, 'กู่ทอง', 'เชียงยืน', 'มหาสารคาม', '44160'),
(3457, 'นาทอง', 'เชียงยืน', 'มหาสารคาม', '44160'),
(3458, 'เสือเฒ่า', 'เชียงยืน', 'มหาสารคาม', '44160'),
(3459, 'โพนทอง', 'เชียงยืน', 'มหาสารคาม', '44160'),
(3460, 'เหล่าบัวบาน', 'เชียงยืน', 'มหาสารคาม', '44160'),
(3461, 'บรบือ', 'บรบือ', 'มหาสารคาม', '44130'),
(3462, 'บ่อใหญ่', 'บรบือ', 'มหาสารคาม', '44130'),
(3463, 'วังไชย', 'บรบือ', 'มหาสารคาม', '44130'),
(3464, 'หนองม่วง', 'บรบือ', 'มหาสารคาม', '44130'),
(3465, 'กำพี้', 'บรบือ', 'มหาสารคาม', '44130'),
(3466, 'โนนราษี', 'บรบือ', 'มหาสารคาม', '44130'),
(3467, 'โนนแดง', 'บรบือ', 'มหาสารคาม', '44130'),
(3468, 'หนองจิก', 'บรบือ', 'มหาสารคาม', '44130'),
(3469, 'บัวมาศ', 'บรบือ', 'มหาสารคาม', '44130'),
(3470, 'หนองคูขาด', 'บรบือ', 'มหาสารคาม', '44130'),
(3471, 'วังใหม่', 'บรบือ', 'มหาสารคาม', '44130'),
(3472, 'ยาง', 'บรบือ', 'มหาสารคาม', '44130'),
(3473, 'หนองสิม', 'บรบือ', 'มหาสารคาม', '44130'),
(3474, 'หนองโก', 'บรบือ', 'มหาสารคาม', '44130'),
(3475, 'ดอนงัว', 'บรบือ', 'มหาสารคาม', '44130'),
(3476, 'นาเชือก', 'นาเชือก', 'มหาสารคาม', '44170'),
(3477, 'สำโรง', 'นาเชือก', 'มหาสารคาม', '44170'),
(3478, 'หนองแดง', 'นาเชือก', 'มหาสารคาม', '44170'),
(3479, 'เขวาไร่', 'นาเชือก', 'มหาสารคาม', '44170'),
(3480, 'หนองโพธิ์', 'นาเชือก', 'มหาสารคาม', '44170'),
(3481, 'ปอพาน', 'นาเชือก', 'มหาสารคาม', '44170'),
(3482, 'หนองเม็ก', 'นาเชือก', 'มหาสารคาม', '44170'),
(3483, 'หนองเรือ', 'นาเชือก', 'มหาสารคาม', '44170'),
(3484, 'หนองกุง', 'นาเชือก', 'มหาสารคาม', '44170'),
(3485, 'สันป่าตอง', 'นาเชือก', 'มหาสารคาม', '44170'),
(3486, 'ปะหลาน', 'พยัคฆภูมิพิสัย', 'มหาสารคาม', '44110'),
(3487, 'ก้ามปู', 'พยัคฆภูมิพิสัย', 'มหาสารคาม', '44110'),
(3488, 'เวียงสะอาด', 'พยัคฆภูมิพิสัย', 'มหาสารคาม', '44110'),
(3489, 'เม็กดำ', 'พยัคฆภูมิพิสัย', 'มหาสารคาม', '44110'),
(3490, 'นาสีนวล', 'พยัคฆภูมิพิสัย', 'มหาสารคาม', '44110'),
(3491, 'ราษฎร์เจริญ', 'พยัคฆภูมิพิสัย', 'มหาสารคาม', '44110'),
(3492, 'หนองบัวแก้ว', 'พยัคฆภูมิพิสัย', 'มหาสารคาม', '44110'),
(3493, 'เมืองเตา', 'พยัคฆภูมิพิสัย', 'มหาสารคาม', '44110'),
(3494, 'ลานสะแก', 'พยัคฆภูมิพิสัย', 'มหาสารคาม', '44110'),
(3495, 'เวียงชัย', 'พยัคฆภูมิพิสัย', 'มหาสารคาม', '44110'),
(3496, 'หนองบัว', 'พยัคฆภูมิพิสัย', 'มหาสารคาม', '44110'),
(3497, 'ราษฎร์พัฒนา', 'พยัคฆภูมิพิสัย', 'มหาสารคาม', '44110'),
(3498, 'เมืองเสือ', 'พยัคฆภูมิพิสัย', 'มหาสารคาม', '44110'),
(3499, 'ภารแอ่น', 'พยัคฆภูมิพิสัย', 'มหาสารคาม', '44110'),
(3500, 'หนองแสง', 'วาปีปทุม', 'มหาสารคาม', '44120'),
(3501, 'ขามป้อม', 'วาปีปทุม', 'มหาสารคาม', '44120'),
(3502, 'เสือโก้ก', 'วาปีปทุม', 'มหาสารคาม', '44120'),
(3503, 'ดงใหญ่', 'วาปีปทุม', 'มหาสารคาม', '44120'),
(3504, 'โพธิ์ชัย', 'วาปีปทุม', 'มหาสารคาม', '44120'),
(3505, 'หัวเรือ', 'วาปีปทุม', 'มหาสารคาม', '44120'),
(3506, 'แคน', 'วาปีปทุม', 'มหาสารคาม', '44120'),
(3507, 'งัวบา', 'วาปีปทุม', 'มหาสารคาม', '44120'),
(3508, 'นาข่า', 'วาปีปทุม', 'มหาสารคาม', '44120'),
(3509, 'บ้านหวาย', 'วาปีปทุม', 'มหาสารคาม', '44120'),
(3510, 'หนองไฮ', 'วาปีปทุม', 'มหาสารคาม', '44120'),
(3511, 'ประชาพัฒนา', 'วาปีปทุม', 'มหาสารคาม', '44120'),
(3512, 'หนองทุ่ม', 'วาปีปทุม', 'มหาสารคาม', '44120'),
(3513, 'หนองแสน', 'วาปีปทุม', 'มหาสารคาม', '44120'),
(3514, 'โคกสีทองหลาง', 'วาปีปทุม', 'มหาสารคาม', '44120'),
(3515, 'นาดูน', 'นาดูน', 'มหาสารคาม', '44180'),
(3516, 'หนองไผ่', 'นาดูน', 'มหาสารคาม', '44180'),
(3517, 'หนองคู', 'นาดูน', 'มหาสารคาม', '44180'),
(3518, 'ดงบัง', 'นาดูน', 'มหาสารคาม', '44180'),
(3519, 'ดงดวน', 'นาดูน', 'มหาสารคาม', '44180'),
(3520, 'หัวดง', 'นาดูน', 'มหาสารคาม', '44180'),
(3521, 'ดงยาง', 'นาดูน', 'มหาสารคาม', '44180'),
(3522, 'กู่สันตรัตน์', 'นาดูน', 'มหาสารคาม', '44180'),
(3523, 'พระธาตุ', 'นาดูน', 'มหาสารคาม', '44180'),
(3524, 'ยางสีสุราช', 'ยางสีสุราช', 'มหาสารคาม', '44210'),
(3525, 'นาภู', 'ยางสีสุราช', 'มหาสารคาม', '44210'),
(3526, 'แวงดง', 'ยางสีสุราช', 'มหาสารคาม', '44210'),
(3527, 'บ้านกู่', 'ยางสีสุราช', 'มหาสารคาม', '44210'),
(3528, 'ดงเมือง', 'ยางสีสุราช', 'มหาสารคาม', '44210'),
(3529, 'สร้างแซ่ง', 'ยางสีสุราช', 'มหาสารคาม', '44210'),
(3530, 'หนองบัวสันตุ', 'ยางสีสุราช', 'มหาสารคาม', '44210'),
(3531, 'กุดรัง', 'กุดรัง', 'มหาสารคาม', '44130'),
(3532, 'นาโพธิ์', 'กุดรัง', 'มหาสารคาม', '44130'),
(3533, 'เลิงแฝก', 'กุดรัง', 'มหาสารคาม', '44130'),
(3534, 'หนองแวง', 'กุดรัง', 'มหาสารคาม', '44130'),
(3535, 'ห้วยเตย', 'กุดรัง', 'มหาสารคาม', '44130'),
(3536, 'ชื่นชม', 'ชื่นชม', 'มหาสารคาม', '44160'),
(3537, 'กุดปลาดุก', 'ชื่นชม', 'มหาสารคาม', '44160'),
(3538, 'เหล่าดอกไม้', 'ชื่นชม', 'มหาสารคาม', '44160'),
(3539, 'หนองกุง', 'ชื่นชม', 'มหาสารคาม', '44160'),
(3540, 'ในเมือง', 'เมืองร้อยเอ็ด', 'ร้อยเอ็ด', '45000'),
(3541, 'รอบเมือง', 'เมืองร้อยเอ็ด', 'ร้อยเอ็ด', '45000'),
(3542, 'เหนือเมือง', 'เมืองร้อยเอ็ด', 'ร้อยเอ็ด', '45000'),
(3543, 'ขอนแก่น', 'เมืองร้อยเอ็ด', 'ร้อยเอ็ด', '45000'),
(3544, 'นาโพธิ์', 'เมืองร้อยเอ็ด', 'ร้อยเอ็ด', '45000'),
(3545, 'สะอาดสมบูรณ์', 'เมืองร้อยเอ็ด', 'ร้อยเอ็ด', '45000'),
(3546, 'สีแก้ว', 'เมืองร้อยเอ็ด', 'ร้อยเอ็ด', '45000'),
(3547, 'ปอภาร  (ปอพาน)', 'เมืองร้อยเอ็ด', 'ร้อยเอ็ด', '45000'),
(3548, 'โนนรัง', 'เมืองร้อยเอ็ด', 'ร้อยเอ็ด', '45000'),
(3549, 'หนองแก้ว', 'เมืองร้อยเอ็ด', 'ร้อยเอ็ด', '45000'),
(3550, 'หนองแวง', 'เมืองร้อยเอ็ด', 'ร้อยเอ็ด', '45000'),
(3551, 'ดงลาน', 'เมืองร้อยเอ็ด', 'ร้อยเอ็ด', '45000'),
(3552, 'แคนใหญ่', 'เมืองร้อยเอ็ด', 'ร้อยเอ็ด', '45000'),
(3553, 'โนนตาล', 'เมืองร้อยเอ็ด', 'ร้อยเอ็ด', '45000'),
(3554, 'เมืองทอง', 'เมืองร้อยเอ็ด', 'ร้อยเอ็ด', '45000'),
(3555, 'เกษตรวิสัย', 'เกษตรวิสัย', 'ร้อยเอ็ด', '45150'),
(3556, 'เมืองบัว', 'เกษตรวิสัย', 'ร้อยเอ็ด', '45150'),
(3557, 'เหล่าหลวง', 'เกษตรวิสัย', 'ร้อยเอ็ด', '45150'),
(3558, 'สิงห์โคก', 'เกษตรวิสัย', 'ร้อยเอ็ด', '45150'),
(3559, 'ดงครั่งใหญ่', 'เกษตรวิสัย', 'ร้อยเอ็ด', '45150'),
(3560, 'บ้านฝาง', 'เกษตรวิสัย', 'ร้อยเอ็ด', '45150'),
(3561, 'หนองแวง', 'เกษตรวิสัย', 'ร้อยเอ็ด', '45150'),
(3562, 'กำแพง', 'เกษตรวิสัย', 'ร้อยเอ็ด', '45150'),
(3563, 'กู่กาสิงห์', 'เกษตรวิสัย', 'ร้อยเอ็ด', '45150'),
(3564, 'น้ำอ้อม', 'เกษตรวิสัย', 'ร้อยเอ็ด', '45150'),
(3565, 'โนนสว่าง', 'เกษตรวิสัย', 'ร้อยเอ็ด', '45150'),
(3566, 'ทุ่งทอง', 'เกษตรวิสัย', 'ร้อยเอ็ด', '45150'),
(3567, 'ดงครั่งน้อย', 'เกษตรวิสัย', 'ร้อยเอ็ด', '45150'),
(3568, 'บัวแดง', 'ปทุมรัตต์', 'ร้อยเอ็ด', '45190'),
(3569, 'ดอกล้ำ', 'ปทุมรัตต์', 'ร้อยเอ็ด', '45190'),
(3570, 'หนองแคน', 'ปทุมรัตต์', 'ร้อยเอ็ด', '45190'),
(3571, 'โพนสูง', 'ปทุมรัตต์', 'ร้อยเอ็ด', '45190'),
(3572, 'โนนสวรรค์', 'ปทุมรัตต์', 'ร้อยเอ็ด', '45190'),
(3573, 'สระบัว', 'ปทุมรัตต์', 'ร้อยเอ็ด', '45190'),
(3574, 'โนนสง่า', 'ปทุมรัตต์', 'ร้อยเอ็ด', '45190'),
(3575, 'ขี้เหล็ก', 'ปทุมรัตต์', 'ร้อยเอ็ด', '45190'),
(3576, 'หัวช้าง', 'จตุรพักตรพิมาน', 'ร้อยเอ็ด', '45180'),
(3577, 'หนองผือ', 'จตุรพักตรพิมาน', 'ร้อยเอ็ด', '45180'),
(3578, 'เมืองหงส์', 'จตุรพักตรพิมาน', 'ร้อยเอ็ด', '45180'),
(3579, 'โคกล่าม', 'จตุรพักตรพิมาน', 'ร้อยเอ็ด', '45180'),
(3580, 'น้ำใส', 'จตุรพักตรพิมาน', 'ร้อยเอ็ด', '45180'),
(3581, 'ดงแดง', 'จตุรพักตรพิมาน', 'ร้อยเอ็ด', '45180'),
(3582, 'ดงกลาง', 'จตุรพักตรพิมาน', 'ร้อยเอ็ด', '45180'),
(3583, 'ป่าสังข์', 'จตุรพักตรพิมาน', 'ร้อยเอ็ด', '45180'),
(3584, 'อีง่อง', 'จตุรพักตรพิมาน', 'ร้อยเอ็ด', '45180'),
(3585, 'ลิ้นฟ้า', 'จตุรพักตรพิมาน', 'ร้อยเอ็ด', '45180'),
(3586, 'ดู่น้อย', 'จตุรพักตรพิมาน', 'ร้อยเอ็ด', '45180'),
(3587, 'ศรีโคตร', 'จตุรพักตรพิมาน', 'ร้อยเอ็ด', '45180'),
(3588, 'นิเวศน์', 'ธวัชบุรี', 'ร้อยเอ็ด', '45170'),
(3589, 'ธงธานี', 'ธวัชบุรี', 'ร้อยเอ็ด', '45170'),
(3590, 'หนองไผ่', 'ธวัชบุรี', 'ร้อยเอ็ด', '45170'),
(3591, 'ธวัชบุรี', 'ธวัชบุรี', 'ร้อยเอ็ด', '45170'),
(3592, 'อุ่มเม้า', 'ธวัชบุรี', 'ร้อยเอ็ด', '45170'),
(3593, 'มะอึ', 'ธวัชบุรี', 'ร้อยเอ็ด', '45170'),
(3594, 'เขวาทุ่ง', 'ธวัชบุรี', 'ร้อยเอ็ด', '45170'),
(3595, 'ไพศาล', 'ธวัชบุรี', 'ร้อยเอ็ด', '45170'),
(3596, 'เมืองน้อย', 'ธวัชบุรี', 'ร้อยเอ็ด', '45170'),
(3597, 'บึงนคร', 'ธวัชบุรี', 'ร้อยเอ็ด', '45170'),
(3598, 'ราชธานี', 'ธวัชบุรี', 'ร้อยเอ็ด', '45170'),
(3599, 'หนองพอก', 'ธวัชบุรี', 'ร้อยเอ็ด', '45170'),
(3600, 'พนมไพร', 'พนมไพร', 'ร้อยเอ็ด', '45140'),
(3601, 'แสนสุข', 'พนมไพร', 'ร้อยเอ็ด', '45140'),
(3602, 'กุดน้ำใส', 'พนมไพร', 'ร้อยเอ็ด', '45140'),
(3603, 'หนองทัพไทย', 'พนมไพร', 'ร้อยเอ็ด', '45140'),
(3604, 'โพธิ์ใหญ่', 'พนมไพร', 'ร้อยเอ็ด', '45140'),
(3605, 'วารีสวัสดิ์', 'พนมไพร', 'ร้อยเอ็ด', '45140'),
(3606, 'โคกสว่าง', 'พนมไพร', 'ร้อยเอ็ด', '45140'),
(3607, 'โพธิ์ชัย', 'พนมไพร', 'ร้อยเอ็ด', '45140'),
(3608, 'นานวล', 'พนมไพร', 'ร้อยเอ็ด', '45140'),
(3609, 'คำไฮ', 'พนมไพร', 'ร้อยเอ็ด', '45140'),
(3610, 'สระแก้ว', 'พนมไพร', 'ร้อยเอ็ด', '45140'),
(3611, 'ค้อใหญ่', 'พนมไพร', 'ร้อยเอ็ด', '45140'),
(3612, 'ชานุวรรณ', 'พนมไพร', 'ร้อยเอ็ด', '45140'),
(3613, 'แวง', 'โพนทอง', 'ร้อยเอ็ด', '45110'),
(3614, 'โคกกกม่วง', 'โพนทอง', 'ร้อยเอ็ด', '45110'),
(3615, 'นาอุดม', 'โพนทอง', 'ร้อยเอ็ด', '45110'),
(3616, 'สว่าง', 'โพนทอง', 'ร้อยเอ็ด', '45110'),
(3617, 'หนองใหญ่', 'โพนทอง', 'ร้อยเอ็ด', '45110'),
(3618, 'โพธิ์ทอง', 'โพนทอง', 'ร้อยเอ็ด', '45110'),
(3619, 'โนนชัยศรี', 'โพนทอง', 'ร้อยเอ็ด', '45110'),
(3620, 'โพธิ์ศรีสว่าง', 'โพนทอง', 'ร้อยเอ็ด', '45110'),
(3621, 'อุ่มเม่า', 'โพนทอง', 'ร้อยเอ็ด', '45110'),
(3622, 'คำนาดี', 'โพนทอง', 'ร้อยเอ็ด', '45110'),
(3623, 'พรมสวรรค์', 'โพนทอง', 'ร้อยเอ็ด', '45110'),
(3624, 'สระนกแก้ว', 'โพนทอง', 'ร้อยเอ็ด', '45110'),
(3625, 'วังสามัคคี', 'โพนทอง', 'ร้อยเอ็ด', '45110'),
(3626, 'โคกสูง', 'โพนทอง', 'ร้อยเอ็ด', '45110'),
(3627, 'ขามเปี้ย', 'โพธิ์ชัย', 'ร้อยเอ็ด', '45230'),
(3628, 'เชียงใหม่', 'โพธิ์ชัย', 'ร้อยเอ็ด', '45230'),
(3629, 'บัวคำ', 'โพธิ์ชัย', 'ร้อยเอ็ด', '45230'),
(3630, 'อัคคะคำ', 'โพธิ์ชัย', 'ร้อยเอ็ด', '45230'),
(3631, 'สะอาด', 'โพธิ์ชัย', 'ร้อยเอ็ด', '45230'),
(3632, 'คำพอุง', 'โพธิ์ชัย', 'ร้อยเอ็ด', '45230'),
(3633, 'หนองตาไก้', 'โพธิ์ชัย', 'ร้อยเอ็ด', '45230'),
(3634, 'ดอนโอง', 'โพธิ์ชัย', 'ร้อยเอ็ด', '45230'),
(3635, 'โพธิ์ศรี', 'โพธิ์ชัย', 'ร้อยเอ็ด', '45230'),
(3636, 'หนองพอก', 'หนองพอก', 'ร้อยเอ็ด', '45210'),
(3637, 'บึงงาม', 'หนองพอก', 'ร้อยเอ็ด', '45210'),
(3638, 'ภูเขาทอง', 'หนองพอก', 'ร้อยเอ็ด', '45210'),
(3639, 'กกโพธิ์', 'หนองพอก', 'ร้อยเอ็ด', '45210'),
(3640, 'โคกสว่าง', 'หนองพอก', 'ร้อยเอ็ด', '45210'),
(3641, 'หนองขุ่นใหญ่', 'หนองพอก', 'ร้อยเอ็ด', '45210'),
(3642, 'รอบเมือง', 'หนองพอก', 'ร้อยเอ็ด', '45210'),
(3643, 'ผาน้ำย้อย', 'หนองพอก', 'ร้อยเอ็ด', '45210'),
(3644, 'ท่าสีดา', 'หนองพอก', 'ร้อยเอ็ด', '45210'),
(3645, 'กลาง', 'เสลภูมิ', 'ร้อยเอ็ด', '45120'),
(3646, 'นางาม', 'เสลภูมิ', 'ร้อยเอ็ด', '45120'),
(3647, 'เมืองไพร', 'เสลภูมิ', 'ร้อยเอ็ด', '45120'),
(3648, 'นาแซง', 'เสลภูมิ', 'ร้อยเอ็ด', '45120'),
(3649, 'นาเมือง', 'เสลภูมิ', 'ร้อยเอ็ด', '45120'),
(3650, 'วังหลวง', 'เสลภูมิ', 'ร้อยเอ็ด', '45120'),
(3651, 'ท่าม่วง', 'เสลภูมิ', 'ร้อยเอ็ด', '45120'),
(3652, 'ขวาว', 'เสลภูมิ', 'ร้อยเอ็ด', '45120'),
(3653, 'โพธิ์ทอง', 'เสลภูมิ', 'ร้อยเอ็ด', '45120'),
(3654, 'ภูเงิน', 'เสลภูมิ', 'ร้อยเอ็ด', '45120'),
(3655, 'เกาะแก้ว', 'เสลภูมิ', 'ร้อยเอ็ด', '45120'),
(3656, 'นาเลิง', 'เสลภูมิ', 'ร้อยเอ็ด', '45120'),
(3657, 'เหล่าน้อย', 'เสลภูมิ', 'ร้อยเอ็ด', '45120'),
(3658, 'ศรีวิลัย', 'เสลภูมิ', 'ร้อยเอ็ด', '45120'),
(3659, 'หนองหลวง', 'เสลภูมิ', 'ร้อยเอ็ด', '45120'),
(3660, 'พรสวรรค์', 'เสลภูมิ', 'ร้อยเอ็ด', '45120'),
(3661, 'ขวัญเมือง', 'เสลภูมิ', 'ร้อยเอ็ด', '45120'),
(3662, 'บึงเกลือ', 'เสลภูมิ', 'ร้อยเอ็ด', '45120'),
(3663, 'สระคู', 'สุวรรณภูมิ', 'ร้อยเอ็ด', '45130'),
(3664, 'ดอกไม้', 'สุวรรณภูมิ', 'ร้อยเอ็ด', '45130'),
(3665, 'นาใหญ่', 'สุวรรณภูมิ', 'ร้อยเอ็ด', '45130'),
(3666, 'หินกอง', 'สุวรรณภูมิ', 'ร้อยเอ็ด', '45130'),
(3667, 'เมืองทุ่ง', 'สุวรรณภูมิ', 'ร้อยเอ็ด', '45130'),
(3668, 'หัวโทน', 'สุวรรณภูมิ', 'ร้อยเอ็ด', '45130'),
(3669, 'บ่อพันขัน', 'สุวรรณภูมิ', 'ร้อยเอ็ด', '45130'),
(3670, 'ทุ่งหลวง', 'สุวรรณภูมิ', 'ร้อยเอ็ด', '45130'),
(3671, 'หัวช้าง', 'สุวรรณภูมิ', 'ร้อยเอ็ด', '45130'),
(3672, 'น้ำคำ', 'สุวรรณภูมิ', 'ร้อยเอ็ด', '45130'),
(3673, 'ห้วยหินลาด', 'สุวรรณภูมิ', 'ร้อยเอ็ด', '45130'),
(3674, 'ช้างเผือก', 'สุวรรณภูมิ', 'ร้อยเอ็ด', '45130'),
(3675, 'ทุ่งกุลา', 'สุวรรณภูมิ', 'ร้อยเอ็ด', '45130'),
(3676, 'ทุ่งศรีเมือง', 'สุวรรณภูมิ', 'ร้อยเอ็ด', '45130'),
(3677, 'จำปาขัน', 'สุวรรณภูมิ', 'ร้อยเอ็ด', '45130'),
(3678, 'หนองผือ', 'เมืองสรวง', 'ร้อยเอ็ด', '45220'),
(3679, 'หนองหิน', 'เมืองสรวง', 'ร้อยเอ็ด', '45220'),
(3680, 'คูเมือง', 'เมืองสรวง', 'ร้อยเอ็ด', '45220'),
(3681, 'กกกุง', 'เมืองสรวง', 'ร้อยเอ็ด', '45220'),
(3682, 'เมืองสรวง', 'เมืองสรวง', 'ร้อยเอ็ด', '45220'),
(3683, 'โพนทราย', 'โพนทราย', 'ร้อยเอ็ด', '45240'),
(3684, 'สามขา', 'โพนทราย', 'ร้อยเอ็ด', '45240'),
(3685, 'ศรีสว่าง', 'โพนทราย', 'ร้อยเอ็ด', '45240'),
(3686, 'ยางคำ', 'โพนทราย', 'ร้อยเอ็ด', '45240'),
(3687, 'ท่าหาดยาว', 'โพนทราย', 'ร้อยเอ็ด', '45240'),
(3688, 'อาจสามารถ', 'อาจสามารถ', 'ร้อยเอ็ด', '45160'),
(3689, 'โพนเมือง', 'อาจสามารถ', 'ร้อยเอ็ด', '45160'),
(3690, 'บ้านแจ้ง', 'อาจสามารถ', 'ร้อยเอ็ด', '45160'),
(3691, 'หน่อม', 'อาจสามารถ', 'ร้อยเอ็ด', '45160'),
(3692, 'หนองหมื่นถ่าน', 'อาจสามารถ', 'ร้อยเอ็ด', '45160'),
(3693, 'หนองขาม', 'อาจสามารถ', 'ร้อยเอ็ด', '45160'),
(3694, 'โหรา', 'อาจสามารถ', 'ร้อยเอ็ด', '45160'),
(3695, 'หนองบัว', 'อาจสามารถ', 'ร้อยเอ็ด', '45160'),
(3696, 'ขี้เหล็ก', 'อาจสามารถ', 'ร้อยเอ็ด', '45160'),
(3697, 'บ้านดู่', 'อาจสามารถ', 'ร้อยเอ็ด', '45160'),
(3698, 'เมยวดี', 'เมยวดี', 'ร้อยเอ็ด', '45250'),
(3699, 'ชุมพร', 'เมยวดี', 'ร้อยเอ็ด', '45250'),
(3700, 'บุ่งเลิศ', 'เมยวดี', 'ร้อยเอ็ด', '45250'),
(3701, 'ชมสะอาด', 'เมยวดี', 'ร้อยเอ็ด', '45250'),
(3702, 'โพธิ์ทอง', 'ศรีสมเด็จ', 'ร้อยเอ็ด', '45000'),
(3703, 'ศรีสมเด็จ', 'ศรีสมเด็จ', 'ร้อยเอ็ด', '45000'),
(3704, 'เมืองเปลือย', 'ศรีสมเด็จ', 'ร้อยเอ็ด', '45000'),
(3705, 'หนองใหญ่', 'ศรีสมเด็จ', 'ร้อยเอ็ด', '45000'),
(3706, 'สวนจิก', 'ศรีสมเด็จ', 'ร้อยเอ็ด', '45280'),
(3707, 'โพธิ์สัย', 'ศรีสมเด็จ', 'ร้อยเอ็ด', '45280'),
(3708, 'หนองแวงควง', 'ศรีสมเด็จ', 'ร้อยเอ็ด', '45000'),
(3709, 'บ้านบาก', 'ศรีสมเด็จ', 'ร้อยเอ็ด', '45000'),
(3710, 'ดินดำ', 'จังหาร', 'ร้อยเอ็ด', '45000'),
(3711, 'ปาฝา', 'จังหาร', 'ร้อยเอ็ด', '45000'),
(3712, 'ม่วงลาด', 'จังหาร', 'ร้อยเอ็ด', '45000'),
(3713, 'จังหาร', 'จังหาร', 'ร้อยเอ็ด', '45000'),
(3714, 'ดงสิงห์', 'จังหาร', 'ร้อยเอ็ด', '45000'),
(3715, 'ยางใหญ่', 'จังหาร', 'ร้อยเอ็ด', '45000'),
(3716, 'ผักแว่น', 'จังหาร', 'ร้อยเอ็ด', '45000'),
(3717, 'แสนชาติ', 'จังหาร', 'ร้อยเอ็ด', '45000'),
(3718, 'เชียงขวัญ', 'เชียงขวัญ', 'ร้อยเอ็ด', '45000'),
(3719, 'พลับพลา', 'เชียงขวัญ', 'ร้อยเอ็ด', '45170'),
(3720, 'พระธาตุ', 'เชียงขวัญ', 'ร้อยเอ็ด', '45000'),
(3721, 'พระเจ้า', 'เชียงขวัญ', 'ร้อยเอ็ด', '45000'),
(3722, 'หมูม้น', 'เชียงขวัญ', 'ร้อยเอ็ด', '45170'),
(3723, 'บ้านเขือง', 'เชียงขวัญ', 'ร้อยเอ็ด', '45000'),
(3724, 'หนองฮี', 'หนองฮี', 'ร้อยเอ็ด', '45140'),
(3725, 'สาวแห', 'หนองฮี', 'ร้อยเอ็ด', '45140'),
(3726, 'ดูกอึ่ง', 'หนองฮี', 'ร้อยเอ็ด', '45140'),
(3727, 'เด่นราษฎร์', 'หนองฮี', 'ร้อยเอ็ด', '45140'),
(3728, 'ทุ่งเขาหลวง', 'ทุ่งเขาหลวง', 'ร้อยเอ็ด', '45170'),
(3729, 'เทอดไทย', 'ทุ่งเขาหลวง', 'ร้อยเอ็ด', '45170'),
(3730, 'บึงงาม', 'ทุ่งเขาหลวง', 'ร้อยเอ็ด', '45170'),
(3731, 'มะบ้า', 'ทุ่งเขาหลวง', 'ร้อยเอ็ด', '45170'),
(3732, 'เหล่า', 'ทุ่งเขาหลวง', 'ร้อยเอ็ด', '45170'),
(3733, 'กาฬสินธุ์', 'เมืองกาฬสินธุ์', 'กาฬสินธุ์', '46000'),
(3734, 'เหนือ', 'เมืองกาฬสินธุ์', 'กาฬสินธุ์', '46000'),
(3735, 'หลุบ', 'เมืองกาฬสินธุ์', 'กาฬสินธุ์', '46000'),
(3736, 'ไผ่', 'เมืองกาฬสินธุ์', 'กาฬสินธุ์', '46000'),
(3737, 'ลำปาว', 'เมืองกาฬสินธุ์', 'กาฬสินธุ์', '46000'),
(3738, 'ลำพาน', 'เมืองกาฬสินธุ์', 'กาฬสินธุ์', '46000'),
(3739, 'เชียงเครือ', 'เมืองกาฬสินธุ์', 'กาฬสินธุ์', '46000'),
(3740, 'บึงวิชัย', 'เมืองกาฬสินธุ์', 'กาฬสินธุ์', '46000'),
(3741, 'ห้วยโพธิ์', 'เมืองกาฬสินธุ์', 'กาฬสินธุ์', '46000'),
(3742, 'ภูปอ', 'เมืองกาฬสินธุ์', 'กาฬสินธุ์', '46000'),
(3743, 'ภูดิน', 'เมืองกาฬสินธุ์', 'กาฬสินธุ์', '46000'),
(3744, 'หนองกุง', 'เมืองกาฬสินธุ์', 'กาฬสินธุ์', '46000'),
(3745, 'กลางหมื่น', 'เมืองกาฬสินธุ์', 'กาฬสินธุ์', '46000'),
(3746, 'ขมิ้น', 'เมืองกาฬสินธุ์', 'กาฬสินธุ์', '46000'),
(3747, 'โพนทอง', 'เมืองกาฬสินธุ์', 'กาฬสินธุ์', '46000'),
(3748, 'นาจารย์', 'เมืองกาฬสินธุ์', 'กาฬสินธุ์', '46000'),
(3749, 'ลำคลอง', 'เมืองกาฬสินธุ์', 'กาฬสินธุ์', '46000'),
(3750, 'นามน', 'นามน', 'กาฬสินธุ์', '46230'),
(3751, 'ยอดแกง', 'นามน', 'กาฬสินธุ์', '46230'),
(3752, 'สงเปลือย', 'นามน', 'กาฬสินธุ์', '46230'),
(3753, 'หลักเหลี่ยม', 'นามน', 'กาฬสินธุ์', '46230'),
(3754, 'หนองบัว', 'นามน', 'กาฬสินธุ์', '46230'),
(3755, 'กมลาไสย', 'กมลาไสย', 'กาฬสินธุ์', '46130'),
(3756, 'หลักเมือง', 'กมลาไสย', 'กาฬสินธุ์', '46130'),
(3757, 'โพนงาม', 'กมลาไสย', 'กาฬสินธุ์', '46130'),
(3758, 'ดงลิง', 'กมลาไสย', 'กาฬสินธุ์', '46130'),
(3759, 'ธัญญา', 'กมลาไสย', 'กาฬสินธุ์', '46130'),
(3760, 'หนองแปน', 'กมลาไสย', 'กาฬสินธุ์', '46130'),
(3761, 'เจ้าท่า', 'กมลาไสย', 'กาฬสินธุ์', '46130'),
(3762, 'โคกสมบูรณ์', 'กมลาไสย', 'กาฬสินธุ์', '46130'),
(3763, 'ร่องคำ', 'ร่องคำ', 'กาฬสินธุ์', '46210'),
(3764, 'สามัคคี', 'ร่องคำ', 'กาฬสินธุ์', '46210'),
(3765, 'เหล่าอ้อย', 'ร่องคำ', 'กาฬสินธุ์', '46210'),
(3766, 'บัวขาว', 'กุฉินารายณ์', 'กาฬสินธุ์', '46110'),
(3767, 'แจนแลน', 'กุฉินารายณ์', 'กาฬสินธุ์', '46110'),
(3768, 'เหล่าใหญ่', 'กุฉินารายณ์', 'กาฬสินธุ์', '46110'),
(3769, 'จุมจัง', 'กุฉินารายณ์', 'กาฬสินธุ์', '46110'),
(3770, 'เหล่าไฮงาม', 'กุฉินารายณ์', 'กาฬสินธุ์', '46110'),
(3771, 'กุดหว้า', 'กุฉินารายณ์', 'กาฬสินธุ์', '46110'),
(3772, 'สามขา', 'กุฉินารายณ์', 'กาฬสินธุ์', '46110'),
(3773, 'นาขาม', 'กุฉินารายณ์', 'กาฬสินธุ์', '46110'),
(3774, 'หนองห้าง', 'กุฉินารายณ์', 'กาฬสินธุ์', '46110'),
(3775, 'นาโก', 'กุฉินารายณ์', 'กาฬสินธุ์', '46110'),
(3776, 'สมสะอาด', 'กุฉินารายณ์', 'กาฬสินธุ์', '46110'),
(3777, 'กุดค้าว', 'กุฉินารายณ์', 'กาฬสินธุ์', '46110'),
(3778, 'คุ้มเก่า', 'เขาวง', 'กาฬสินธุ์', '46160'),
(3779, 'สงเปลือย', 'เขาวง', 'กาฬสินธุ์', '46160'),
(3780, 'หนองผือ', 'เขาวง', 'กาฬสินธุ์', '46160'),
(3781, 'กุดสิมคุ้มใหม่', 'เขาวง', 'กาฬสินธุ์', '46160'),
(3782, 'สระพังทอง', 'เขาวง', 'กาฬสินธุ์', '46160'),
(3783, 'กุดปลาค้าว', 'เขาวง', 'กาฬสินธุ์', '46160'),
(3784, 'ยางตลาด', 'ยางตลาด', 'กาฬสินธุ์', '46120'),
(3785, 'หัวงัว', 'ยางตลาด', 'กาฬสินธุ์', '46120'),
(3786, 'อุ่มเม่า', 'ยางตลาด', 'กาฬสินธุ์', '46120'),
(3787, 'บัวบาน', 'ยางตลาด', 'กาฬสินธุ์', '46120'),
(3788, 'เว่อ', 'ยางตลาด', 'กาฬสินธุ์', '46120'),
(3789, 'อิตื้อ', 'ยางตลาด', 'กาฬสินธุ์', '46120'),
(3790, 'หัวนาคำ', 'ยางตลาด', 'กาฬสินธุ์', '46120'),
(3791, 'หนองอิเฒ่า', 'ยางตลาด', 'กาฬสินธุ์', '46120'),
(3792, 'ดอนสมบูรณ์', 'ยางตลาด', 'กาฬสินธุ์', '46120'),
(3793, 'นาเชือก', 'ยางตลาด', 'กาฬสินธุ์', '46120'),
(3794, 'คลองขาม', 'ยางตลาด', 'กาฬสินธุ์', '46120'),
(3795, 'เขาพระนอน', 'ยางตลาด', 'กาฬสินธุ์', '46120'),
(3796, 'นาดี', 'ยางตลาด', 'กาฬสินธุ์', '46120'),
(3797, 'โนนสูง', 'ยางตลาด', 'กาฬสินธุ์', '46120'),
(3798, 'หนองตอกแป้น', 'ยางตลาด', 'กาฬสินธุ์', '46120'),
(3799, 'ห้วยเม็ก', 'ห้วยเม็ก', 'กาฬสินธุ์', '46170'),
(3800, 'คำใหญ่', 'ห้วยเม็ก', 'กาฬสินธุ์', '46170'),
(3801, 'กุดโดน', 'ห้วยเม็ก', 'กาฬสินธุ์', '46170'),
(3802, 'บึงนาเรียง', 'ห้วยเม็ก', 'กาฬสินธุ์', '46170'),
(3803, 'หัวหิน', 'ห้วยเม็ก', 'กาฬสินธุ์', '46170'),
(3804, 'พิมูล', 'ห้วยเม็ก', 'กาฬสินธุ์', '46170'),
(3805, 'คำเหมือดแก้ว', 'ห้วยเม็ก', 'กาฬสินธุ์', '46170'),
(3806, 'โนนสะอาด', 'ห้วยเม็ก', 'กาฬสินธุ์', '46170'),
(3807, 'ทรายทอง', 'ห้วยเม็ก', 'กาฬสินธุ์', '46170'),
(3808, 'ภูสิงห์', 'สหัสขันธ์', 'กาฬสินธุ์', '46140'),
(3809, 'สหัสขันธ์', 'สหัสขันธ์', 'กาฬสินธุ์', '46140'),
(3810, 'นามะเขือ', 'สหัสขันธ์', 'กาฬสินธุ์', '46140'),
(3811, 'โนนศิลา', 'สหัสขันธ์', 'กาฬสินธุ์', '46140'),
(3812, 'นิคม', 'สหัสขันธ์', 'กาฬสินธุ์', '46140'),
(3813, 'โนนแหลมทอง', 'สหัสขันธ์', 'กาฬสินธุ์', '46140'),
(3814, 'โนนบุรี', 'สหัสขันธ์', 'กาฬสินธุ์', '46140'),
(3815, 'โนนน้ำเกลี้ยง', 'สหัสขันธ์', 'กาฬสินธุ์', '46140'),
(3816, 'ทุ่งคลอง', 'คำม่วง', 'กาฬสินธุ์', '46180'),
(3817, 'โพน', 'คำม่วง', 'กาฬสินธุ์', '46180'),
(3818, 'ดินจี่', 'คำม่วง', 'กาฬสินธุ์', '46180'),
(3819, 'นาบอน', 'คำม่วง', 'กาฬสินธุ์', '46180'),
(3820, 'นาทัน', 'คำม่วง', 'กาฬสินธุ์', '46180'),
(3821, 'เนินยาง', 'คำม่วง', 'กาฬสินธุ์', '46180'),
(3822, 'ท่าคันโท', 'ท่าคันโท', 'กาฬสินธุ์', '46190'),
(3823, 'กุงเก่า', 'ท่าคันโท', 'กาฬสินธุ์', '46190'),
(3824, 'ยางอู้ม', 'ท่าคันโท', 'กาฬสินธุ์', '46190'),
(3825, 'กุดจิก', 'ท่าคันโท', 'กาฬสินธุ์', '46190'),
(3826, 'นาตาล', 'ท่าคันโท', 'กาฬสินธุ์', '46190'),
(3827, 'ดงสมบูรณ์', 'ท่าคันโท', 'กาฬสินธุ์', '46190'),
(3828, 'หนองกุงศรี', 'หนองกุงศรี', 'กาฬสินธุ์', '46220'),
(3829, 'หนองบัว', 'หนองกุงศรี', 'กาฬสินธุ์', '46220'),
(3830, 'โคกเครือ', 'หนองกุงศรี', 'กาฬสินธุ์', '46220'),
(3831, 'หนองสรวง', 'หนองกุงศรี', 'กาฬสินธุ์', '46220'),
(3832, 'เสาเล้า', 'หนองกุงศรี', 'กาฬสินธุ์', '46220'),
(3833, 'หนองใหญ่', 'หนองกุงศรี', 'กาฬสินธุ์', '46220'),
(3834, 'ดงมูล', 'หนองกุงศรี', 'กาฬสินธุ์', '46220'),
(3835, 'ลำหนองแสน', 'หนองกุงศรี', 'กาฬสินธุ์', '46220'),
(3836, 'หนองหิน', 'หนองกุงศรี', 'กาฬสินธุ์', '46220'),
(3837, 'สมเด็จ', 'สมเด็จ', 'กาฬสินธุ์', '46150'),
(3838, 'หนองแวง', 'สมเด็จ', 'กาฬสินธุ์', '46150'),
(3839, 'แซงบาดาล', 'สมเด็จ', 'กาฬสินธุ์', '46150'),
(3840, 'มหาไชย', 'สมเด็จ', 'กาฬสินธุ์', '46150'),
(3841, 'หมูม่น', 'สมเด็จ', 'กาฬสินธุ์', '46150'),
(3842, 'ผาเสวย', 'สมเด็จ', 'กาฬสินธุ์', '46150'),
(3843, 'ศรีสมเด็จ', 'สมเด็จ', 'กาฬสินธุ์', '46150'),
(3844, 'ลำห้วยหลัว', 'สมเด็จ', 'กาฬสินธุ์', '46150'),
(3845, 'คำบง', 'ห้วยผึ้ง', 'กาฬสินธุ์', '46240'),
(3846, 'ไค้นุ่น', 'ห้วยผึ้ง', 'กาฬสินธุ์', '46240'),
(3847, 'นิคมห้วยผึ้ง', 'ห้วยผึ้ง', 'กาฬสินธุ์', '46240'),
(3848, 'หนองอีบุตร', 'ห้วยผึ้ง', 'กาฬสินธุ์', '46240'),
(3849, 'สำราญ', 'สามชัย', 'กาฬสินธุ์', '46180'),
(3850, 'สำราญใต้', 'สามชัย', 'กาฬสินธุ์', '46180'),
(3851, 'คำสร้างเที่ยง', 'สามชัย', 'กาฬสินธุ์', '46180'),
(3852, 'หนองช้าง', 'สามชัย', 'กาฬสินธุ์', '46180'),
(3853, 'นาคู', 'นาคู', 'กาฬสินธุ์', '46160'),
(3854, 'สายนาวัง', 'นาคู', 'กาฬสินธุ์', '46160'),
(3855, 'โนนนาจาน', 'นาคู', 'กาฬสินธุ์', '46160'),
(3856, 'บ่อแก้ว', 'นาคู', 'กาฬสินธุ์', '46160'),
(3857, 'ภูแล่นช้าง', 'นาคู', 'กาฬสินธุ์', '46160'),
(3858, 'ดอนจาน', 'ดอนจาน', 'กาฬสินธุ์', '46000'),
(3859, 'สะอาดไชยศรี', 'ดอนจาน', 'กาฬสินธุ์', '46000'),
(3860, 'ดงพยุง', 'ดอนจาน', 'กาฬสินธุ์', '46000'),
(3861, 'ม่วงนา', 'ดอนจาน', 'กาฬสินธุ์', '46000'),
(3862, 'นาจำปา', 'ดอนจาน', 'กาฬสินธุ์', '46000'),
(3863, 'ฆ้องชัยพัฒนา', 'ฆ้องชัย', 'กาฬสินธุ์', '46130'),
(3864, 'เหล่ากลาง', 'ฆ้องชัย', 'กาฬสินธุ์', '46130'),
(3865, 'โคกสะอาด', 'ฆ้องชัย', 'กาฬสินธุ์', '46130'),
(3866, 'โนนศิลาเลิง', 'ฆ้องชัย', 'กาฬสินธุ์', '46130'),
(3867, 'ลำชี', 'ฆ้องชัย', 'กาฬสินธุ์', '46130'),
(3868, 'ธาตุเชิงชุม', 'เมืองสกลนคร', 'สกลนคร', '47000'),
(3869, 'ขมิ้น', 'เมืองสกลนคร', 'สกลนคร', '47220'),
(3870, 'งิ้วด่อน', 'เมืองสกลนคร', 'สกลนคร', '47000'),
(3871, 'โนนหอม', 'เมืองสกลนคร', 'สกลนคร', '47000'),
(3872, 'เชียงเครือ', 'เมืองสกลนคร', 'สกลนคร', '47000'),
(3873, 'ท่าแร่', 'เมืองสกลนคร', 'สกลนคร', '47230'),
(3874, 'ม่วงลาย', 'เมืองสกลนคร', 'สกลนคร', '47000'),
(3875, 'ดงชน', 'เมืองสกลนคร', 'สกลนคร', '47000'),
(3876, 'ห้วยยาง', 'เมืองสกลนคร', 'สกลนคร', '47000'),
(3877, 'พังขว้าง', 'เมืองสกลนคร', 'สกลนคร', '47000'),
(3878, 'ดงมะไฟ', 'เมืองสกลนคร', 'สกลนคร', '47000'),
(3879, 'ธาตุนาเวง', 'เมืองสกลนคร', 'สกลนคร', '47000'),
(3880, 'เหล่าปอแดง', 'เมืองสกลนคร', 'สกลนคร', '47000'),
(3881, 'หนองลาด', 'เมืองสกลนคร', 'สกลนคร', '47220'),
(3882, 'ฮางโฮง', 'เมืองสกลนคร', 'สกลนคร', '47000'),
(3883, 'โคกก่อง', 'เมืองสกลนคร', 'สกลนคร', '47000'),
(3884, 'กุสุมาลย์', 'กุสุมาลย์', 'สกลนคร', '47210'),
(3885, 'นาโพธิ์', 'กุสุมาลย์', 'สกลนคร', '47210'),
(3886, 'นาเพียง', 'กุสุมาลย์', 'สกลนคร', '47230'),
(3887, 'โพธิไพศาล', 'กุสุมาลย์', 'สกลนคร', '47210'),
(3888, 'อุ่มจาน', 'กุสุมาลย์', 'สกลนคร', '47230'),
(3889, 'กุดบาก', 'กุดบาก', 'สกลนคร', '47180'),
(3890, 'นาม่อง', 'กุดบาก', 'สกลนคร', '47180'),
(3891, 'กุดไห', 'กุดบาก', 'สกลนคร', '47180'),
(3892, 'พรรณา', 'พรรณานิคม', 'สกลนคร', '47130'),
(3893, 'วังยาง', 'พรรณานิคม', 'สกลนคร', '47130'),
(3894, 'พอกน้อย', 'พรรณานิคม', 'สกลนคร', '47220'),
(3895, 'นาหัวบ่อ', 'พรรณานิคม', 'สกลนคร', '47220'),
(3896, 'ไร่', 'พรรณานิคม', 'สกลนคร', '47130'),
(3897, 'ช้างมิ่ง', 'พรรณานิคม', 'สกลนคร', '47130'),
(3898, 'นาใน', 'พรรณานิคม', 'สกลนคร', '47130'),
(3899, 'สว่าง', 'พรรณานิคม', 'สกลนคร', '47130'),
(3900, 'บะฮี', 'พรรณานิคม', 'สกลนคร', '47130'),
(3901, 'เชิงชุม', 'พรรณานิคม', 'สกลนคร', '47130'),
(3902, 'พังโคน', 'พังโคน', 'สกลนคร', '47160'),
(3903, 'ม่วงไข่', 'พังโคน', 'สกลนคร', '47160'),
(3904, 'แร่', 'พังโคน', 'สกลนคร', '47160'),
(3905, 'ไฮหย่อง', 'พังโคน', 'สกลนคร', '47160'),
(3906, 'ต้นผึ้ง', 'พังโคน', 'สกลนคร', '47160');
INSERT INTO `address_info` (`id`, `tumbon`, `amphur`, `province`, `zipcode`) VALUES
(3907, 'วาริชภูมิ', 'วาริชภูมิ', 'สกลนคร', '47150'),
(3908, 'ปลาโหล', 'วาริชภูมิ', 'สกลนคร', '47150'),
(3909, 'หนองลาด', 'วาริชภูมิ', 'สกลนคร', '47150'),
(3910, 'คำบ่อ', 'วาริชภูมิ', 'สกลนคร', '47150'),
(3911, 'ค้อเขียว', 'วาริชภูมิ', 'สกลนคร', '47150'),
(3912, 'นิคมน้ำอูน', 'นิคมน้ำอูน', 'สกลนคร', '47270'),
(3913, 'หนองปลิง', 'นิคมน้ำอูน', 'สกลนคร', '47270'),
(3914, 'หนองบัว', 'นิคมน้ำอูน', 'สกลนคร', '47270'),
(3915, 'สุวรรณคาม', 'นิคมน้ำอูน', 'สกลนคร', '47270'),
(3916, 'วานรนิวาส', 'วานรนิวาส', 'สกลนคร', '47120'),
(3917, 'เดื่อศรีคันไชย', 'วานรนิวาส', 'สกลนคร', '47120'),
(3918, 'ขัวก่าย', 'วานรนิวาส', 'สกลนคร', '47120'),
(3919, 'หนองสนม', 'วานรนิวาส', 'สกลนคร', '47120'),
(3920, 'คูสะคาม', 'วานรนิวาส', 'สกลนคร', '47120'),
(3921, 'ธาตุ', 'วานรนิวาส', 'สกลนคร', '47120'),
(3922, 'หนองแวง', 'วานรนิวาส', 'สกลนคร', '47120'),
(3923, 'ศรีวิชัย', 'วานรนิวาส', 'สกลนคร', '47120'),
(3924, 'นาซอ', 'วานรนิวาส', 'สกลนคร', '47120'),
(3925, 'อินทร์แปลง', 'วานรนิวาส', 'สกลนคร', '47120'),
(3926, 'นาคำ', 'วานรนิวาส', 'สกลนคร', '47120'),
(3927, 'คอนสวรรค์', 'วานรนิวาส', 'สกลนคร', '47120'),
(3928, 'กุดเรือคำ', 'วานรนิวาส', 'สกลนคร', '47120'),
(3929, 'หนองแวงใต้', 'วานรนิวาส', 'สกลนคร', '47120'),
(3930, 'คำตากล้า', 'คำตากล้า', 'สกลนคร', '47250'),
(3931, 'หนองบัวสิม', 'คำตากล้า', 'สกลนคร', '47250'),
(3932, 'นาแต้', 'คำตากล้า', 'สกลนคร', '47250'),
(3933, 'แพด', 'คำตากล้า', 'สกลนคร', '47250'),
(3934, 'ม่วง', 'บ้านม่วง', 'สกลนคร', '47140'),
(3935, 'มาย', 'บ้านม่วง', 'สกลนคร', '47140'),
(3936, 'ดงหม้อทอง', 'บ้านม่วง', 'สกลนคร', '47140'),
(3937, 'ดงเหนือ', 'บ้านม่วง', 'สกลนคร', '47140'),
(3938, 'ดงหม้อทองใต้', 'บ้านม่วง', 'สกลนคร', '47140'),
(3939, 'ห้วยหลัว', 'บ้านม่วง', 'สกลนคร', '47140'),
(3940, 'โนนสะอาด', 'บ้านม่วง', 'สกลนคร', '47140'),
(3941, 'หนองกวั่ง', 'บ้านม่วง', 'สกลนคร', '47140'),
(3942, 'บ่อแก้ว', 'บ้านม่วง', 'สกลนคร', '47140'),
(3943, 'อากาศ', 'อากาศอำนวย', 'สกลนคร', '47170'),
(3944, 'โพนแพง', 'อากาศอำนวย', 'สกลนคร', '47170'),
(3945, 'วาใหญ่', 'อากาศอำนวย', 'สกลนคร', '47170'),
(3946, 'โพนงาม', 'อากาศอำนวย', 'สกลนคร', '47170'),
(3947, 'ท่าก้อน', 'อากาศอำนวย', 'สกลนคร', '47170'),
(3948, 'นาฮี', 'อากาศอำนวย', 'สกลนคร', '47170'),
(3949, 'บะหว้า', 'อากาศอำนวย', 'สกลนคร', '47170'),
(3950, 'สามัคคีพัฒนา', 'อากาศอำนวย', 'สกลนคร', '47170'),
(3951, 'สว่างแดนดิน', 'สว่างแดนดิน', 'สกลนคร', '47110'),
(3952, 'คำสะอาด', 'สว่างแดนดิน', 'สกลนคร', '47110'),
(3953, 'บ้านต้าย', 'สว่างแดนดิน', 'สกลนคร', '47110'),
(3954, 'บงเหนือ', 'สว่างแดนดิน', 'สกลนคร', '47110'),
(3955, 'โพนสูง', 'สว่างแดนดิน', 'สกลนคร', '47110'),
(3956, 'โคกสี', 'สว่างแดนดิน', 'สกลนคร', '47110'),
(3957, 'หนองหลวง', 'สว่างแดนดิน', 'สกลนคร', '47110'),
(3958, 'บงใต้', 'สว่างแดนดิน', 'สกลนคร', '47110'),
(3959, 'ค้อใต้', 'สว่างแดนดิน', 'สกลนคร', '47110'),
(3960, 'พันนา', 'สว่างแดนดิน', 'สกลนคร', '47240'),
(3961, 'แวง', 'สว่างแดนดิน', 'สกลนคร', '47240'),
(3962, 'ทรายมูล', 'สว่างแดนดิน', 'สกลนคร', '47110'),
(3963, 'ตาลโกน', 'สว่างแดนดิน', 'สกลนคร', '47240'),
(3964, 'ตาลเนิ้ง', 'สว่างแดนดิน', 'สกลนคร', '47240'),
(3965, 'ธาตุทอง', 'สว่างแดนดิน', 'สกลนคร', '47240'),
(3966, 'บ้านถ่อน', 'สว่างแดนดิน', 'สกลนคร', '47110'),
(3967, 'ส่องดาว', 'ส่องดาว', 'สกลนคร', '47190'),
(3968, 'ท่าศิลา', 'ส่องดาว', 'สกลนคร', '47190'),
(3969, 'วัฒนา', 'ส่องดาว', 'สกลนคร', '47190'),
(3970, 'ปทุมวาปี', 'ส่องดาว', 'สกลนคร', '47190'),
(3971, 'เต่างอย', 'เต่างอย', 'สกลนคร', '47260'),
(3972, 'บึงทวาย', 'เต่างอย', 'สกลนคร', '47260'),
(3973, 'นาตาล', 'เต่างอย', 'สกลนคร', '47260'),
(3974, 'จันทร์เพ็ญ', 'เต่างอย', 'สกลนคร', '47260'),
(3975, 'ตองโขบ', 'โคกศรีสุพรรณ', 'สกลนคร', '47280'),
(3976, 'เหล่าโพนค้อ', 'โคกศรีสุพรรณ', 'สกลนคร', '47280'),
(3977, 'ด่านม่วงคำ', 'โคกศรีสุพรรณ', 'สกลนคร', '47280'),
(3978, 'แมดนาท่ม', 'โคกศรีสุพรรณ', 'สกลนคร', '47280'),
(3979, 'บ้านเหล่า', 'เจริญศิลป์', 'สกลนคร', '47290'),
(3980, 'เจริญศิลป์', 'เจริญศิลป์', 'สกลนคร', '47290'),
(3981, 'ทุ่งแก', 'เจริญศิลป์', 'สกลนคร', '47290'),
(3982, 'โคกศิลา', 'เจริญศิลป์', 'สกลนคร', '47290'),
(3983, 'หนองแปน', 'เจริญศิลป์', 'สกลนคร', '47290'),
(3984, 'บ้านโพน', 'โพนนาแก้ว', 'สกลนคร', '47230'),
(3985, 'นาแก้ว', 'โพนนาแก้ว', 'สกลนคร', '47230'),
(3986, 'นาตงวัฒนา', 'โพนนาแก้ว', 'สกลนคร', '47230'),
(3987, 'บ้านแป้น', 'โพนนาแก้ว', 'สกลนคร', '47230'),
(3988, 'เชียงสือ', 'โพนนาแก้ว', 'สกลนคร', '47230'),
(3989, 'สร้างค้อ', 'ภูพาน', 'สกลนคร', '47180'),
(3990, 'หลุบเลา', 'ภูพาน', 'สกลนคร', '47180'),
(3991, 'โคกภู', 'ภูพาน', 'สกลนคร', '47180'),
(3992, 'กกปลาซิว', 'ภูพาน', 'สกลนคร', '47180'),
(3993, 'ในเมือง', 'เมืองนครพนม', 'นครพนม', '48000'),
(3994, 'หนองแสง', 'เมืองนครพนม', 'นครพนม', '48000'),
(3995, 'นาทราย', 'เมืองนครพนม', 'นครพนม', '48000'),
(3996, 'นาราชควาย', 'เมืองนครพนม', 'นครพนม', '48000'),
(3997, 'กุรุคุ', 'เมืองนครพนม', 'นครพนม', '48000'),
(3998, 'บ้านผึ้ง', 'เมืองนครพนม', 'นครพนม', '48000'),
(3999, 'อาจสามารถ', 'เมืองนครพนม', 'นครพนม', '48000'),
(4000, 'ขามเฒ่า', 'เมืองนครพนม', 'นครพนม', '48000'),
(4001, 'บ้านกลาง', 'เมืองนครพนม', 'นครพนม', '48000'),
(4002, 'ท่าค้อ', 'เมืองนครพนม', 'นครพนม', '48000'),
(4003, 'คำเตย', 'เมืองนครพนม', 'นครพนม', '48000'),
(4004, 'หนองญาติ', 'เมืองนครพนม', 'นครพนม', '48000'),
(4005, 'ดงขวาง', 'เมืองนครพนม', 'นครพนม', '48000'),
(4006, 'วังตามัว', 'เมืองนครพนม', 'นครพนม', '48000'),
(4007, 'โพธิ์ตาก', 'เมืองนครพนม', 'นครพนม', '48000'),
(4008, 'ปลาปาก', 'ปลาปาก', 'นครพนม', '48160'),
(4009, 'หนองฮี', 'ปลาปาก', 'นครพนม', '48160'),
(4010, 'กุตาไก้', 'ปลาปาก', 'นครพนม', '48160'),
(4011, 'โคกสว่าง', 'ปลาปาก', 'นครพนม', '48160'),
(4012, 'โคกสูง', 'ปลาปาก', 'นครพนม', '48160'),
(4013, 'มหาชัย', 'ปลาปาก', 'นครพนม', '48160'),
(4014, 'นามะเขือ', 'ปลาปาก', 'นครพนม', '48160'),
(4015, 'หนองเทาใหญ่', 'ปลาปาก', 'นครพนม', '48160'),
(4016, 'ท่าอุเทน', 'ท่าอุเทน', 'นครพนม', '48120'),
(4017, 'โนนตาล', 'ท่าอุเทน', 'นครพนม', '48120'),
(4018, 'ท่าจำปา', 'ท่าอุเทน', 'นครพนม', '48120'),
(4019, 'ไชยบุรี', 'ท่าอุเทน', 'นครพนม', '48120'),
(4020, 'พนอม', 'ท่าอุเทน', 'นครพนม', '48120'),
(4021, 'พะทาย', 'ท่าอุเทน', 'นครพนม', '48120'),
(4022, 'เวินพระบาท', 'ท่าอุเทน', 'นครพนม', '48120'),
(4023, 'รามราช', 'ท่าอุเทน', 'นครพนม', '48120'),
(4024, 'หนองเทา', 'ท่าอุเทน', 'นครพนม', '48120'),
(4025, 'บ้านแพง', 'บ้านแพง', 'นครพนม', '48140'),
(4026, 'ไผ่ล้อม', 'บ้านแพง', 'นครพนม', '48140'),
(4027, 'โพนทอง', 'บ้านแพง', 'นครพนม', '48140'),
(4028, 'หนองแวง', 'บ้านแพง', 'นครพนม', '48140'),
(4029, 'นางัว', 'บ้านแพง', 'นครพนม', '48140'),
(4030, 'นาเข', 'บ้านแพง', 'นครพนม', '48140'),
(4031, 'ธาตุพนม', 'ธาตุพนม', 'นครพนม', '48110'),
(4032, 'ฝั่งแดง', 'ธาตุพนม', 'นครพนม', '48110'),
(4033, 'โพนแพง', 'ธาตุพนม', 'นครพนม', '48110'),
(4034, 'พระกลางทุ่ง', 'ธาตุพนม', 'นครพนม', '48110'),
(4035, 'นาถ่อน', 'ธาตุพนม', 'นครพนม', '48110'),
(4036, 'แสนพัน', 'ธาตุพนม', 'นครพนม', '48110'),
(4037, 'ดอนนางหงส์', 'ธาตุพนม', 'นครพนม', '48110'),
(4038, 'น้ำก่ำ', 'ธาตุพนม', 'นครพนม', '48110'),
(4039, 'อุ่มเหม้า', 'ธาตุพนม', 'นครพนม', '48110'),
(4040, 'นาหนาด', 'ธาตุพนม', 'นครพนม', '48110'),
(4041, 'กุดฉิม', 'ธาตุพนม', 'นครพนม', '48110'),
(4042, 'ธาตุพนมเหนือ', 'ธาตุพนม', 'นครพนม', '48110'),
(4043, 'เรณู', 'เรณูนคร', 'นครพนม', '48170'),
(4044, 'โพนทอง', 'เรณูนคร', 'นครพนม', '48170'),
(4045, 'ท่าลาด', 'เรณูนคร', 'นครพนม', '48170'),
(4046, 'นางาม', 'เรณูนคร', 'นครพนม', '48170'),
(4047, 'โคกหินแฮ่', 'เรณูนคร', 'นครพนม', '48170'),
(4048, 'หนองย่างชิ้น', 'เรณูนคร', 'นครพนม', '48170'),
(4049, 'เรณูใต้', 'เรณูนคร', 'นครพนม', '48170'),
(4050, 'นาขาม', 'เรณูนคร', 'นครพนม', '48170'),
(4051, 'นาแก', 'นาแก', 'นครพนม', '48130'),
(4052, 'พระซอง', 'นาแก', 'นครพนม', '48130'),
(4053, 'หนองสังข์', 'นาแก', 'นครพนม', '48130'),
(4054, 'นาคู่', 'นาแก', 'นครพนม', '48130'),
(4055, 'พิมาน', 'นาแก', 'นครพนม', '48130'),
(4056, 'พุ่มแก', 'นาแก', 'นครพนม', '48130'),
(4057, 'ก้านเหลือง', 'นาแก', 'นครพนม', '48130'),
(4058, 'หนองบ่อ', 'นาแก', 'นครพนม', '48130'),
(4059, 'นาเลียง', 'นาแก', 'นครพนม', '48130'),
(4060, 'บ้านแก้ง', 'นาแก', 'นครพนม', '48130'),
(4061, 'คำพี้', 'นาแก', 'นครพนม', '48130'),
(4062, 'สีชมพู', 'นาแก', 'นครพนม', '48130'),
(4063, 'ศรีสงคราม', 'ศรีสงคราม', 'นครพนม', '48150'),
(4064, 'นาเดื่อ', 'ศรีสงคราม', 'นครพนม', '48150'),
(4065, 'บ้านเอื้อง', 'ศรีสงคราม', 'นครพนม', '48150'),
(4066, 'สามผง', 'ศรีสงคราม', 'นครพนม', '48150'),
(4067, 'ท่าบ่อสงคราม', 'ศรีสงคราม', 'นครพนม', '48150'),
(4068, 'บ้านข่า', 'ศรีสงคราม', 'นครพนม', '48150'),
(4069, 'นาคำ', 'ศรีสงคราม', 'นครพนม', '48150'),
(4070, 'โพนสว่าง', 'ศรีสงคราม', 'นครพนม', '48150'),
(4071, 'หาดแพง', 'ศรีสงคราม', 'นครพนม', '48150'),
(4072, 'นาหว้า', 'นาหว้า', 'นครพนม', '48180'),
(4073, 'นางัว', 'นาหว้า', 'นครพนม', '48180'),
(4074, 'บ้านเสียว', 'นาหว้า', 'นครพนม', '48180'),
(4075, 'นาคูณใหญ่', 'นาหว้า', 'นครพนม', '48180'),
(4076, 'เหล่าพัฒนา', 'นาหว้า', 'นครพนม', '48180'),
(4077, 'ท่าเรือ', 'นาหว้า', 'นครพนม', '48180'),
(4078, 'โพนสวรรค์', 'โพนสวรรค์', 'นครพนม', '48190'),
(4079, 'นาหัวบ่อ', 'โพนสวรรค์', 'นครพนม', '48190'),
(4080, 'นาขมิ้น', 'โพนสวรรค์', 'นครพนม', '48190'),
(4081, 'โพนบก', 'โพนสวรรค์', 'นครพนม', '48190'),
(4082, 'บ้านค้อ', 'โพนสวรรค์', 'นครพนม', '48190'),
(4083, 'โพนจาน', 'โพนสวรรค์', 'นครพนม', '48190'),
(4084, 'นาใน', 'โพนสวรรค์', 'นครพนม', '48190'),
(4085, 'นาทม', 'นาทม', 'นครพนม', '48140'),
(4086, 'หนองซน', 'นาทม', 'นครพนม', '48140'),
(4087, 'ดอนเตย', 'นาทม', 'นครพนม', '48140'),
(4088, 'วังยาง', 'วังยาง', 'นครพนม', '48130'),
(4089, 'โคกสี', 'วังยาง', 'นครพนม', '48130'),
(4090, 'ยอดชาด', 'วังยาง', 'นครพนม', '48130'),
(4091, 'หนองโพธิ์', 'วังยาง', 'นครพนม', '48130'),
(4092, 'มุกดาหาร', 'เมืองมุกดาหาร', 'มุกดาหาร', '49000'),
(4093, 'ศรีบุญเรือง', 'เมืองมุกดาหาร', 'มุกดาหาร', '49000'),
(4094, 'บ้านโคก', 'เมืองมุกดาหาร', 'มุกดาหาร', '49000'),
(4095, 'บางทรายใหญ่', 'เมืองมุกดาหาร', 'มุกดาหาร', '49000'),
(4096, 'โพนทราย', 'เมืองมุกดาหาร', 'มุกดาหาร', '49000'),
(4097, 'ผึ่งแดด', 'เมืองมุกดาหาร', 'มุกดาหาร', '49000'),
(4098, 'นาโสก', 'เมืองมุกดาหาร', 'มุกดาหาร', '49000'),
(4099, 'นาสีนวน', 'เมืองมุกดาหาร', 'มุกดาหาร', '49000'),
(4100, 'คำป่าหลาย', 'เมืองมุกดาหาร', 'มุกดาหาร', '49000'),
(4101, 'คำอาฮวน', 'เมืองมุกดาหาร', 'มุกดาหาร', '49000'),
(4102, 'ดงเย็น', 'เมืองมุกดาหาร', 'มุกดาหาร', '49000'),
(4103, 'ดงมอน', 'เมืองมุกดาหาร', 'มุกดาหาร', '49000'),
(4104, 'กุดแข้', 'เมืองมุกดาหาร', 'มุกดาหาร', '49000'),
(4105, 'นิคมคำสร้อย', 'นิคมคำสร้อย', 'มุกดาหาร', '49130'),
(4106, 'นากอก', 'นิคมคำสร้อย', 'มุกดาหาร', '49130'),
(4107, 'หนองแวง', 'นิคมคำสร้อย', 'มุกดาหาร', '49130'),
(4108, 'กกแดง', 'นิคมคำสร้อย', 'มุกดาหาร', '49130'),
(4109, 'นาอุดม', 'นิคมคำสร้อย', 'มุกดาหาร', '49130'),
(4110, 'โชคชัย', 'นิคมคำสร้อย', 'มุกดาหาร', '49130'),
(4111, 'ร่มเกล้า', 'นิคมคำสร้อย', 'มุกดาหาร', '49130'),
(4112, 'ดอนตาล', 'ดอนตาล', 'มุกดาหาร', '49120'),
(4113, 'โพธิ์ไทร', 'ดอนตาล', 'มุกดาหาร', '49120'),
(4114, 'ป่าไร่', 'ดอนตาล', 'มุกดาหาร', '49120'),
(4115, 'เหล่าหมี', 'ดอนตาล', 'มุกดาหาร', '49120'),
(4116, 'บ้านบาก', 'ดอนตาล', 'มุกดาหาร', '49120'),
(4117, 'นาสะเม็ง', 'ดอนตาล', 'มุกดาหาร', '49120'),
(4118, 'บ้านแก้ง', 'ดอนตาล', 'มุกดาหาร', '49120'),
(4119, 'ดงหลวง', 'ดงหลวง', 'มุกดาหาร', '49140'),
(4120, 'หนองบัว', 'ดงหลวง', 'มุกดาหาร', '49140'),
(4121, 'กกตูม', 'ดงหลวง', 'มุกดาหาร', '49140'),
(4122, 'หนองแคน', 'ดงหลวง', 'มุกดาหาร', '49140'),
(4123, 'ชะโนดน้อย', 'ดงหลวง', 'มุกดาหาร', '49140'),
(4124, 'พังแดง', 'ดงหลวง', 'มุกดาหาร', '49140'),
(4125, 'บ้านซ่ง', 'คำชะอี', 'มุกดาหาร', '49110'),
(4126, 'คำชะอี', 'คำชะอี', 'มุกดาหาร', '49110'),
(4127, 'หนองเอี่ยน', 'คำชะอี', 'มุกดาหาร', '49110'),
(4128, 'บ้านค้อ', 'คำชะอี', 'มุกดาหาร', '49110'),
(4129, 'บ้านเหล่า', 'คำชะอี', 'มุกดาหาร', '49110'),
(4130, 'โพนงาม', 'คำชะอี', 'มุกดาหาร', '49110'),
(4131, 'เหล่าสร้างถ่อ', 'คำชะอี', 'มุกดาหาร', '49110'),
(4132, 'คำบก', 'คำชะอี', 'มุกดาหาร', '49110'),
(4133, 'น้ำเที่ยง', 'คำชะอี', 'มุกดาหาร', '49110'),
(4134, 'หว้านใหญ่', 'หว้านใหญ่', 'มุกดาหาร', '49150'),
(4135, 'ป่งขาม', 'หว้านใหญ่', 'มุกดาหาร', '49150'),
(4136, 'บางทรายน้อย', 'หว้านใหญ่', 'มุกดาหาร', '49150'),
(4137, 'ชะโนด', 'หว้านใหญ่', 'มุกดาหาร', '49150'),
(4138, 'ดงหมู', 'หว้านใหญ่', 'มุกดาหาร', '49150'),
(4139, 'หนองสูง', 'หนองสูง', 'มุกดาหาร', '49160'),
(4140, 'โนนยาง', 'หนองสูง', 'มุกดาหาร', '49160'),
(4141, 'ภูวง', 'หนองสูง', 'มุกดาหาร', '49160'),
(4142, 'บ้านเป้า', 'หนองสูง', 'มุกดาหาร', '49160'),
(4143, 'หนองสูงใต้', 'หนองสูง', 'มุกดาหาร', '49160'),
(4144, 'หนองสูงเหนือ', 'หนองสูง', 'มุกดาหาร', '49160'),
(4145, 'ศรีภูมิ', 'เมืองเชียงใหม่', 'เชียงใหม่', '50200'),
(4146, 'พระสิงห์', 'เมืองเชียงใหม่', 'เชียงใหม่', '50200'),
(4147, 'หายยา', 'เมืองเชียงใหม่', 'เชียงใหม่', '50100'),
(4148, 'ช้างม่อย', 'เมืองเชียงใหม่', 'เชียงใหม่', '50300'),
(4149, 'ช้างคลาน', 'เมืองเชียงใหม่', 'เชียงใหม่', '50100'),
(4150, 'วัดเกต', 'เมืองเชียงใหม่', 'เชียงใหม่', '50000'),
(4151, 'ช้างเผือก', 'เมืองเชียงใหม่', 'เชียงใหม่', '50300'),
(4152, 'สุเทพ', 'เมืองเชียงใหม่', 'เชียงใหม่', '50200'),
(4153, 'แม่เหียะ', 'เมืองเชียงใหม่', 'เชียงใหม่', '50100'),
(4154, 'ป่าแดด', 'เมืองเชียงใหม่', 'เชียงใหม่', '50100'),
(4155, 'หนองหอย', 'เมืองเชียงใหม่', 'เชียงใหม่', '50000'),
(4156, 'ท่าศาลา', 'เมืองเชียงใหม่', 'เชียงใหม่', '50000'),
(4157, 'หนองป่าครั่ง', 'เมืองเชียงใหม่', 'เชียงใหม่', '50000'),
(4158, 'ฟ้าฮ่าม', 'เมืองเชียงใหม่', 'เชียงใหม่', '50000'),
(4159, 'ป่าตัน', 'เมืองเชียงใหม่', 'เชียงใหม่', '50300'),
(4160, 'สันผีเสื้อ', 'เมืองเชียงใหม่', 'เชียงใหม่', '50300'),
(4161, 'บ้านหลวง', 'จอมทอง', 'เชียงใหม่', '50160'),
(4162, 'ข่วงเปา', 'จอมทอง', 'เชียงใหม่', '50160'),
(4163, 'สบเตี๊ยะ', 'จอมทอง', 'เชียงใหม่', '50160'),
(4164, 'บ้านแปะ', 'จอมทอง', 'เชียงใหม่', '50240'),
(4165, 'ดอยแก้ว', 'จอมทอง', 'เชียงใหม่', '50160'),
(4166, 'แม่สอย', 'จอมทอง', 'เชียงใหม่', '50240'),
(4167, 'ช่างเคิ่ง', 'แม่แจ่ม', 'เชียงใหม่', '50270'),
(4168, 'ท่าผา', 'แม่แจ่ม', 'เชียงใหม่', '50270'),
(4169, 'บ้านทับ', 'แม่แจ่ม', 'เชียงใหม่', '50270'),
(4170, 'แม่ศึก', 'แม่แจ่ม', 'เชียงใหม่', '50270'),
(4171, 'แม่นาจร', 'แม่แจ่ม', 'เชียงใหม่', '50270'),
(4172, 'ปางหินฝน', 'แม่แจ่ม', 'เชียงใหม่', '50270'),
(4173, 'กองแขก', 'แม่แจ่ม', 'เชียงใหม่', '50270'),
(4174, 'เชียงดาว', 'เชียงดาว', 'เชียงใหม่', '50170'),
(4175, 'เมืองนะ', 'เชียงดาว', 'เชียงใหม่', '50170'),
(4176, 'เมืองงาย', 'เชียงดาว', 'เชียงใหม่', '50170'),
(4177, 'แม่นะ', 'เชียงดาว', 'เชียงใหม่', '50170'),
(4178, 'เมืองคอง', 'เชียงดาว', 'เชียงใหม่', '50170'),
(4179, 'ปิงโค้ง', 'เชียงดาว', 'เชียงใหม่', '50170'),
(4180, 'ทุ่งข้าวพวง', 'เชียงดาว', 'เชียงใหม่', '50170'),
(4181, 'เชิงดอย', 'ดอยสะเก็ด', 'เชียงใหม่', '50220'),
(4182, 'สันปูเลย', 'ดอยสะเก็ด', 'เชียงใหม่', '50220'),
(4183, 'ลวงเหนือ', 'ดอยสะเก็ด', 'เชียงใหม่', '50220'),
(4184, 'ป่าป้อง', 'ดอยสะเก็ด', 'เชียงใหม่', '50220'),
(4185, 'สง่าบ้าน', 'ดอยสะเก็ด', 'เชียงใหม่', '50220'),
(4186, 'ป่าลาน', 'ดอยสะเก็ด', 'เชียงใหม่', '50220'),
(4187, 'ตลาดขวัญ', 'ดอยสะเก็ด', 'เชียงใหม่', '50220'),
(4188, 'สำราญราษฎร์', 'ดอยสะเก็ด', 'เชียงใหม่', '50220'),
(4189, 'แม่คือ', 'ดอยสะเก็ด', 'เชียงใหม่', '50220'),
(4190, 'ตลาดใหญ่', 'ดอยสะเก็ด', 'เชียงใหม่', '50220'),
(4191, 'แม่ฮ้อยเงิน', 'ดอยสะเก็ด', 'เชียงใหม่', '50220'),
(4192, 'แม่โป่ง', 'ดอยสะเก็ด', 'เชียงใหม่', '50220'),
(4193, 'ป่าเมี่ยง', 'ดอยสะเก็ด', 'เชียงใหม่', '50220'),
(4194, 'เทพเสด็จ', 'ดอยสะเก็ด', 'เชียงใหม่', '50220'),
(4195, 'สันมหาพน', 'แม่แตง', 'เชียงใหม่', '50150'),
(4196, 'แม่แตง', 'แม่แตง', 'เชียงใหม่', '50150'),
(4197, 'ขี้เหล็ก', 'แม่แตง', 'เชียงใหม่', '50150'),
(4198, 'ช่อแล', 'แม่แตง', 'เชียงใหม่', '50150'),
(4199, 'แม่หอพระ', 'แม่แตง', 'เชียงใหม่', '50150'),
(4200, 'สบเปิง', 'แม่แตง', 'เชียงใหม่', '50150'),
(4201, 'บ้านเป้า', 'แม่แตง', 'เชียงใหม่', '50150'),
(4202, 'สันป่ายาง', 'แม่แตง', 'เชียงใหม่', '50330'),
(4203, 'ป่าแป๋', 'แม่แตง', 'เชียงใหม่', '50150'),
(4204, 'เมืองก๋าย', 'แม่แตง', 'เชียงใหม่', '50150'),
(4205, 'บ้านช้าง', 'แม่แตง', 'เชียงใหม่', '50150'),
(4206, 'กื้ดช้าง', 'แม่แตง', 'เชียงใหม่', '50150'),
(4207, 'อินทขิล', 'แม่แตง', 'เชียงใหม่', '50150'),
(4208, 'สมก๋าย', 'แม่แตง', 'เชียงใหม่', '50150'),
(4209, 'ริมใต้', 'แม่ริม', 'เชียงใหม่', '50180'),
(4210, 'ริมเหนือ', 'แม่ริม', 'เชียงใหม่', '50180'),
(4211, 'สันโป่ง', 'แม่ริม', 'เชียงใหม่', '50180'),
(4212, 'ขี้เหล็ก', 'แม่ริม', 'เชียงใหม่', '50180'),
(4213, 'สะลวง', 'แม่ริม', 'เชียงใหม่', '50330'),
(4214, 'ห้วยทราย', 'แม่ริม', 'เชียงใหม่', '50180'),
(4215, 'แม่แรม', 'แม่ริม', 'เชียงใหม่', '50180'),
(4216, 'โป่งแยง', 'แม่ริม', 'เชียงใหม่', '50180'),
(4217, 'แม่สา', 'แม่ริม', 'เชียงใหม่', '50180'),
(4218, 'ดอนแก้ว', 'แม่ริม', 'เชียงใหม่', '50180'),
(4219, 'เหมืองแก้ว', 'แม่ริม', 'เชียงใหม่', '50180'),
(4220, 'สะเมิงใต้', 'สะเมิง', 'เชียงใหม่', '50250'),
(4221, 'สะเมิงเหนือ', 'สะเมิง', 'เชียงใหม่', '50250'),
(4222, 'แม่สาบ', 'สะเมิง', 'เชียงใหม่', '50250'),
(4223, 'บ่อแก้ว', 'สะเมิง', 'เชียงใหม่', '50250'),
(4224, 'ยั้งเมิน', 'สะเมิง', 'เชียงใหม่', '50250'),
(4225, 'เวียง', 'ฝาง', 'เชียงใหม่', '50110'),
(4226, 'ม่อนปิ่น', 'ฝาง', 'เชียงใหม่', '50110'),
(4227, 'แม่งอน', 'ฝาง', 'เชียงใหม่', '50320'),
(4228, 'แม่สูน', 'ฝาง', 'เชียงใหม่', '50110'),
(4229, 'สันทราย', 'ฝาง', 'เชียงใหม่', '50110'),
(4230, 'แม่คะ', 'ฝาง', 'เชียงใหม่', '50110'),
(4231, 'แม่ข่า', 'ฝาง', 'เชียงใหม่', '50320'),
(4232, 'โป่งน้ำร้อน', 'ฝาง', 'เชียงใหม่', '50110'),
(4233, 'แม่อาย', 'แม่อาย', 'เชียงใหม่', '50280'),
(4234, 'แม่สาว', 'แม่อาย', 'เชียงใหม่', '50280'),
(4235, 'สันต้นหมื้อ', 'แม่อาย', 'เชียงใหม่', '50280'),
(4236, 'แม่นาวาง', 'แม่อาย', 'เชียงใหม่', '50280'),
(4237, 'ท่าตอน', 'แม่อาย', 'เชียงใหม่', '50280'),
(4238, 'บ้านหลวง', 'แม่อาย', 'เชียงใหม่', '50280'),
(4239, 'มะลิกา', 'แม่อาย', 'เชียงใหม่', '50280'),
(4240, 'เวียง', 'พร้าว', 'เชียงใหม่', '50190'),
(4241, 'ทุ่งหลวง', 'พร้าว', 'เชียงใหม่', '50190'),
(4242, 'ป่าตุ้ม', 'พร้าว', 'เชียงใหม่', '50190'),
(4243, 'ป่าไหน่', 'พร้าว', 'เชียงใหม่', '50190'),
(4244, 'สันทราย', 'พร้าว', 'เชียงใหม่', '50190'),
(4245, 'บ้านโป่ง', 'พร้าว', 'เชียงใหม่', '50190'),
(4246, 'น้ำแพร่', 'พร้าว', 'เชียงใหม่', '50190'),
(4247, 'เขื่อนผาก', 'พร้าว', 'เชียงใหม่', '50190'),
(4248, 'แม่แวน', 'พร้าว', 'เชียงใหม่', '50190'),
(4249, 'แม่ปั๋ง', 'พร้าว', 'เชียงใหม่', '50190'),
(4250, 'โหล่งขอด', 'พร้าว', 'เชียงใหม่', '50190'),
(4251, 'ยุหว่า', 'สันป่าตอง', 'เชียงใหม่', '50120'),
(4252, 'สันกลาง', 'สันป่าตอง', 'เชียงใหม่', '50120'),
(4253, 'ท่าวังพร้าว', 'สันป่าตอง', 'เชียงใหม่', '50120'),
(4254, 'มะขามหลวง', 'สันป่าตอง', 'เชียงใหม่', '50120'),
(4255, 'แม่ก๊า', 'สันป่าตอง', 'เชียงใหม่', '50120'),
(4256, 'บ้านแม', 'สันป่าตอง', 'เชียงใหม่', '50120'),
(4257, 'บ้านกลาง', 'สันป่าตอง', 'เชียงใหม่', '50120'),
(4258, 'ทุ่งสะโตก', 'สันป่าตอง', 'เชียงใหม่', '50120'),
(4259, 'ทุ่งต้อม', 'สันป่าตอง', 'เชียงใหม่', '50120'),
(4260, 'น้ำบ่อหลวง', 'สันป่าตอง', 'เชียงใหม่', '50120'),
(4261, 'มะขุนหวาน', 'สันป่าตอง', 'เชียงใหม่', '50120'),
(4262, 'สันกำแพง', 'สันกำแพง', 'เชียงใหม่', '50130'),
(4263, 'ทรายมูล', 'สันกำแพง', 'เชียงใหม่', '50130'),
(4264, 'ร้องวัวแดง', 'สันกำแพง', 'เชียงใหม่', '50130'),
(4265, 'บวกค้าง', 'สันกำแพง', 'เชียงใหม่', '50130'),
(4266, 'แช่ช้าง', 'สันกำแพง', 'เชียงใหม่', '50130'),
(4267, 'ออนใต้', 'สันกำแพง', 'เชียงใหม่', '50130'),
(4268, 'แม่ปูคา', 'สันกำแพง', 'เชียงใหม่', '50130'),
(4269, 'ห้วยทราย', 'สันกำแพง', 'เชียงใหม่', '50130'),
(4270, 'ต้นเปา', 'สันกำแพง', 'เชียงใหม่', '50130'),
(4271, 'สันกลาง', 'สันกำแพง', 'เชียงใหม่', '50130'),
(4272, 'สันทรายหลวง', 'สันทราย', 'เชียงใหม่', '50210'),
(4273, 'สันทรายน้อย', 'สันทราย', 'เชียงใหม่', '50210'),
(4274, 'สันพระเนตร', 'สันทราย', 'เชียงใหม่', '50210'),
(4275, 'สันนาเม็ง', 'สันทราย', 'เชียงใหม่', '50210'),
(4276, 'สันป่าเปา', 'สันทราย', 'เชียงใหม่', '50210'),
(4277, 'หนองแหย่ง', 'สันทราย', 'เชียงใหม่', '50210'),
(4278, 'หนองจ๊อม', 'สันทราย', 'เชียงใหม่', '50210'),
(4279, 'หนองหาร', 'สันทราย', 'เชียงใหม่', '50290'),
(4280, 'แม่แฝก', 'สันทราย', 'เชียงใหม่', '50290'),
(4281, 'แม่แฝกใหม่', 'สันทราย', 'เชียงใหม่', '50290'),
(4282, 'เมืองเล็น', 'สันทราย', 'เชียงใหม่', '50210'),
(4283, 'ป่าไผ่', 'สันทราย', 'เชียงใหม่', '50210'),
(4284, 'หางดง', 'หางดง', 'เชียงใหม่', '50230'),
(4285, 'หนองแก๋ว', 'หางดง', 'เชียงใหม่', '50230'),
(4286, 'หารแก้ว', 'หางดง', 'เชียงใหม่', '50230'),
(4287, 'หนองตอง', 'หางดง', 'เชียงใหม่', '50340'),
(4288, 'ขุนคง', 'หางดง', 'เชียงใหม่', '50230'),
(4289, 'สบแม่ข่า', 'หางดง', 'เชียงใหม่', '50230'),
(4290, 'บ้านแหวน', 'หางดง', 'เชียงใหม่', '50230'),
(4291, 'สันผักหวาน', 'หางดง', 'เชียงใหม่', '50230'),
(4292, 'หนองควาย', 'หางดง', 'เชียงใหม่', '50230'),
(4293, 'บ้านปง', 'หางดง', 'เชียงใหม่', '50230'),
(4294, 'น้ำแพร่', 'หางดง', 'เชียงใหม่', '50230'),
(4295, 'หางดง', 'ฮอด', 'เชียงใหม่', '50240'),
(4296, 'ฮอด', 'ฮอด', 'เชียงใหม่', '50240'),
(4297, 'บ้านตาล', 'ฮอด', 'เชียงใหม่', '50240'),
(4298, 'บ่อหลวง', 'ฮอด', 'เชียงใหม่', '50240'),
(4299, 'บ่อสลี', 'ฮอด', 'เชียงใหม่', '50240'),
(4300, 'นาคอเรือ', 'ฮอด', 'เชียงใหม่', '50240'),
(4301, 'ดอยเต่า', 'ดอยเต่า', 'เชียงใหม่', '50260'),
(4302, 'ท่าเดื่อ', 'ดอยเต่า', 'เชียงใหม่', '50260'),
(4303, 'มืดกา', 'ดอยเต่า', 'เชียงใหม่', '50260'),
(4304, 'บ้านแอ่น', 'ดอยเต่า', 'เชียงใหม่', '50260'),
(4305, 'บงตัน', 'ดอยเต่า', 'เชียงใหม่', '50260'),
(4306, 'โปงทุ่ง', 'ดอยเต่า', 'เชียงใหม่', '50260'),
(4307, 'อมก๋อย', 'อมก๋อย', 'เชียงใหม่', '50310'),
(4308, 'ยางเปียง', 'อมก๋อย', 'เชียงใหม่', '50310'),
(4309, 'แม่ตื่น', 'อมก๋อย', 'เชียงใหม่', '50310'),
(4310, 'ม่อนจอง', 'อมก๋อย', 'เชียงใหม่', '50310'),
(4311, 'สบโขง', 'อมก๋อย', 'เชียงใหม่', '50310'),
(4312, 'นาเกียน', 'อมก๋อย', 'เชียงใหม่', '50310'),
(4313, 'ยางเนิ้ง', 'สารภี', 'เชียงใหม่', '50140'),
(4314, 'สารภี', 'สารภี', 'เชียงใหม่', '50140'),
(4315, 'ชมภู', 'สารภี', 'เชียงใหม่', '50140'),
(4316, 'ไชยสถาน', 'สารภี', 'เชียงใหม่', '50140'),
(4317, 'ขัวมุง', 'สารภี', 'เชียงใหม่', '50140'),
(4318, 'หนองแฝก', 'สารภี', 'เชียงใหม่', '50140'),
(4319, 'หนองผึ้ง', 'สารภี', 'เชียงใหม่', '50140'),
(4320, 'ท่ากว้าง', 'สารภี', 'เชียงใหม่', '50140'),
(4321, 'ดอนแก้ว', 'สารภี', 'เชียงใหม่', '50140'),
(4322, 'ท่าวังตาล', 'สารภี', 'เชียงใหม่', '50140'),
(4323, 'สันทราย', 'สารภี', 'เชียงใหม่', '50140'),
(4324, 'ป่าบง', 'สารภี', 'เชียงใหม่', '50140'),
(4325, 'เมืองแหง', 'เวียงแหง', 'เชียงใหม่', '50350'),
(4326, 'เปียงหลวง', 'เวียงแหง', 'เชียงใหม่', '50350'),
(4327, 'แสนไห', 'เวียงแหง', 'เชียงใหม่', '50350'),
(4328, 'ปงตำ', 'ไชยปราการ', 'เชียงใหม่', '50320'),
(4329, 'ศรีดงเย็น', 'ไชยปราการ', 'เชียงใหม่', '50320'),
(4330, 'แม่ทะลบ', 'ไชยปราการ', 'เชียงใหม่', '50320'),
(4331, 'หนองบัว', 'ไชยปราการ', 'เชียงใหม่', '50320'),
(4332, 'บ้านกาด', 'แม่วาง', 'เชียงใหม่', '50360'),
(4333, 'ทุ่งปี๊', 'แม่วาง', 'เชียงใหม่', '50360'),
(4334, 'ทุ่งรวงทอง', 'แม่วาง', 'เชียงใหม่', '50360'),
(4335, 'แม่วิน', 'แม่วาง', 'เชียงใหม่', '50360'),
(4336, 'ดอนเปา', 'แม่วาง', 'เชียงใหม่', '50360'),
(4337, 'ออนเหนือ', 'แม่ออน', 'เชียงใหม่', '50130'),
(4338, 'ออนกลาง', 'แม่ออน', 'เชียงใหม่', '50130'),
(4339, 'บ้านสหกรณ์', 'แม่ออน', 'เชียงใหม่', '50130'),
(4340, 'ห้วยแก้ว', 'แม่ออน', 'เชียงใหม่', '50130'),
(4341, 'แม่ทา', 'แม่ออน', 'เชียงใหม่', '50130'),
(4342, 'ทาเหนือ', 'แม่ออน', 'เชียงใหม่', '50130'),
(4343, 'ดอยหล่อ', 'ดอยหล่อ', 'เชียงใหม่', '50160'),
(4344, 'สองแคว', 'ดอยหล่อ', 'เชียงใหม่', '50160'),
(4345, 'ยางคราม', 'ดอยหล่อ', 'เชียงใหม่', '50160'),
(4346, 'สันติสุข', 'ดอยหล่อ', 'เชียงใหม่', '50160'),
(4347, 'บ้านจันทร์', 'กัลยาณิวัฒนา', 'เชียงใหม่', '58130'),
(4348, 'แม่แดด', 'กัลยาณิวัฒนา', 'เชียงใหม่', '58130'),
(4349, 'แจ่มหลวง', 'กัลยาณิวัฒนา', 'เชียงใหม่', '58130'),
(4350, 'ในเมือง', 'เมืองลำพูน', 'ลำพูน', '51000'),
(4351, 'เหมืองง่า', 'เมืองลำพูน', 'ลำพูน', '51000'),
(4352, 'อุโมงค์', 'เมืองลำพูน', 'ลำพูน', '51150'),
(4353, 'หนองช้างคืน', 'เมืองลำพูน', 'ลำพูน', '51150'),
(4354, 'ประตูป่า', 'เมืองลำพูน', 'ลำพูน', '51000'),
(4355, 'ริมปิง', 'เมืองลำพูน', 'ลำพูน', '51000'),
(4356, 'ต้นธง', 'เมืองลำพูน', 'ลำพูน', '51000'),
(4357, 'บ้านแป้น', 'เมืองลำพูน', 'ลำพูน', '51000'),
(4358, 'เหมืองจี้', 'เมืองลำพูน', 'ลำพูน', '51000'),
(4359, 'ป่าสัก', 'เมืองลำพูน', 'ลำพูน', '51000'),
(4360, 'เวียงยอง', 'เมืองลำพูน', 'ลำพูน', '51000'),
(4361, 'บ้านกลาง', 'เมืองลำพูน', 'ลำพูน', '51000'),
(4362, 'มะเขือแจ้', 'เมืองลำพูน', 'ลำพูน', '51000'),
(4363, 'ศรีบัวบาน', 'เมืองลำพูน', 'ลำพูน', '51000'),
(4364, 'หนองหนาม', 'เมืองลำพูน', 'ลำพูน', '51000'),
(4365, 'ทาปลาดุก', 'แม่ทา', 'ลำพูน', '51140'),
(4366, 'ทาสบเส้า', 'แม่ทา', 'ลำพูน', '51140'),
(4367, 'ทากาศ', 'แม่ทา', 'ลำพูน', '51170'),
(4368, 'ทาขุมเงิน', 'แม่ทา', 'ลำพูน', '51170'),
(4369, 'ทาทุ่งหลวง', 'แม่ทา', 'ลำพูน', '51170'),
(4370, 'ทาแม่ลอบ', 'แม่ทา', 'ลำพูน', '51170'),
(4371, 'บ้านโฮ่ง', 'บ้านโฮ่ง', 'ลำพูน', '51130'),
(4372, 'ป่าพลู', 'บ้านโฮ่ง', 'ลำพูน', '51130'),
(4373, 'เหล่ายาว', 'บ้านโฮ่ง', 'ลำพูน', '51130'),
(4374, 'ศรีเตี้ย', 'บ้านโฮ่ง', 'ลำพูน', '51130'),
(4375, 'หนองปลาสะวาย', 'บ้านโฮ่ง', 'ลำพูน', '51130'),
(4376, 'ลี้', 'ลี้', 'ลำพูน', '51110'),
(4377, 'แม่ตืน', 'ลี้', 'ลำพูน', '51110'),
(4378, 'นาทราย', 'ลี้', 'ลำพูน', '51110'),
(4379, 'ดงดำ', 'ลี้', 'ลำพูน', '51110'),
(4380, 'ก้อ', 'ลี้', 'ลำพูน', '51110'),
(4381, 'แม่ลาน', 'ลี้', 'ลำพูน', '51110'),
(4382, 'ป่าไผ่', 'ลี้', 'ลำพูน', '51110'),
(4383, 'ศรีวิชัย', 'ลี้', 'ลำพูน', '51110'),
(4384, 'ทุ่งหัวช้าง', 'ทุ่งหัวช้าง', 'ลำพูน', '51160'),
(4385, 'บ้านปวง', 'ทุ่งหัวช้าง', 'ลำพูน', '51160'),
(4386, 'ตะเคียนปม', 'ทุ่งหัวช้าง', 'ลำพูน', '51160'),
(4387, 'ปากบ่อง', 'ป่าซาง', 'ลำพูน', '51120'),
(4388, 'ป่าซาง', 'ป่าซาง', 'ลำพูน', '51120'),
(4389, 'แม่แรง', 'ป่าซาง', 'ลำพูน', '51120'),
(4390, 'ม่วงน้อย', 'ป่าซาง', 'ลำพูน', '51120'),
(4391, 'บ้านเรือน', 'ป่าซาง', 'ลำพูน', '51120'),
(4392, 'มะกอก', 'ป่าซาง', 'ลำพูน', '51120'),
(4393, 'ท่าตุ้ม', 'ป่าซาง', 'ลำพูน', '51120'),
(4394, 'น้ำดิบ', 'ป่าซาง', 'ลำพูน', '51120'),
(4395, 'นครเจดีย์', 'ป่าซาง', 'ลำพูน', '51120'),
(4396, 'บ้านธิ', 'บ้านธิ', 'ลำพูน', '51180'),
(4397, 'ห้วยยาบ', 'บ้านธิ', 'ลำพูน', '51180'),
(4398, 'หนองล่อง', 'เวียงหนองล่อง', 'ลำพูน', '51120'),
(4399, 'หนองยวง', 'เวียงหนองล่อง', 'ลำพูน', '51120'),
(4400, 'วังผาง', 'เวียงหนองล่อง', 'ลำพูน', '51120'),
(4401, 'เวียงเหนือ', 'เมืองลำปาง', 'ลำปาง', '52000'),
(4402, 'หัวเวียง', 'เมืองลำปาง', 'ลำปาง', '52000'),
(4403, 'สวนดอก', 'เมืองลำปาง', 'ลำปาง', '52100'),
(4404, 'สบตุ๋ย', 'เมืองลำปาง', 'ลำปาง', '52100'),
(4405, 'พระบาท', 'เมืองลำปาง', 'ลำปาง', '52000'),
(4406, 'ชมพู', 'เมืองลำปาง', 'ลำปาง', '52100'),
(4407, 'กล้วยแพะ', 'เมืองลำปาง', 'ลำปาง', '52000'),
(4408, 'ปงแสนทอง', 'เมืองลำปาง', 'ลำปาง', '52100'),
(4409, 'บ้านแลง', 'เมืองลำปาง', 'ลำปาง', '52000'),
(4410, 'บ้านเสด็จ', 'เมืองลำปาง', 'ลำปาง', '52000'),
(4411, 'พิชัย', 'เมืองลำปาง', 'ลำปาง', '52000'),
(4412, 'ทุ่งฝาย', 'เมืองลำปาง', 'ลำปาง', '52000'),
(4413, 'บ้านเอื้อม', 'เมืองลำปาง', 'ลำปาง', '52100'),
(4414, 'บ้านเป้า', 'เมืองลำปาง', 'ลำปาง', '52100'),
(4415, 'บ้านค่า', 'เมืองลำปาง', 'ลำปาง', '52100'),
(4416, 'บ่อแฮ้ว', 'เมืองลำปาง', 'ลำปาง', '52100'),
(4417, 'ต้นธงชัย', 'เมืองลำปาง', 'ลำปาง', '52000'),
(4418, 'นิคมพัฒนา', 'เมืองลำปาง', 'ลำปาง', '52000'),
(4419, 'บุญนาคพัฒนา', 'เมืองลำปาง', 'ลำปาง', '52000'),
(4420, 'บ้านดง', 'แม่เมาะ', 'ลำปาง', '52220'),
(4421, 'นาสัก', 'แม่เมาะ', 'ลำปาง', '52220'),
(4422, 'จางเหนือ', 'แม่เมาะ', 'ลำปาง', '52220'),
(4423, 'แม่เมาะ', 'แม่เมาะ', 'ลำปาง', '52220'),
(4424, 'สบป้าด', 'แม่เมาะ', 'ลำปาง', '52220'),
(4425, 'ลำปางหลวง', 'เกาะคา', 'ลำปาง', '52130'),
(4426, 'นาแก้ว', 'เกาะคา', 'ลำปาง', '52130'),
(4427, 'ไหล่หิน', 'เกาะคา', 'ลำปาง', '52130'),
(4428, 'วังพร้าว', 'เกาะคา', 'ลำปาง', '52130'),
(4429, 'ศาลา', 'เกาะคา', 'ลำปาง', '52130'),
(4430, 'เกาะคา', 'เกาะคา', 'ลำปาง', '52130'),
(4431, 'นาแส่ง', 'เกาะคา', 'ลำปาง', '52130'),
(4432, 'ท่าผา', 'เกาะคา', 'ลำปาง', '52130'),
(4433, 'ใหม่พัฒนา', 'เกาะคา', 'ลำปาง', '52130'),
(4434, 'ทุ่งงาม', 'เสริมงาม', 'ลำปาง', '52210'),
(4435, 'เสริมขวา', 'เสริมงาม', 'ลำปาง', '52210'),
(4436, 'เสริมซ้าย', 'เสริมงาม', 'ลำปาง', '52210'),
(4437, 'เสริมกลาง', 'เสริมงาม', 'ลำปาง', '52210'),
(4438, 'หลวงเหนือ', 'งาว', 'ลำปาง', '52110'),
(4439, 'หลวงใต้', 'งาว', 'ลำปาง', '52110'),
(4440, 'บ้านโป่ง', 'งาว', 'ลำปาง', '52110'),
(4441, 'บ้านร้อง', 'งาว', 'ลำปาง', '52110'),
(4442, 'ปงเตา', 'งาว', 'ลำปาง', '52110'),
(4443, 'นาแก', 'งาว', 'ลำปาง', '52110'),
(4444, 'บ้านอ้อน', 'งาว', 'ลำปาง', '52110'),
(4445, 'บ้านแหง', 'งาว', 'ลำปาง', '52110'),
(4446, 'บ้านหวด', 'งาว', 'ลำปาง', '52110'),
(4447, 'แม่ตีบ', 'งาว', 'ลำปาง', '52110'),
(4448, 'แจ้ห่ม', 'แจ้ห่ม', 'ลำปาง', '52120'),
(4449, 'บ้านสา', 'แจ้ห่ม', 'ลำปาง', '52120'),
(4450, 'ปงดอน', 'แจ้ห่ม', 'ลำปาง', '52120'),
(4451, 'แม่สุก', 'แจ้ห่ม', 'ลำปาง', '52120'),
(4452, 'เมืองมาย', 'แจ้ห่ม', 'ลำปาง', '52120'),
(4453, 'ทุ่งผึ้ง', 'แจ้ห่ม', 'ลำปาง', '52120'),
(4454, 'วิเชตนคร', 'แจ้ห่ม', 'ลำปาง', '52120'),
(4455, 'ทุ่งฮั้ว', 'วังเหนือ', 'ลำปาง', '52140'),
(4456, 'วังเหนือ', 'วังเหนือ', 'ลำปาง', '52140'),
(4457, 'วังใต้', 'วังเหนือ', 'ลำปาง', '52140'),
(4458, 'ร่องเคาะ', 'วังเหนือ', 'ลำปาง', '52140'),
(4459, 'วังทอง', 'วังเหนือ', 'ลำปาง', '52140'),
(4460, 'วังซ้าย', 'วังเหนือ', 'ลำปาง', '52140'),
(4461, 'วังแก้ว', 'วังเหนือ', 'ลำปาง', '52140'),
(4462, 'วังทรายคำ', 'วังเหนือ', 'ลำปาง', '52140'),
(4463, 'ล้อมแรด', 'เถิน', 'ลำปาง', '52160'),
(4464, 'แม่วะ', 'เถิน', 'ลำปาง', '52230'),
(4465, 'แม่ปะ', 'เถิน', 'ลำปาง', '52160'),
(4466, 'แม่มอก', 'เถิน', 'ลำปาง', '52160'),
(4467, 'เวียงมอก', 'เถิน', 'ลำปาง', '52160'),
(4468, 'นาโป่ง', 'เถิน', 'ลำปาง', '52160'),
(4469, 'แม่ถอด', 'เถิน', 'ลำปาง', '52160'),
(4470, 'เถินบุรี', 'เถิน', 'ลำปาง', '52160'),
(4471, 'แม่พริก', 'แม่พริก', 'ลำปาง', '52180'),
(4472, 'ผาปัง', 'แม่พริก', 'ลำปาง', '52180'),
(4473, 'แม่ปุ', 'แม่พริก', 'ลำปาง', '52180'),
(4474, 'พระบาทวังตวง', 'แม่พริก', 'ลำปาง', '52180'),
(4475, 'แม่ทะ', 'แม่ทะ', 'ลำปาง', '52150'),
(4476, 'นาครัว', 'แม่ทะ', 'ลำปาง', '52150'),
(4477, 'ป่าตัน', 'แม่ทะ', 'ลำปาง', '52150'),
(4478, 'บ้านกิ่ว', 'แม่ทะ', 'ลำปาง', '52150'),
(4479, 'บ้านบอม', 'แม่ทะ', 'ลำปาง', '52150'),
(4480, 'น้ำโจ้', 'แม่ทะ', 'ลำปาง', '52150'),
(4481, 'ดอนไฟ', 'แม่ทะ', 'ลำปาง', '52150'),
(4482, 'หัวเสือ', 'แม่ทะ', 'ลำปาง', '52150'),
(4483, 'วังเงิน', 'แม่ทะ', 'ลำปาง', '52150'),
(4484, 'สันดอนแก้ว', 'แม่ทะ', 'ลำปาง', '52150'),
(4485, 'สบปราบ', 'สบปราบ', 'ลำปาง', '52170'),
(4486, 'สมัย', 'สบปราบ', 'ลำปาง', '52170'),
(4487, 'แม่กัวะ', 'สบปราบ', 'ลำปาง', '52170'),
(4488, 'นายาง', 'สบปราบ', 'ลำปาง', '52170'),
(4489, 'ห้างฉัตร', 'ห้างฉัตร', 'ลำปาง', '52190'),
(4490, 'หนองหล่ม', 'ห้างฉัตร', 'ลำปาง', '52190'),
(4491, 'เมืองยาว', 'ห้างฉัตร', 'ลำปาง', '52190'),
(4492, 'ปงยางคก', 'ห้างฉัตร', 'ลำปาง', '52190'),
(4493, 'เวียงตาล', 'ห้างฉัตร', 'ลำปาง', '52190'),
(4494, 'แม่สัน', 'ห้างฉัตร', 'ลำปาง', '52190'),
(4495, 'วอแก้ว', 'ห้างฉัตร', 'ลำปาง', '52190'),
(4496, 'เมืองปาน', 'เมืองปาน', 'ลำปาง', '52240'),
(4497, 'บ้านขอ', 'เมืองปาน', 'ลำปาง', '52240'),
(4498, 'ทุ่งกว๋าว', 'เมืองปาน', 'ลำปาง', '52240'),
(4499, 'แจ้ซ้อน', 'เมืองปาน', 'ลำปาง', '52240'),
(4500, 'หัวเมือง', 'เมืองปาน', 'ลำปาง', '52240'),
(4501, 'ท่าอิฐ', 'เมืองอุตรดิตถ์', 'อุตรดิตถ์', '53000'),
(4502, 'ท่าเสา', 'เมืองอุตรดิตถ์', 'อุตรดิตถ์', '53000'),
(4503, 'บ้านเกาะ', 'เมืองอุตรดิตถ์', 'อุตรดิตถ์', '53000'),
(4504, 'ป่าเซ่า', 'เมืองอุตรดิตถ์', 'อุตรดิตถ์', '53000'),
(4505, 'คุ้งตะเภา', 'เมืองอุตรดิตถ์', 'อุตรดิตถ์', '53000'),
(4506, 'วังกะพี้', 'เมืองอุตรดิตถ์', 'อุตรดิตถ์', '53170'),
(4507, 'หาดกรวด', 'เมืองอุตรดิตถ์', 'อุตรดิตถ์', '53000'),
(4508, 'น้ำริด', 'เมืองอุตรดิตถ์', 'อุตรดิตถ์', '53000'),
(4509, 'งิ้วงาม', 'เมืองอุตรดิตถ์', 'อุตรดิตถ์', '53000'),
(4510, 'บ้านด่านนาขาม', 'เมืองอุตรดิตถ์', 'อุตรดิตถ์', '53000'),
(4511, 'บ้านด่าน', 'เมืองอุตรดิตถ์', 'อุตรดิตถ์', '53000'),
(4512, 'ผาจุก', 'เมืองอุตรดิตถ์', 'อุตรดิตถ์', '53000'),
(4513, 'วังดิน', 'เมืองอุตรดิตถ์', 'อุตรดิตถ์', '53000'),
(4514, 'แสนตอ', 'เมืองอุตรดิตถ์', 'อุตรดิตถ์', '53000'),
(4515, 'หาดงิ้ว', 'เมืองอุตรดิตถ์', 'อุตรดิตถ์', '53000'),
(4516, 'ขุนฝาง', 'เมืองอุตรดิตถ์', 'อุตรดิตถ์', '53000'),
(4517, 'ถ้ำฉลอง', 'เมืองอุตรดิตถ์', 'อุตรดิตถ์', '53000'),
(4518, 'วังแดง', 'ตรอน', 'อุตรดิตถ์', '53140'),
(4519, 'บ้านแก่ง', 'ตรอน', 'อุตรดิตถ์', '53140'),
(4520, 'หาดสองแคว', 'ตรอน', 'อุตรดิตถ์', '53140'),
(4521, 'น้ำอ่าง', 'ตรอน', 'อุตรดิตถ์', '53140'),
(4522, 'ข่อยสูง', 'ตรอน', 'อุตรดิตถ์', '53140'),
(4523, 'ท่าปลา', 'ท่าปลา', 'อุตรดิตถ์', '53150'),
(4524, 'หาดล้า', 'ท่าปลา', 'อุตรดิตถ์', '53150'),
(4525, 'ผาเลือด', 'ท่าปลา', 'อุตรดิตถ์', '53190'),
(4526, 'จริม', 'ท่าปลา', 'อุตรดิตถ์', '53150'),
(4527, 'น้ำหมัน', 'ท่าปลา', 'อุตรดิตถ์', '53150'),
(4528, 'ท่าแฝก', 'ท่าปลา', 'อุตรดิตถ์', '53110'),
(4529, 'นางพญา', 'ท่าปลา', 'อุตรดิตถ์', '53150'),
(4530, 'ร่วมจิต', 'ท่าปลา', 'อุตรดิตถ์', '53190'),
(4531, 'แสนตอ', 'น้ำปาด', 'อุตรดิตถ์', '53110'),
(4532, 'บ้านฝาย', 'น้ำปาด', 'อุตรดิตถ์', '53110'),
(4533, 'เด่นเหล็ก', 'น้ำปาด', 'อุตรดิตถ์', '53110'),
(4534, 'น้ำไคร้', 'น้ำปาด', 'อุตรดิตถ์', '53110'),
(4535, 'น้ำไผ่', 'น้ำปาด', 'อุตรดิตถ์', '53110'),
(4536, 'ห้วยมุ่น', 'น้ำปาด', 'อุตรดิตถ์', '53110'),
(4537, 'ฟากท่า', 'ฟากท่า', 'อุตรดิตถ์', '53160'),
(4538, 'สองคอน', 'ฟากท่า', 'อุตรดิตถ์', '53160'),
(4539, 'บ้านเสี้ยว', 'ฟากท่า', 'อุตรดิตถ์', '53160'),
(4540, 'สองห้อง', 'ฟากท่า', 'อุตรดิตถ์', '53160'),
(4541, 'ม่วงเจ็ดต้น', 'บ้านโคก', 'อุตรดิตถ์', '53180'),
(4542, 'บ้านโคก', 'บ้านโคก', 'อุตรดิตถ์', '53180'),
(4543, 'นาขุม', 'บ้านโคก', 'อุตรดิตถ์', '53180'),
(4544, 'บ่อเบี้ย', 'บ้านโคก', 'อุตรดิตถ์', '53180'),
(4545, 'ในเมือง', 'พิชัย', 'อุตรดิตถ์', '53120'),
(4546, 'บ้านดารา', 'พิชัย', 'อุตรดิตถ์', '53220'),
(4547, 'ไร่อ้อย', 'พิชัย', 'อุตรดิตถ์', '53120'),
(4548, 'ท่าสัก', 'พิชัย', 'อุตรดิตถ์', '53220'),
(4549, 'คอรุม', 'พิชัย', 'อุตรดิตถ์', '53120'),
(4550, 'บ้านหม้อ', 'พิชัย', 'อุตรดิตถ์', '53120'),
(4551, 'ท่ามะเฟือง', 'พิชัย', 'อุตรดิตถ์', '53120'),
(4552, 'บ้านโคน', 'พิชัย', 'อุตรดิตถ์', '53120'),
(4553, 'พญาแมน', 'พิชัย', 'อุตรดิตถ์', '53120'),
(4554, 'นาอิน', 'พิชัย', 'อุตรดิตถ์', '53120'),
(4555, 'นายาง', 'พิชัย', 'อุตรดิตถ์', '53120'),
(4556, 'ศรีพนมมาศ', 'ลับแล', 'อุตรดิตถ์', '53130'),
(4557, 'แม่พูล', 'ลับแล', 'อุตรดิตถ์', '53130'),
(4558, 'นานกกก', 'ลับแล', 'อุตรดิตถ์', '53130'),
(4559, 'ฝายหลวง', 'ลับแล', 'อุตรดิตถ์', '53130'),
(4560, 'ชัยจุมพล', 'ลับแล', 'อุตรดิตถ์', '53130'),
(4561, 'ไผ่ล้อม', 'ลับแล', 'อุตรดิตถ์', '53210'),
(4562, 'ทุ่งยั้ง', 'ลับแล', 'อุตรดิตถ์', '53210'),
(4563, 'ด่านแม่คำมัน', 'ลับแล', 'อุตรดิตถ์', '53210'),
(4564, 'ผักขวง', 'ทองแสนขัน', 'อุตรดิตถ์', '53230'),
(4565, 'บ่อทอง', 'ทองแสนขัน', 'อุตรดิตถ์', '53230'),
(4566, 'ป่าคาย', 'ทองแสนขัน', 'อุตรดิตถ์', '53230'),
(4567, 'น้ำพี้', 'ทองแสนขัน', 'อุตรดิตถ์', '53230'),
(4568, 'ในเวียง', 'เมืองแพร่', 'แพร่', '54000'),
(4569, 'นาจักร', 'เมืองแพร่', 'แพร่', '54000'),
(4570, 'น้ำชำ', 'เมืองแพร่', 'แพร่', '54000'),
(4571, 'ป่าแดง', 'เมืองแพร่', 'แพร่', '54000'),
(4572, 'ทุ่งโฮ้ง', 'เมืองแพร่', 'แพร่', '54000'),
(4573, 'เหมืองหม้อ', 'เมืองแพร่', 'แพร่', '54000'),
(4574, 'วังธง', 'เมืองแพร่', 'แพร่', '54000'),
(4575, 'แม่หล่าย', 'เมืองแพร่', 'แพร่', '54000'),
(4576, 'ห้วยม้า', 'เมืองแพร่', 'แพร่', '54000'),
(4577, 'ป่าแมต', 'เมืองแพร่', 'แพร่', '54000'),
(4578, 'บ้านถิ่น', 'เมืองแพร่', 'แพร่', '54000'),
(4579, 'สวนเขื่อน', 'เมืองแพร่', 'แพร่', '54000'),
(4580, 'วังหงส์', 'เมืองแพร่', 'แพร่', '54000'),
(4581, 'แม่คำมี', 'เมืองแพร่', 'แพร่', '54000'),
(4582, 'ทุ่งกวาว', 'เมืองแพร่', 'แพร่', '54000'),
(4583, 'ท่าข้าม', 'เมืองแพร่', 'แพร่', '54000'),
(4584, 'แม่ยม', 'เมืองแพร่', 'แพร่', '54000'),
(4585, 'ช่อแฮ', 'เมืองแพร่', 'แพร่', '54000'),
(4586, 'ร่องฟอง', 'เมืองแพร่', 'แพร่', '54000'),
(4587, 'กาญจนา', 'เมืองแพร่', 'แพร่', '54000'),
(4588, 'ร้องกวาง', 'ร้องกวาง', 'แพร่', '54140'),
(4589, 'ร้องเข็ม', 'ร้องกวาง', 'แพร่', '54140'),
(4590, 'น้ำเลา', 'ร้องกวาง', 'แพร่', '54140'),
(4591, 'บ้านเวียง', 'ร้องกวาง', 'แพร่', '54140'),
(4592, 'ทุ่งศรี', 'ร้องกวาง', 'แพร่', '54140'),
(4593, 'แม่ยางตาล', 'ร้องกวาง', 'แพร่', '54140'),
(4594, 'แม่ยางฮ่อ', 'ร้องกวาง', 'แพร่', '54140'),
(4595, 'ไผ่โทน', 'ร้องกวาง', 'แพร่', '54140'),
(4596, 'ห้วยโรง', 'ร้องกวาง', 'แพร่', '54140'),
(4597, 'แม่ทราย', 'ร้องกวาง', 'แพร่', '54140'),
(4598, 'แม่ยางร้อง', 'ร้องกวาง', 'แพร่', '54140'),
(4599, 'ห้วยอ้อ', 'ลอง', 'แพร่', '54150'),
(4600, 'บ้านปิน', 'ลอง', 'แพร่', '54150'),
(4601, 'ต้าผามอก', 'ลอง', 'แพร่', '54150'),
(4602, 'เวียงต้า', 'ลอง', 'แพร่', '54150'),
(4603, 'ปากกาง', 'ลอง', 'แพร่', '54150'),
(4604, 'หัวทุ่ง', 'ลอง', 'แพร่', '54150'),
(4605, 'ทุ่งแล้ง', 'ลอง', 'แพร่', '54150'),
(4606, 'บ่อเหล็กลอง', 'ลอง', 'แพร่', '54150'),
(4607, 'แม่ปาน', 'ลอง', 'แพร่', '54150'),
(4608, 'สูงเม่น', 'สูงเม่น', 'แพร่', '54130'),
(4609, 'น้ำชำ', 'สูงเม่น', 'แพร่', '54130'),
(4610, 'หัวฝาย', 'สูงเม่น', 'แพร่', '54130'),
(4611, 'ดอนมูล', 'สูงเม่น', 'แพร่', '54130'),
(4612, 'บ้านเหล่า', 'สูงเม่น', 'แพร่', '54130'),
(4613, 'บ้านกวาง', 'สูงเม่น', 'แพร่', '54130'),
(4614, 'บ้านปง', 'สูงเม่น', 'แพร่', '54130'),
(4615, 'บ้านกาศ', 'สูงเม่น', 'แพร่', '54130'),
(4616, 'ร่องกาศ', 'สูงเม่น', 'แพร่', '54130'),
(4617, 'สบสาย', 'สูงเม่น', 'แพร่', '54130'),
(4618, 'เวียงทอง', 'สูงเม่น', 'แพร่', '54000'),
(4619, 'พระหลวง', 'สูงเม่น', 'แพร่', '54130'),
(4620, 'เด่นชัย', 'เด่นชัย', 'แพร่', '54110'),
(4621, 'แม่จั๊วะ', 'เด่นชัย', 'แพร่', '54110'),
(4622, 'ไทรย้อย', 'เด่นชัย', 'แพร่', '54110'),
(4623, 'ห้วยไร่', 'เด่นชัย', 'แพร่', '54110'),
(4624, 'ปงป่าหวาย', 'เด่นชัย', 'แพร่', '54110'),
(4625, 'บ้านหนุน', 'สอง', 'แพร่', '54120'),
(4626, 'บ้านกลาง', 'สอง', 'แพร่', '54120'),
(4627, 'ห้วยหม้าย', 'สอง', 'แพร่', '54120'),
(4628, 'เตาปูน', 'สอง', 'แพร่', '54120'),
(4629, 'หัวเมือง', 'สอง', 'แพร่', '54120'),
(4630, 'สะเอียบ', 'สอง', 'แพร่', '54120'),
(4631, 'แดนชุมพล', 'สอง', 'แพร่', '54120'),
(4632, 'ทุ่งน้าว', 'สอง', 'แพร่', '54120'),
(4633, 'วังชิ้น', 'วังชิ้น', 'แพร่', '54160'),
(4634, 'สรอย', 'วังชิ้น', 'แพร่', '54160'),
(4635, 'แม่ป้าก', 'วังชิ้น', 'แพร่', '54160'),
(4636, 'นาพูน', 'วังชิ้น', 'แพร่', '54160'),
(4637, 'แม่พุง', 'วังชิ้น', 'แพร่', '54160'),
(4638, 'ป่าสัก', 'วังชิ้น', 'แพร่', '54160'),
(4639, 'แม่เกิ๋ง', 'วังชิ้น', 'แพร่', '54160'),
(4640, 'แม่คำมี', 'หนองม่วงไข่', 'แพร่', '54170'),
(4641, 'หนองม่วงไข่', 'หนองม่วงไข่', 'แพร่', '54170'),
(4642, 'น้ำรัด', 'หนองม่วงไข่', 'แพร่', '54170'),
(4643, 'วังหลวง', 'หนองม่วงไข่', 'แพร่', '54170'),
(4644, 'ตำหนักธรรม', 'หนองม่วงไข่', 'แพร่', '54170'),
(4645, 'ทุ่งแค้ว', 'หนองม่วงไข่', 'แพร่', '54170'),
(4646, 'ในเวียง', 'เมืองน่าน', 'น่าน', '55000'),
(4647, 'บ่อ', 'เมืองน่าน', 'น่าน', '55000'),
(4648, 'ผาสิงห์', 'เมืองน่าน', 'น่าน', '55000'),
(4649, 'ไชยสถาน', 'เมืองน่าน', 'น่าน', '55000'),
(4650, 'ถืมตอง', 'เมืองน่าน', 'น่าน', '55000'),
(4651, 'เรือง', 'เมืองน่าน', 'น่าน', '55000'),
(4652, 'นาซาว', 'เมืองน่าน', 'น่าน', '55000'),
(4653, 'ดู่ใต้', 'เมืองน่าน', 'น่าน', '55000'),
(4654, 'กองควาย', 'เมืองน่าน', 'น่าน', '55000'),
(4655, 'บ่อสวก', 'เมืองน่าน', 'น่าน', '55000'),
(4656, 'สะเนียน', 'เมืองน่าน', 'น่าน', '55000'),
(4657, 'หนองแดง', 'แม่จริม', 'น่าน', '55170'),
(4658, 'หมอเมือง', 'แม่จริม', 'น่าน', '55170'),
(4659, 'น้ำพาง', 'แม่จริม', 'น่าน', '55170'),
(4660, 'น้ำปาย', 'แม่จริม', 'น่าน', '55170'),
(4661, 'แม่จริม', 'แม่จริม', 'น่าน', '55170'),
(4662, 'บ้านฟ้า', 'บ้านหลวง', 'น่าน', '55190'),
(4663, 'ป่าคาหลวง', 'บ้านหลวง', 'น่าน', '55190'),
(4664, 'สวด', 'บ้านหลวง', 'น่าน', '55190'),
(4665, 'บ้านพี้', 'บ้านหลวง', 'น่าน', '55190'),
(4666, 'นาน้อย', 'นาน้อย', 'น่าน', '55150'),
(4667, 'เชียงของ', 'นาน้อย', 'น่าน', '55150'),
(4668, 'ศรีษะเกษ', 'นาน้อย', 'น่าน', '55150'),
(4669, 'สถาน', 'นาน้อย', 'น่าน', '55150'),
(4670, 'สันทะ', 'นาน้อย', 'น่าน', '55150'),
(4671, 'บัวใหญ่', 'นาน้อย', 'น่าน', '55150'),
(4672, 'น้ำตก', 'นาน้อย', 'น่าน', '55150'),
(4673, 'ปัว', 'ปัว', 'น่าน', '55120'),
(4674, 'แงง', 'ปัว', 'น่าน', '55120'),
(4675, 'สถาน', 'ปัว', 'น่าน', '55120'),
(4676, 'ศิลาแลง', 'ปัว', 'น่าน', '55120'),
(4677, 'ศิลาเพชร', 'ปัว', 'น่าน', '55120'),
(4678, 'อวน', 'ปัว', 'น่าน', '55120'),
(4679, 'ไชยวัฒนา', 'ปัว', 'น่าน', '55120'),
(4680, 'เจดีย์ชัย', 'ปัว', 'น่าน', '55120'),
(4681, 'ภูคา', 'ปัว', 'น่าน', '55120'),
(4682, 'สกาด', 'ปัว', 'น่าน', '55120'),
(4683, 'ป่ากลาง', 'ปัว', 'น่าน', '55120'),
(4684, 'วรนคร', 'ปัว', 'น่าน', '55120'),
(4685, 'ริม', 'ท่าวังผา', 'น่าน', '55140'),
(4686, 'ป่าคา', 'ท่าวังผา', 'น่าน', '55140'),
(4687, 'ผาตอ', 'ท่าวังผา', 'น่าน', '55140'),
(4688, 'ยม', 'ท่าวังผา', 'น่าน', '55140'),
(4689, 'ตาลชุม', 'ท่าวังผา', 'น่าน', '55140'),
(4690, 'ศรีภูมิ', 'ท่าวังผา', 'น่าน', '55140'),
(4691, 'จอมพระ', 'ท่าวังผา', 'น่าน', '55140'),
(4692, 'แสนทอง', 'ท่าวังผา', 'น่าน', '55140'),
(4693, 'ท่าวังผา', 'ท่าวังผา', 'น่าน', '55140'),
(4694, 'ผาทอง', 'ท่าวังผา', 'น่าน', '55140'),
(4695, 'กลางเวียง', 'เวียงสา', 'น่าน', '55110'),
(4696, 'ขึ่ง', 'เวียงสา', 'น่าน', '55110'),
(4697, 'ไหล่น่าน', 'เวียงสา', 'น่าน', '55110'),
(4698, 'ตาลชุม', 'เวียงสา', 'น่าน', '55110'),
(4699, 'นาเหลือง', 'เวียงสา', 'น่าน', '55110'),
(4700, 'ส้าน', 'เวียงสา', 'น่าน', '55110'),
(4701, 'น้ำมวบ', 'เวียงสา', 'น่าน', '55110'),
(4702, 'น้ำปั้ว', 'เวียงสา', 'น่าน', '55110'),
(4703, 'ยาบหัวนา', 'เวียงสา', 'น่าน', '55110'),
(4704, 'ปงสนุก', 'เวียงสา', 'น่าน', '55110'),
(4705, 'อ่ายนาไลย', 'เวียงสา', 'น่าน', '55110'),
(4706, 'ส้านนาหนองใหม่', 'เวียงสา', 'น่าน', '55110'),
(4707, 'แม่ขะนิง', 'เวียงสา', 'น่าน', '55110'),
(4708, 'แม่สาคร', 'เวียงสา', 'น่าน', '55110'),
(4709, 'จอมจันทร์', 'เวียงสา', 'น่าน', '55110'),
(4710, 'แม่สา', 'เวียงสา', 'น่าน', '55110'),
(4711, 'ทุ่งศรีทอง', 'เวียงสา', 'น่าน', '55110'),
(4712, 'ปอน', 'ทุ่งช้าง', 'น่าน', '55130'),
(4713, 'งอบ', 'ทุ่งช้าง', 'น่าน', '55130'),
(4714, 'และ', 'ทุ่งช้าง', 'น่าน', '55130'),
(4715, 'ทุ่งช้าง', 'ทุ่งช้าง', 'น่าน', '55130'),
(4716, 'เชียงกลาง', 'เชียงกลาง', 'น่าน', '55160'),
(4717, 'เปือ', 'เชียงกลาง', 'น่าน', '55160'),
(4718, 'เชียงคาน', 'เชียงกลาง', 'น่าน', '55160'),
(4719, 'พระธาตุ', 'เชียงกลาง', 'น่าน', '55160'),
(4720, 'พญาแก้ว', 'เชียงกลาง', 'น่าน', '55160'),
(4721, 'พระพุทธบาท', 'เชียงกลาง', 'น่าน', '55160'),
(4722, 'นาทะนุง', 'นาหมื่น', 'น่าน', '55180'),
(4723, 'บ่อแก้ว', 'นาหมื่น', 'น่าน', '55180'),
(4724, 'เมืองลี', 'นาหมื่น', 'น่าน', '55180'),
(4725, 'ปิงหลวง', 'นาหมื่น', 'น่าน', '55180'),
(4726, 'ดู่พงษ์', 'สันติสุข', 'น่าน', '55210'),
(4727, 'ป่าแลวหลวง', 'สันติสุข', 'น่าน', '55210'),
(4728, 'พงษ์', 'สันติสุข', 'น่าน', '55210'),
(4729, 'บ่อเกลือเหนือ', 'บ่อเกลือ', 'น่าน', '55220'),
(4730, 'บ่อเกลือใต้', 'บ่อเกลือ', 'น่าน', '55220'),
(4731, 'ภูฟ้า', 'บ่อเกลือ', 'น่าน', '55220'),
(4732, 'ดงพญา', 'บ่อเกลือ', 'น่าน', '55220'),
(4733, 'นาไร่หลวง', 'สองแคว', 'น่าน', '55160'),
(4734, 'ชนแดน', 'สองแคว', 'น่าน', '55160'),
(4735, 'ยอด', 'สองแคว', 'น่าน', '55160'),
(4736, 'ม่วงตึ๊ด', 'ภูเพียง', 'น่าน', '55000'),
(4737, 'นาปัง', 'ภูเพียง', 'น่าน', '55000'),
(4738, 'น้ำแก่น', 'ภูเพียง', 'น่าน', '55000'),
(4739, 'น้ำเกี๋ยน', 'ภูเพียง', 'น่าน', '55000'),
(4740, 'เมืองจัง', 'ภูเพียง', 'น่าน', '55000'),
(4741, 'ท่าน้าว', 'ภูเพียง', 'น่าน', '55000'),
(4742, 'ฝายแก้ว', 'ภูเพียง', 'น่าน', '55000'),
(4743, 'ห้วยโก๋น', 'เฉลิมพระเกียรติ', 'น่าน', '55130'),
(4744, 'ขุนน่าน', 'เฉลิมพระเกียรติ', 'น่าน', '55130'),
(4745, 'เวียง', 'เมืองพะเยา', 'พะเยา', '56000'),
(4746, 'แม่ต๋ำ', 'เมืองพะเยา', 'พะเยา', '56000'),
(4747, 'แม่นาเรือ', 'เมืองพะเยา', 'พะเยา', '56000'),
(4748, 'บ้านตุ่น', 'เมืองพะเยา', 'พะเยา', '56000'),
(4749, 'บ้านต๊ำ', 'เมืองพะเยา', 'พะเยา', '56000'),
(4750, 'บ้านต๋อม', 'เมืองพะเยา', 'พะเยา', '56000'),
(4751, 'แม่ปืม', 'เมืองพะเยา', 'พะเยา', '56000'),
(4752, 'แม่กา', 'เมืองพะเยา', 'พะเยา', '56000'),
(4753, 'บ้านใหม่', 'เมืองพะเยา', 'พะเยา', '56000'),
(4754, 'จำป่าหวาย', 'เมืองพะเยา', 'พะเยา', '56000'),
(4755, 'ท่าวังทอง', 'เมืองพะเยา', 'พะเยา', '56000'),
(4756, 'แม่ใส', 'เมืองพะเยา', 'พะเยา', '56000'),
(4757, 'บ้านสาง', 'เมืองพะเยา', 'พะเยา', '56000'),
(4758, 'ท่าจำปี', 'เมืองพะเยา', 'พะเยา', '56000'),
(4759, 'สันป่าม่วง', 'เมืองพะเยา', 'พะเยา', '56000'),
(4760, 'ห้วยข้าวก่ำ', 'จุน', 'พะเยา', '56150'),
(4761, 'จุน', 'จุน', 'พะเยา', '56150'),
(4762, 'ลอ', 'จุน', 'พะเยา', '56150'),
(4763, 'หงส์หิน', 'จุน', 'พะเยา', '56150'),
(4764, 'ทุ่งรวงทอง', 'จุน', 'พะเยา', '56150'),
(4765, 'ห้วยยางขาม', 'จุน', 'พะเยา', '56150'),
(4766, 'พระธาตุขิงแกง', 'จุน', 'พะเยา', '56150'),
(4767, 'หย่วน', 'เชียงคำ', 'พะเยา', '56110'),
(4768, 'น้ำแวน', 'เชียงคำ', 'พะเยา', '56110'),
(4769, 'เวียง', 'เชียงคำ', 'พะเยา', '56110'),
(4770, 'ฝายกวาง', 'เชียงคำ', 'พะเยา', '56110'),
(4771, 'เจดีย์คำ', 'เชียงคำ', 'พะเยา', '56110'),
(4772, 'ร่มเย็น', 'เชียงคำ', 'พะเยา', '56110'),
(4773, 'เชียงบาน', 'เชียงคำ', 'พะเยา', '56110'),
(4774, 'แม่ลาว', 'เชียงคำ', 'พะเยา', '56110'),
(4775, 'อ่างทอง', 'เชียงคำ', 'พะเยา', '56110'),
(4776, 'ทุ่งผาสุข', 'เชียงคำ', 'พะเยา', '56110'),
(4777, 'เชียงม่วน', 'เชียงม่วน', 'พะเยา', '56160'),
(4778, 'บ้านมาง', 'เชียงม่วน', 'พะเยา', '56160'),
(4779, 'สระ', 'เชียงม่วน', 'พะเยา', '56160'),
(4780, 'ดอกคำใต้', 'ดอกคำใต้', 'พะเยา', '56120'),
(4781, 'ดอนศรีชุม', 'ดอกคำใต้', 'พะเยา', '56120'),
(4782, 'บ้านถ้ำ', 'ดอกคำใต้', 'พะเยา', '56120'),
(4783, 'บ้านปิน', 'ดอกคำใต้', 'พะเยา', '56120'),
(4784, 'ห้วยลาน', 'ดอกคำใต้', 'พะเยา', '56120'),
(4785, 'สันโค้ง', 'ดอกคำใต้', 'พะเยา', '56120'),
(4786, 'ป่าซาง', 'ดอกคำใต้', 'พะเยา', '56120'),
(4787, 'หนองหล่ม', 'ดอกคำใต้', 'พะเยา', '56120'),
(4788, 'ดงสุวรรณ', 'ดอกคำใต้', 'พะเยา', '56120'),
(4789, 'บุญเกิด', 'ดอกคำใต้', 'พะเยา', '56120'),
(4790, 'สว่างอารมณ์', 'ดอกคำใต้', 'พะเยา', '56120'),
(4791, 'คือเวียง', 'ดอกคำใต้', 'พะเยา', '56120'),
(4792, 'ปง', 'ปง', 'พะเยา', '56140'),
(4793, 'ควร', 'ปง', 'พะเยา', '56140'),
(4794, 'ออย', 'ปง', 'พะเยา', '56140'),
(4795, 'งิม', 'ปง', 'พะเยา', '56140'),
(4796, 'ผาช้างน้อย', 'ปง', 'พะเยา', '56140'),
(4797, 'นาปรัง', 'ปง', 'พะเยา', '56140'),
(4798, 'ขุนควร', 'ปง', 'พะเยา', '56140'),
(4799, 'แม่ใจ', 'แม่ใจ', 'พะเยา', '56130'),
(4800, 'ศรีถ้อย', 'แม่ใจ', 'พะเยา', '56130'),
(4801, 'แม่สุก', 'แม่ใจ', 'พะเยา', '56130'),
(4802, 'ป่าแฝก', 'แม่ใจ', 'พะเยา', '56130'),
(4803, 'บ้านเหล่า', 'แม่ใจ', 'พะเยา', '56130'),
(4804, 'เจริญราษฎร์', 'แม่ใจ', 'พะเยา', '56130'),
(4805, 'ภูซาง', 'ภูซาง', 'พะเยา', '56110'),
(4806, 'ป่าสัก', 'ภูซาง', 'พะเยา', '56110'),
(4807, 'ทุ่งกล้วย', 'ภูซาง', 'พะเยา', '56110'),
(4808, 'เชียงแรง', 'ภูซาง', 'พะเยา', '56110'),
(4809, 'สบบง', 'ภูซาง', 'พะเยา', '56110'),
(4810, 'ห้วยแก้ว', 'ภูกามยาว', 'พะเยา', '56000'),
(4811, 'ดงเจน', 'ภูกามยาว', 'พะเยา', '56000'),
(4812, 'แม่อิง', 'ภูกามยาว', 'พะเยา', '56000'),
(4813, 'เวียง', 'เมืองเชียงราย', 'เชียงราย', '57000'),
(4814, 'รอบเวียง', 'เมืองเชียงราย', 'เชียงราย', '57000'),
(4815, 'บ้านดู่', 'เมืองเชียงราย', 'เชียงราย', '57100'),
(4816, 'นางแล', 'เมืองเชียงราย', 'เชียงราย', '57100'),
(4817, 'แม่ข้าวต้ม', 'เมืองเชียงราย', 'เชียงราย', '57100'),
(4818, 'แม่ยาว', 'เมืองเชียงราย', 'เชียงราย', '57100'),
(4819, 'สันทราย', 'เมืองเชียงราย', 'เชียงราย', '57000'),
(4820, 'แม่กรณ์', 'เมืองเชียงราย', 'เชียงราย', '57000'),
(4821, 'ห้วยชมภู', 'เมืองเชียงราย', 'เชียงราย', '57000'),
(4822, 'ห้วยสัก', 'เมืองเชียงราย', 'เชียงราย', '57000'),
(4823, 'ริมกก', 'เมืองเชียงราย', 'เชียงราย', '57100'),
(4824, 'ดอยลาน', 'เมืองเชียงราย', 'เชียงราย', '57000'),
(4825, 'ป่าอ้อดอนชัย', 'เมืองเชียงราย', 'เชียงราย', '57000'),
(4826, 'ท่าสาย', 'เมืองเชียงราย', 'เชียงราย', '57000'),
(4827, 'ดอยฮาง', 'เมืองเชียงราย', 'เชียงราย', '57000'),
(4828, 'ท่าสุด', 'เมืองเชียงราย', 'เชียงราย', '57100'),
(4829, 'เวียงชัย', 'เวียงชัย', 'เชียงราย', '57210'),
(4830, 'ผางาม', 'เวียงชัย', 'เชียงราย', '57210'),
(4831, 'เวียงเหนือ', 'เวียงชัย', 'เชียงราย', '57210'),
(4832, 'ดอนศิลา', 'เวียงชัย', 'เชียงราย', '57210'),
(4833, 'เมืองชุม', 'เวียงชัย', 'เชียงราย', '57210'),
(4834, 'เวียง', 'เชียงของ', 'เชียงราย', '57140'),
(4835, 'สถาน', 'เชียงของ', 'เชียงราย', '57140'),
(4836, 'ครึ่ง', 'เชียงของ', 'เชียงราย', '57140'),
(4837, 'บุญเรือง', 'เชียงของ', 'เชียงราย', '57140'),
(4838, 'ห้วยซ้อ', 'เชียงของ', 'เชียงราย', '57140'),
(4839, 'ศรีดอนชัย', 'เชียงของ', 'เชียงราย', '57140'),
(4840, 'ริมโขง', 'เชียงของ', 'เชียงราย', '57140'),
(4841, 'เวียง', 'เทิง', 'เชียงราย', '57160'),
(4842, 'งิ้ว', 'เทิง', 'เชียงราย', '57160'),
(4843, 'ปล้อง', 'เทิง', 'เชียงราย', '57230'),
(4844, 'แม่ลอย', 'เทิง', 'เชียงราย', '57230'),
(4845, 'เชียงเคี่ยน', 'เทิง', 'เชียงราย', '57230'),
(4846, 'ตับเต่า', 'เทิง', 'เชียงราย', '57160'),
(4847, 'หงาว', 'เทิง', 'เชียงราย', '57160'),
(4848, 'สันทรายงาม', 'เทิง', 'เชียงราย', '57160'),
(4849, 'ศรีดอนไชย', 'เทิง', 'เชียงราย', '57230'),
(4850, 'หนองแรด', 'เทิง', 'เชียงราย', '57230'),
(4851, 'สันมะเค็ด', 'พาน', 'เชียงราย', '57120'),
(4852, 'แม่อ้อ', 'พาน', 'เชียงราย', '57120'),
(4853, 'ธารทอง', 'พาน', 'เชียงราย', '57250'),
(4854, 'สันติสุข', 'พาน', 'เชียงราย', '57120'),
(4855, 'ดอยงาม', 'พาน', 'เชียงราย', '57120'),
(4856, 'หัวง้ม', 'พาน', 'เชียงราย', '57120'),
(4857, 'เจริญเมือง', 'พาน', 'เชียงราย', '57120'),
(4858, 'ป่าหุ่ง', 'พาน', 'เชียงราย', '57120'),
(4859, 'ม่วงคำ', 'พาน', 'เชียงราย', '57120'),
(4860, 'ทรายขาว', 'พาน', 'เชียงราย', '57120'),
(4861, 'สันกลาง', 'พาน', 'เชียงราย', '57120'),
(4862, 'แม่เย็น', 'พาน', 'เชียงราย', '57280'),
(4863, 'เมืองพาน', 'พาน', 'เชียงราย', '57120'),
(4864, 'ทานตะวัน', 'พาน', 'เชียงราย', '57280'),
(4865, 'เวียงห้าว', 'พาน', 'เชียงราย', '57120'),
(4866, 'ป่าแดด', 'ป่าแดด', 'เชียงราย', '57190'),
(4867, 'ป่าแงะ', 'ป่าแดด', 'เชียงราย', '57190'),
(4868, 'สันมะค่า', 'ป่าแดด', 'เชียงราย', '57190'),
(4869, 'โรงช้าง', 'ป่าแดด', 'เชียงราย', '57190'),
(4870, 'ศรีโพธิ์เงิน', 'ป่าแดด', 'เชียงราย', '57190'),
(4871, 'แม่จัน', 'แม่จัน', 'เชียงราย', '57110'),
(4872, 'จันจว้า', 'แม่จัน', 'เชียงราย', '57270'),
(4873, 'แม่คำ', 'แม่จัน', 'เชียงราย', '57240'),
(4874, 'ป่าซาง', 'แม่จัน', 'เชียงราย', '57110'),
(4875, 'สันทราย', 'แม่จัน', 'เชียงราย', '57110'),
(4876, 'ท่าข้าวเปลือก', 'แม่จัน', 'เชียงราย', '57110'),
(4877, 'ป่าตึง', 'แม่จัน', 'เชียงราย', '57110'),
(4878, 'แม่ไร่', 'แม่จัน', 'เชียงราย', '57240'),
(4879, 'ศรีค้ำ', 'แม่จัน', 'เชียงราย', '57110'),
(4880, 'จันจว้าใต้', 'แม่จัน', 'เชียงราย', '57270'),
(4881, 'จอมสวรรค์', 'แม่จัน', 'เชียงราย', '57110'),
(4882, 'เวียง', 'เชียงแสน', 'เชียงราย', '57150'),
(4883, 'ป่าสัก', 'เชียงแสน', 'เชียงราย', '57150'),
(4884, 'บ้านแซว', 'เชียงแสน', 'เชียงราย', '57150'),
(4885, 'ศรีดอนมูล', 'เชียงแสน', 'เชียงราย', '57150'),
(4886, 'แม่เงิน', 'เชียงแสน', 'เชียงราย', '57150'),
(4887, 'โยนก', 'เชียงแสน', 'เชียงราย', '57150'),
(4888, 'แม่สาย', 'แม่สาย', 'เชียงราย', '57130'),
(4889, 'ห้วยไคร้', 'แม่สาย', 'เชียงราย', '57220'),
(4890, 'เกาะช้าง', 'แม่สาย', 'เชียงราย', '57130'),
(4891, 'โป่งผา', 'แม่สาย', 'เชียงราย', '57130'),
(4892, 'ศรีเมืองชุม', 'แม่สาย', 'เชียงราย', '57130'),
(4893, 'เวียงพางคำ', 'แม่สาย', 'เชียงราย', '57130'),
(4894, 'บ้านด้าย', 'แม่สาย', 'เชียงราย', '57220'),
(4895, 'โป่งงาม', 'แม่สาย', 'เชียงราย', '57130'),
(4896, 'แม่สรวย', 'แม่สรวย', 'เชียงราย', '57180'),
(4897, 'ป่าแดด', 'แม่สรวย', 'เชียงราย', '57180'),
(4898, 'แม่พริก', 'แม่สรวย', 'เชียงราย', '57180'),
(4899, 'ศรีถ้อย', 'แม่สรวย', 'เชียงราย', '57180'),
(4900, 'ท่าก๊อ', 'แม่สรวย', 'เชียงราย', '57180'),
(4901, 'วาวี', 'แม่สรวย', 'เชียงราย', '57180'),
(4902, 'เจดีย์หลวง', 'แม่สรวย', 'เชียงราย', '57180'),
(4903, 'สันสลี', 'เวียงป่าเป้า', 'เชียงราย', '57170'),
(4904, 'เวียง', 'เวียงป่าเป้า', 'เชียงราย', '57170'),
(4905, 'บ้านโป่ง', 'เวียงป่าเป้า', 'เชียงราย', '57170'),
(4906, 'ป่างิ้ว', 'เวียงป่าเป้า', 'เชียงราย', '57170'),
(4907, 'เวียงกาหลง', 'เวียงป่าเป้า', 'เชียงราย', '57260'),
(4908, 'แม่เจดีย์', 'เวียงป่าเป้า', 'เชียงราย', '57260'),
(4909, 'แม่เจดีย์ใหม่', 'เวียงป่าเป้า', 'เชียงราย', '57260'),
(4910, 'แม่เปา', 'พญาเม็งราย', 'เชียงราย', '57290'),
(4911, 'แม่ต๋ำ', 'พญาเม็งราย', 'เชียงราย', '57290'),
(4912, 'ไม้ยา', 'พญาเม็งราย', 'เชียงราย', '57290'),
(4913, 'เม็งราย', 'พญาเม็งราย', 'เชียงราย', '57290'),
(4914, 'ตาดควัน', 'พญาเม็งราย', 'เชียงราย', '57290'),
(4915, 'ม่วงยาย', 'เวียงแก่น', 'เชียงราย', '57310'),
(4916, 'ปอ', 'เวียงแก่น', 'เชียงราย', '57310'),
(4917, 'หล่ายงาว', 'เวียงแก่น', 'เชียงราย', '57310'),
(4918, 'ท่าข้าม', 'เวียงแก่น', 'เชียงราย', '57310'),
(4919, 'ต้า', 'ขุนตาล', 'เชียงราย', '57340'),
(4920, 'ป่าตาล', 'ขุนตาล', 'เชียงราย', '57340'),
(4921, 'ยางฮอม', 'ขุนตาล', 'เชียงราย', '57340'),
(4922, 'เทอดไทย', 'แม่ฟ้าหลวง', 'เชียงราย', '57240'),
(4923, 'แม่สลองใน', 'แม่ฟ้าหลวง', 'เชียงราย', '57110'),
(4924, 'แม่สลองนอก', 'แม่ฟ้าหลวง', 'เชียงราย', '57110'),
(4925, 'แม่ฟ้าหลวง', 'แม่ฟ้าหลวง', 'เชียงราย', '57240'),
(4926, 'ดงมะดะ', 'แม่ลาว', 'เชียงราย', '57250'),
(4927, 'จอมหมอกแก้ว', 'แม่ลาว', 'เชียงราย', '57250'),
(4928, 'บัวสลี', 'แม่ลาว', 'เชียงราย', '57250'),
(4929, 'ป่าก่อดำ', 'แม่ลาว', 'เชียงราย', '57250'),
(4930, 'โป่งแพร่', 'แม่ลาว', 'เชียงราย', '57000'),
(4931, 'ทุ่งก่อ', 'เวียงเชียงรุ้ง', 'เชียงราย', '57210'),
(4932, 'ดงมหาวัน', 'เวียงเชียงรุ้ง', 'เชียงราย', '57210'),
(4933, 'ป่าซาง', 'เวียงเชียงรุ้ง', 'เชียงราย', '57210'),
(4934, 'ปงน้อย', 'ดอยหลวง', 'เชียงราย', '57110'),
(4935, 'โชคชัย', 'ดอยหลวง', 'เชียงราย', '57110'),
(4936, 'หนองป่าก่อ', 'ดอยหลวง', 'เชียงราย', '57110'),
(4937, 'จองคำ', 'เมืองแม่ฮ่องสอน', 'แม่ฮ่องสอน', '58000'),
(4938, 'ห้วยโป่ง', 'เมืองแม่ฮ่องสอน', 'แม่ฮ่องสอน', '58000'),
(4939, 'ผาบ่อง', 'เมืองแม่ฮ่องสอน', 'แม่ฮ่องสอน', '58000'),
(4940, 'ปางหมู', 'เมืองแม่ฮ่องสอน', 'แม่ฮ่องสอน', '58000'),
(4941, 'หมอกจำแป่', 'เมืองแม่ฮ่องสอน', 'แม่ฮ่องสอน', '58000');
INSERT INTO `address_info` (`id`, `tumbon`, `amphur`, `province`, `zipcode`) VALUES
(4942, 'ห้วยผา', 'เมืองแม่ฮ่องสอน', 'แม่ฮ่องสอน', '58000'),
(4943, 'ห้วยปูลิง', 'เมืองแม่ฮ่องสอน', 'แม่ฮ่องสอน', '58000'),
(4944, 'ขุนยวม', 'ขุนยวม', 'แม่ฮ่องสอน', '58140'),
(4945, 'แม่เงา', 'ขุนยวม', 'แม่ฮ่องสอน', '58140'),
(4946, 'เมืองปอน', 'ขุนยวม', 'แม่ฮ่องสอน', '58140'),
(4947, 'แม่ยวมน้อย', 'ขุนยวม', 'แม่ฮ่องสอน', '58140'),
(4948, 'แม่กิ๊', 'ขุนยวม', 'แม่ฮ่องสอน', '58140'),
(4949, 'แม่อูคอ', 'ขุนยวม', 'แม่ฮ่องสอน', '58140'),
(4950, 'เวียงใต้', 'ปาย', 'แม่ฮ่องสอน', '58130'),
(4951, 'เวียงเหนือ', 'ปาย', 'แม่ฮ่องสอน', '58130'),
(4952, 'แม่นาเติง', 'ปาย', 'แม่ฮ่องสอน', '58130'),
(4953, 'แม่ฮี้', 'ปาย', 'แม่ฮ่องสอน', '58130'),
(4954, 'ทุ่งยาว', 'ปาย', 'แม่ฮ่องสอน', '58130'),
(4955, 'เมืองแปง', 'ปาย', 'แม่ฮ่องสอน', '58130'),
(4956, 'โป่งสา', 'ปาย', 'แม่ฮ่องสอน', '58130'),
(4957, 'บ้านกาศ', 'แม่สะเรียง', 'แม่ฮ่องสอน', '58110'),
(4958, 'แม่สะเรียง', 'แม่สะเรียง', 'แม่ฮ่องสอน', '58110'),
(4959, 'แม่คง', 'แม่สะเรียง', 'แม่ฮ่องสอน', '58110'),
(4960, 'แม่เหาะ', 'แม่สะเรียง', 'แม่ฮ่องสอน', '58110'),
(4961, 'แม่ยวม', 'แม่สะเรียง', 'แม่ฮ่องสอน', '58110'),
(4962, 'เสาหิน', 'แม่สะเรียง', 'แม่ฮ่องสอน', '58110'),
(4963, 'ป่าแป๋', 'แม่สะเรียง', 'แม่ฮ่องสอน', '58110'),
(4964, 'แม่ลาน้อย', 'แม่ลาน้อย', 'แม่ฮ่องสอน', '58120'),
(4965, 'แม่ลาหลวง', 'แม่ลาน้อย', 'แม่ฮ่องสอน', '58120'),
(4966, 'ท่าผาปุ้ม', 'แม่ลาน้อย', 'แม่ฮ่องสอน', '58120'),
(4967, 'แม่โถ', 'แม่ลาน้อย', 'แม่ฮ่องสอน', '58120'),
(4968, 'ห้วยห้อม', 'แม่ลาน้อย', 'แม่ฮ่องสอน', '58120'),
(4969, 'แม่นาจาง', 'แม่ลาน้อย', 'แม่ฮ่องสอน', '58120'),
(4970, 'สันติคีรี', 'แม่ลาน้อย', 'แม่ฮ่องสอน', '58120'),
(4971, 'ขุนแม่ลาน้อย', 'แม่ลาน้อย', 'แม่ฮ่องสอน', '58120'),
(4972, 'สบเมย', 'สบเมย', 'แม่ฮ่องสอน', '58110'),
(4973, 'แม่คะตวน', 'สบเมย', 'แม่ฮ่องสอน', '58110'),
(4974, 'กองก๋อย', 'สบเมย', 'แม่ฮ่องสอน', '58110'),
(4975, 'แม่สวด', 'สบเมย', 'แม่ฮ่องสอน', '58110'),
(4976, 'ป่าโปง', 'สบเมย', 'แม่ฮ่องสอน', '58110'),
(4977, 'แม่สามแลบ', 'สบเมย', 'แม่ฮ่องสอน', '58110'),
(4978, 'สบป่อง', 'ปางมะผ้า', 'แม่ฮ่องสอน', '58150'),
(4979, 'ปางมะผ้า', 'ปางมะผ้า', 'แม่ฮ่องสอน', '58150'),
(4980, 'ถ้ำลอด', 'ปางมะผ้า', 'แม่ฮ่องสอน', '58150'),
(4981, 'นาปู่ป้อม', 'ปางมะผ้า', 'แม่ฮ่องสอน', '58150'),
(4982, 'ปากน้ำโพ', 'เมืองนครสวรรค์', 'นครสวรรค์', '60000'),
(4983, 'กลางแดด', 'เมืองนครสวรรค์', 'นครสวรรค์', '60000'),
(4984, 'เกรียงไกร', 'เมืองนครสวรรค์', 'นครสวรรค์', '60000'),
(4985, 'แควใหญ่', 'เมืองนครสวรรค์', 'นครสวรรค์', '60000'),
(4986, 'ตะเคียนเลื่อน', 'เมืองนครสวรรค์', 'นครสวรรค์', '60000'),
(4987, 'นครสวรรค์ตก', 'เมืองนครสวรรค์', 'นครสวรรค์', '60000'),
(4988, 'นครสวรรค์ออก', 'เมืองนครสวรรค์', 'นครสวรรค์', '60000'),
(4989, 'บางพระหลวง', 'เมืองนครสวรรค์', 'นครสวรรค์', '60000'),
(4990, 'บางม่วง', 'เมืองนครสวรรค์', 'นครสวรรค์', '60000'),
(4991, 'บ้านมะเกลือ', 'เมืองนครสวรรค์', 'นครสวรรค์', '60000'),
(4992, 'บ้านแก่ง', 'เมืองนครสวรรค์', 'นครสวรรค์', '60000'),
(4993, 'พระนอน', 'เมืองนครสวรรค์', 'นครสวรรค์', '60000'),
(4994, 'วัดไทร', 'เมืองนครสวรรค์', 'นครสวรรค์', '60000'),
(4995, 'หนองกรด', 'เมืองนครสวรรค์', 'นครสวรรค์', '60240'),
(4996, 'หนองกระโดน', 'เมืองนครสวรรค์', 'นครสวรรค์', '60240'),
(4997, 'หนองปลิง', 'เมืองนครสวรรค์', 'นครสวรรค์', '60000'),
(4998, 'บึงเสนาท', 'เมืองนครสวรรค์', 'นครสวรรค์', '60000'),
(4999, 'โกรกพระ', 'โกรกพระ', 'นครสวรรค์', '60170'),
(5000, 'ยางตาล', 'โกรกพระ', 'นครสวรรค์', '60170'),
(5001, 'บางมะฝ่อ', 'โกรกพระ', 'นครสวรรค์', '60170'),
(5002, 'บางประมุง', 'โกรกพระ', 'นครสวรรค์', '60170'),
(5003, 'นากลาง', 'โกรกพระ', 'นครสวรรค์', '60170'),
(5004, 'ศาลาแดง', 'โกรกพระ', 'นครสวรรค์', '60170'),
(5005, 'เนินกว้าว', 'โกรกพระ', 'นครสวรรค์', '60170'),
(5006, 'เนินศาลา', 'โกรกพระ', 'นครสวรรค์', '60170'),
(5007, 'หาดสูง', 'โกรกพระ', 'นครสวรรค์', '60170'),
(5008, 'ชุมแสง', 'ชุมแสง', 'นครสวรรค์', '60120'),
(5009, 'ทับกฤช', 'ชุมแสง', 'นครสวรรค์', '60250'),
(5010, 'พิกุล', 'ชุมแสง', 'นครสวรรค์', '60120'),
(5011, 'เกยไชย', 'ชุมแสง', 'นครสวรรค์', '60120'),
(5012, 'ท่าไม้', 'ชุมแสง', 'นครสวรรค์', '60120'),
(5013, 'บางเคียน', 'ชุมแสง', 'นครสวรรค์', '60120'),
(5014, 'หนองกระเจา', 'ชุมแสง', 'นครสวรรค์', '60120'),
(5015, 'พันลาน', 'ชุมแสง', 'นครสวรรค์', '60250'),
(5016, 'โคกหม้อ', 'ชุมแสง', 'นครสวรรค์', '60120'),
(5017, 'ไผ่สิงห์', 'ชุมแสง', 'นครสวรรค์', '60120'),
(5018, 'ฆะมัง', 'ชุมแสง', 'นครสวรรค์', '60120'),
(5019, 'ทับกฤชใต้', 'ชุมแสง', 'นครสวรรค์', '60250'),
(5020, 'หนองบัว', 'หนองบัว', 'นครสวรรค์', '60110'),
(5021, 'หนองกลับ', 'หนองบัว', 'นครสวรรค์', '60110'),
(5022, 'ธารทหาร', 'หนองบัว', 'นครสวรรค์', '60110'),
(5023, 'ห้วยร่วม', 'หนองบัว', 'นครสวรรค์', '60110'),
(5024, 'ห้วยถั่วใต้', 'หนองบัว', 'นครสวรรค์', '60110'),
(5025, 'ห้วยถั่วเหนือ', 'หนองบัว', 'นครสวรรค์', '60110'),
(5026, 'ห้วยใหญ่', 'หนองบัว', 'นครสวรรค์', '60110'),
(5027, 'ทุ่งทอง', 'หนองบัว', 'นครสวรรค์', '60110'),
(5028, 'วังบ่อ', 'หนองบัว', 'นครสวรรค์', '60110'),
(5029, 'ท่างิ้ว', 'บรรพตพิสัย', 'นครสวรรค์', '60180'),
(5030, 'บางตาหงาย', 'บรรพตพิสัย', 'นครสวรรค์', '60180'),
(5031, 'หูกวาง', 'บรรพตพิสัย', 'นครสวรรค์', '60180'),
(5032, 'อ่างทอง', 'บรรพตพิสัย', 'นครสวรรค์', '60180'),
(5033, 'บ้านแดน', 'บรรพตพิสัย', 'นครสวรรค์', '60180'),
(5034, 'บางแก้ว', 'บรรพตพิสัย', 'นครสวรรค์', '60180'),
(5035, 'ตาขีด', 'บรรพตพิสัย', 'นครสวรรค์', '60180'),
(5036, 'ตาสัง', 'บรรพตพิสัย', 'นครสวรรค์', '60180'),
(5037, 'ด่านช้าง', 'บรรพตพิสัย', 'นครสวรรค์', '60180'),
(5038, 'หนองกรด', 'บรรพตพิสัย', 'นครสวรรค์', '60180'),
(5039, 'หนองตางู', 'บรรพตพิสัย', 'นครสวรรค์', '60180'),
(5040, 'บึงปลาทู', 'บรรพตพิสัย', 'นครสวรรค์', '60180'),
(5041, 'เจริญผล', 'บรรพตพิสัย', 'นครสวรรค์', '60180'),
(5042, 'มหาโพธิ', 'เก้าเลี้ยว', 'นครสวรรค์', '60230'),
(5043, 'เก้าเลี้ยว', 'เก้าเลี้ยว', 'นครสวรรค์', '60230'),
(5044, 'หนองเต่า', 'เก้าเลี้ยว', 'นครสวรรค์', '60230'),
(5045, 'เขาดิน', 'เก้าเลี้ยว', 'นครสวรรค์', '60230'),
(5046, 'หัวดง', 'เก้าเลี้ยว', 'นครสวรรค์', '60230'),
(5047, 'ตาคลี', 'ตาคลี', 'นครสวรรค์', '60140'),
(5048, 'ช่องแค', 'ตาคลี', 'นครสวรรค์', '60210'),
(5049, 'จันเสน', 'ตาคลี', 'นครสวรรค์', '60260'),
(5050, 'ห้วยหอม', 'ตาคลี', 'นครสวรรค์', '60210'),
(5051, 'หัวหวาย', 'ตาคลี', 'นครสวรรค์', '60140'),
(5052, 'หนองโพ', 'ตาคลี', 'นครสวรรค์', '60140'),
(5053, 'หนองหม้อ', 'ตาคลี', 'นครสวรรค์', '60140'),
(5054, 'สร้อยทอง', 'ตาคลี', 'นครสวรรค์', '60210'),
(5055, 'ลาดทิพรส', 'ตาคลี', 'นครสวรรค์', '60260'),
(5056, 'พรหมนิมิต', 'ตาคลี', 'นครสวรรค์', '60210'),
(5057, 'ท่าตะโก', 'ท่าตะโก', 'นครสวรรค์', '60160'),
(5058, 'พนมรอก', 'ท่าตะโก', 'นครสวรรค์', '60160'),
(5059, 'หัวถนน', 'ท่าตะโก', 'นครสวรรค์', '60160'),
(5060, 'สายลำโพง', 'ท่าตะโก', 'นครสวรรค์', '60160'),
(5061, 'วังมหากร', 'ท่าตะโก', 'นครสวรรค์', '60160'),
(5062, 'ดอนคา', 'ท่าตะโก', 'นครสวรรค์', '60160'),
(5063, 'ทำนบ', 'ท่าตะโก', 'นครสวรรค์', '60160'),
(5064, 'วังใหญ่', 'ท่าตะโก', 'นครสวรรค์', '60160'),
(5065, 'พนมเศษ', 'ท่าตะโก', 'นครสวรรค์', '60160'),
(5066, 'หนองหลวง', 'ท่าตะโก', 'นครสวรรค์', '60160'),
(5067, 'โคกเดื่อ', 'ไพศาลี', 'นครสวรรค์', '60220'),
(5068, 'สำโรงชัย', 'ไพศาลี', 'นครสวรรค์', '60220'),
(5069, 'วังน้ำลัด', 'ไพศาลี', 'นครสวรรค์', '60220'),
(5070, 'ตะคร้อ', 'ไพศาลี', 'นครสวรรค์', '60220'),
(5071, 'โพธิ์ประสาท', 'ไพศาลี', 'นครสวรรค์', '60220'),
(5072, 'วังข่อย', 'ไพศาลี', 'นครสวรรค์', '60220'),
(5073, 'นาขอม', 'ไพศาลี', 'นครสวรรค์', '60220'),
(5074, 'ไพศาลี', 'ไพศาลี', 'นครสวรรค์', '60220'),
(5075, 'พยุหะ', 'พยุหะคีรี', 'นครสวรรค์', '60130'),
(5076, 'เนินมะกอก', 'พยุหะคีรี', 'นครสวรรค์', '60130'),
(5077, 'นิคมเขาบ่อแก้ว', 'พยุหะคีรี', 'นครสวรรค์', '60130'),
(5078, 'ม่วงหัก', 'พยุหะคีรี', 'นครสวรรค์', '60130'),
(5079, 'ยางขาว', 'พยุหะคีรี', 'นครสวรรค์', '60130'),
(5080, 'ย่านมัทรี', 'พยุหะคีรี', 'นครสวรรค์', '60130'),
(5081, 'เขาทอง', 'พยุหะคีรี', 'นครสวรรค์', '60130'),
(5082, 'ท่าน้ำอ้อย', 'พยุหะคีรี', 'นครสวรรค์', '60130'),
(5083, 'น้ำทรง', 'พยุหะคีรี', 'นครสวรรค์', '60130'),
(5084, 'เขากะลา', 'พยุหะคีรี', 'นครสวรรค์', '60130'),
(5085, 'สระทะเล', 'พยุหะคีรี', 'นครสวรรค์', '60130'),
(5086, 'ลาดยาว', 'ลาดยาว', 'นครสวรรค์', '60150'),
(5087, 'ห้วยน้ำหอม', 'ลาดยาว', 'นครสวรรค์', '60150'),
(5088, 'วังม้า', 'ลาดยาว', 'นครสวรรค์', '60150'),
(5089, 'วังเมือง', 'ลาดยาว', 'นครสวรรค์', '60150'),
(5090, 'สร้อยละคร', 'ลาดยาว', 'นครสวรรค์', '60150'),
(5091, 'มาบแก', 'ลาดยาว', 'นครสวรรค์', '60150'),
(5092, 'หนองยาว', 'ลาดยาว', 'นครสวรรค์', '60150'),
(5093, 'หนองนมวัว', 'ลาดยาว', 'นครสวรรค์', '60150'),
(5094, 'บ้านไร่', 'ลาดยาว', 'นครสวรรค์', '60150'),
(5095, 'เนินขี้เหล็ก', 'ลาดยาว', 'นครสวรรค์', '60150'),
(5096, 'ศาลเจ้าไก่ต่อ', 'ลาดยาว', 'นครสวรรค์', '60150'),
(5097, 'สระแก้ว', 'ลาดยาว', 'นครสวรรค์', '60150'),
(5098, 'ตากฟ้า', 'ตากฟ้า', 'นครสวรรค์', '60190'),
(5099, 'ลำพยนต์', 'ตากฟ้า', 'นครสวรรค์', '60190'),
(5100, 'สุขสำราญ', 'ตากฟ้า', 'นครสวรรค์', '60190'),
(5101, 'หนองพิกุล', 'ตากฟ้า', 'นครสวรรค์', '60190'),
(5102, 'พุนกยูง', 'ตากฟ้า', 'นครสวรรค์', '60190'),
(5103, 'อุดมธัญญา', 'ตากฟ้า', 'นครสวรรค์', '60190'),
(5104, 'เขาชายธง', 'ตากฟ้า', 'นครสวรรค์', '60190'),
(5105, 'แม่วงก์', 'แม่วงก์', 'นครสวรรค์', '60150'),
(5106, 'แม่เล่ย์', 'แม่วงก์', 'นครสวรรค์', '60150'),
(5107, 'วังซ่าน', 'แม่วงก์', 'นครสวรรค์', '60150'),
(5108, 'เขาชนกัน', 'แม่วงก์', 'นครสวรรค์', '60150'),
(5109, 'แม่เปิน', 'แม่เปิน', 'นครสวรรค์', '60150'),
(5110, 'ชุมตาบง', 'ชุมตาบง', 'นครสวรรค์', '60150'),
(5111, 'ปางสวรรค์', 'ชุมตาบง', 'นครสวรรค์', '60150'),
(5112, 'อุทัยใหม่', 'เมืองอุทัยธานี', 'อุทัยธานี', '61000'),
(5113, 'น้ำซึม', 'เมืองอุทัยธานี', 'อุทัยธานี', '61000'),
(5114, 'สะแกกรัง', 'เมืองอุทัยธานี', 'อุทัยธานี', '61000'),
(5115, 'ดอนขวาง', 'เมืองอุทัยธานี', 'อุทัยธานี', '61000'),
(5116, 'หาดทนง', 'เมืองอุทัยธานี', 'อุทัยธานี', '61000'),
(5117, 'เกาะเทโพ', 'เมืองอุทัยธานี', 'อุทัยธานี', '61000'),
(5118, 'ท่าซุง', 'เมืองอุทัยธานี', 'อุทัยธานี', '61000'),
(5119, 'หนองแก', 'เมืองอุทัยธานี', 'อุทัยธานี', '61000'),
(5120, 'โนนเหล็ก', 'เมืองอุทัยธานี', 'อุทัยธานี', '61000'),
(5121, 'หนองเต่า', 'เมืองอุทัยธานี', 'อุทัยธานี', '61000'),
(5122, 'หนองไผ่แบน', 'เมืองอุทัยธานี', 'อุทัยธานี', '61000'),
(5123, 'หนองพังค่า', 'เมืองอุทัยธานี', 'อุทัยธานี', '61000'),
(5124, 'ทุ่งใหญ่', 'เมืองอุทัยธานี', 'อุทัยธานี', '61000'),
(5125, 'เนินแจง', 'เมืองอุทัยธานี', 'อุทัยธานี', '61000'),
(5126, 'ทัพทัน', 'ทัพทัน', 'อุทัยธานี', '61120'),
(5127, 'ทุ่งนาไทย', 'ทัพทัน', 'อุทัยธานี', '61120'),
(5128, 'เขาขี้ฝอย', 'ทัพทัน', 'อุทัยธานี', '61120'),
(5129, 'หนองหญ้าปล้อง', 'ทัพทัน', 'อุทัยธานี', '61120'),
(5130, 'โคกหม้อ', 'ทัพทัน', 'อุทัยธานี', '61120'),
(5131, 'หนองยายดา', 'ทัพทัน', 'อุทัยธานี', '61120'),
(5132, 'หนองกลางดง', 'ทัพทัน', 'อุทัยธานี', '61120'),
(5133, 'หนองกระทุ่ม', 'ทัพทัน', 'อุทัยธานี', '61120'),
(5134, 'หนองสระ', 'ทัพทัน', 'อุทัยธานี', '61120'),
(5135, 'ตลุกดู่', 'ทัพทัน', 'อุทัยธานี', '61120'),
(5136, 'สว่างอารมณ์', 'สว่างอารมณ์', 'อุทัยธานี', '61150'),
(5137, 'หนองหลวง', 'สว่างอารมณ์', 'อุทัยธานี', '61150'),
(5138, 'พลวงสองนาง', 'สว่างอารมณ์', 'อุทัยธานี', '61150'),
(5139, 'ไผ่เขียว', 'สว่างอารมณ์', 'อุทัยธานี', '61150'),
(5140, 'บ่อยาง', 'สว่างอารมณ์', 'อุทัยธานี', '61150'),
(5141, 'หนองฉาง', 'หนองฉาง', 'อุทัยธานี', '61110'),
(5142, 'หนองยาง', 'หนองฉาง', 'อุทัยธานี', '61110'),
(5143, 'หนองนางนวล', 'หนองฉาง', 'อุทัยธานี', '61110'),
(5144, 'หนองสรวง', 'หนองฉาง', 'อุทัยธานี', '61110'),
(5145, 'บ้านเก่า', 'หนองฉาง', 'อุทัยธานี', '61110'),
(5146, 'อุทัยเก่า', 'หนองฉาง', 'อุทัยธานี', '61110'),
(5147, 'ทุ่งโพ', 'หนองฉาง', 'อุทัยธานี', '61110'),
(5148, 'ทุ่งพง', 'หนองฉาง', 'อุทัยธานี', '61110'),
(5149, 'เขาบางแกรก', 'หนองฉาง', 'อุทัยธานี', '61170'),
(5150, 'เขากวางทอง', 'หนองฉาง', 'อุทัยธานี', '61110'),
(5151, 'หนองขาหย่าง', 'หนองขาหย่าง', 'อุทัยธานี', '61130'),
(5152, 'หนองไผ่', 'หนองขาหย่าง', 'อุทัยธานี', '61130'),
(5153, 'ดอนกลอย', 'หนองขาหย่าง', 'อุทัยธานี', '61130'),
(5154, 'ห้วยรอบ', 'หนองขาหย่าง', 'อุทัยธานี', '61130'),
(5155, 'ทุ่งพึ่ง', 'หนองขาหย่าง', 'อุทัยธานี', '61130'),
(5156, 'ท่าโพ', 'หนองขาหย่าง', 'อุทัยธานี', '61130'),
(5157, 'หมกแถว', 'หนองขาหย่าง', 'อุทัยธานี', '61130'),
(5158, 'หลุมเข้า', 'หนองขาหย่าง', 'อุทัยธานี', '61130'),
(5159, 'ดงขวาง', 'หนองขาหย่าง', 'อุทัยธานี', '61130'),
(5160, 'บ้านไร่', 'บ้านไร่', 'อุทัยธานี', '61140'),
(5161, 'ทัพหลวง', 'บ้านไร่', 'อุทัยธานี', '61140'),
(5162, 'ห้วยแห้ง', 'บ้านไร่', 'อุทัยธานี', '61140'),
(5163, 'คอกควาย', 'บ้านไร่', 'อุทัยธานี', '61140'),
(5164, 'วังหิน', 'บ้านไร่', 'อุทัยธานี', '61180'),
(5165, 'เมืองการุ้ง', 'บ้านไร่', 'อุทัยธานี', '61180'),
(5166, 'แก่นมะกรูด', 'บ้านไร่', 'อุทัยธานี', '61140'),
(5167, 'หนองจอก', 'บ้านไร่', 'อุทัยธานี', '61180'),
(5168, 'หูช้าง', 'บ้านไร่', 'อุทัยธานี', '61180'),
(5169, 'บ้านบึง', 'บ้านไร่', 'อุทัยธานี', '61140'),
(5170, 'บ้านใหม่คลองเคียน', 'บ้านไร่', 'อุทัยธานี', '61180'),
(5171, 'หนองบ่มกล้วย', 'บ้านไร่', 'อุทัยธานี', '61180'),
(5172, 'เจ้าวัด', 'บ้านไร่', 'อุทัยธานี', '61140'),
(5173, 'ลานสัก', 'ลานสัก', 'อุทัยธานี', '61160'),
(5174, 'ประดู่ยืน', 'ลานสัก', 'อุทัยธานี', '61160'),
(5175, 'ป่าอ้อ', 'ลานสัก', 'อุทัยธานี', '61160'),
(5176, 'ระบำ', 'ลานสัก', 'อุทัยธานี', '61160'),
(5177, 'น้ำรอบ', 'ลานสัก', 'อุทัยธานี', '61160'),
(5178, 'ทุ่งนางาม', 'ลานสัก', 'อุทัยธานี', '61160'),
(5179, 'สุขฤทัย', 'ห้วยคต', 'อุทัยธานี', '61170'),
(5180, 'ทองหลาง', 'ห้วยคต', 'อุทัยธานี', '61170'),
(5181, 'ห้วยคต', 'ห้วยคต', 'อุทัยธานี', '61170'),
(5182, 'ในเมือง', 'เมืองกำแพงเพชร', 'กำแพงเพชร', '62000'),
(5183, 'ไตรตรึงษ์', 'เมืองกำแพงเพชร', 'กำแพงเพชร', '62160'),
(5184, 'อ่างทอง', 'เมืองกำแพงเพชร', 'กำแพงเพชร', '62000'),
(5185, 'นาบ่อคำ', 'เมืองกำแพงเพชร', 'กำแพงเพชร', '62000'),
(5186, 'นครชุม', 'เมืองกำแพงเพชร', 'กำแพงเพชร', '62000'),
(5187, 'ทรงธรรม', 'เมืองกำแพงเพชร', 'กำแพงเพชร', '62000'),
(5188, 'ลานดอกไม้', 'เมืองกำแพงเพชร', 'กำแพงเพชร', '62000'),
(5189, 'หนองปลิง', 'เมืองกำแพงเพชร', 'กำแพงเพชร', '62000'),
(5190, 'คณฑี', 'เมืองกำแพงเพชร', 'กำแพงเพชร', '62000'),
(5191, 'นิคมทุ่งโพธิ์ทะเล', 'เมืองกำแพงเพชร', 'กำแพงเพชร', '62000'),
(5192, 'เทพนคร', 'เมืองกำแพงเพชร', 'กำแพงเพชร', '62000'),
(5193, 'วังทอง', 'เมืองกำแพงเพชร', 'กำแพงเพชร', '62000'),
(5194, 'ท่าขุนราม', 'เมืองกำแพงเพชร', 'กำแพงเพชร', '62000'),
(5195, 'คลองแม่ลาย', 'เมืองกำแพงเพชร', 'กำแพงเพชร', '62000'),
(5196, 'ธำมรงค์', 'เมืองกำแพงเพชร', 'กำแพงเพชร', '62160'),
(5197, 'สระแก้ว', 'เมืองกำแพงเพชร', 'กำแพงเพชร', '62000'),
(5198, 'ไทรงาม', 'ไทรงาม', 'กำแพงเพชร', '62150'),
(5199, 'หนองคล้า', 'ไทรงาม', 'กำแพงเพชร', '62150'),
(5200, 'หนองทอง', 'ไทรงาม', 'กำแพงเพชร', '62150'),
(5201, 'หนองไม้กอง', 'ไทรงาม', 'กำแพงเพชร', '62150'),
(5202, 'มหาชัย', 'ไทรงาม', 'กำแพงเพชร', '62150'),
(5203, 'พานทอง', 'ไทรงาม', 'กำแพงเพชร', '62150'),
(5204, 'หนองแม่แตง', 'ไทรงาม', 'กำแพงเพชร', '62150'),
(5205, 'คลองน้ำไหล', 'คลองลาน', 'กำแพงเพชร', '62180'),
(5206, 'โป่งน้ำร้อน', 'คลองลาน', 'กำแพงเพชร', '62180'),
(5207, 'คลองลานพัฒนา', 'คลองลาน', 'กำแพงเพชร', '62180'),
(5208, 'สักงาม', 'คลองลาน', 'กำแพงเพชร', '62180'),
(5209, 'ยางสูง', 'ขาณุวรลักษบุรี', 'กำแพงเพชร', '62130'),
(5210, 'ป่าพุทรา', 'ขาณุวรลักษบุรี', 'กำแพงเพชร', '62130'),
(5211, 'แสนตอ', 'ขาณุวรลักษบุรี', 'กำแพงเพชร', '62130'),
(5212, 'สลกบาตร', 'ขาณุวรลักษบุรี', 'กำแพงเพชร', '62140'),
(5213, 'บ่อถ้ำ', 'ขาณุวรลักษบุรี', 'กำแพงเพชร', '62140'),
(5214, 'ดอนแตง', 'ขาณุวรลักษบุรี', 'กำแพงเพชร', '62140'),
(5215, 'วังชะพลู', 'ขาณุวรลักษบุรี', 'กำแพงเพชร', '62140'),
(5216, 'โค้งไผ่', 'ขาณุวรลักษบุรี', 'กำแพงเพชร', '62140'),
(5217, 'ปางมะค่า', 'ขาณุวรลักษบุรี', 'กำแพงเพชร', '62140'),
(5218, 'วังหามแห', 'ขาณุวรลักษบุรี', 'กำแพงเพชร', '62140'),
(5219, 'เกาะตาล', 'ขาณุวรลักษบุรี', 'กำแพงเพชร', '62130'),
(5220, 'คลองขลุง', 'คลองขลุง', 'กำแพงเพชร', '62120'),
(5221, 'ท่ามะเขือ', 'คลองขลุง', 'กำแพงเพชร', '62120'),
(5222, 'ท่าพุทรา', 'คลองขลุง', 'กำแพงเพชร', '62120'),
(5223, 'แม่ลาด', 'คลองขลุง', 'กำแพงเพชร', '62120'),
(5224, 'วังยาง', 'คลองขลุง', 'กำแพงเพชร', '62120'),
(5225, 'วังแขม', 'คลองขลุง', 'กำแพงเพชร', '62120'),
(5226, 'หัวถนน', 'คลองขลุง', 'กำแพงเพชร', '62120'),
(5227, 'วังไทร', 'คลองขลุง', 'กำแพงเพชร', '62120'),
(5228, 'วังบัว', 'คลองขลุง', 'กำแพงเพชร', '62120'),
(5229, 'คลองสมบูรณ์', 'คลองขลุง', 'กำแพงเพชร', '62120'),
(5230, 'พรานกระต่าย', 'พรานกระต่าย', 'กำแพงเพชร', '62110'),
(5231, 'หนองหัววัว', 'พรานกระต่าย', 'กำแพงเพชร', '62110'),
(5232, 'ท่าไม้', 'พรานกระต่าย', 'กำแพงเพชร', '62110'),
(5233, 'วังควง', 'พรานกระต่าย', 'กำแพงเพชร', '62110'),
(5234, 'วังตะแบก', 'พรานกระต่าย', 'กำแพงเพชร', '62110'),
(5235, 'เขาคีริส', 'พรานกระต่าย', 'กำแพงเพชร', '62110'),
(5236, 'คุยบ้านโอง', 'พรานกระต่าย', 'กำแพงเพชร', '62110'),
(5237, 'คลองพิไกร', 'พรานกระต่าย', 'กำแพงเพชร', '62110'),
(5238, 'ถ้ำกระต่ายทอง', 'พรานกระต่าย', 'กำแพงเพชร', '62110'),
(5239, 'ห้วยยั้ง', 'พรานกระต่าย', 'กำแพงเพชร', '62110'),
(5240, 'ลานกระบือ', 'ลานกระบือ', 'กำแพงเพชร', '62170'),
(5241, 'ช่องลม', 'ลานกระบือ', 'กำแพงเพชร', '62170'),
(5242, 'หนองหลวง', 'ลานกระบือ', 'กำแพงเพชร', '62170'),
(5243, 'โนนพลวง', 'ลานกระบือ', 'กำแพงเพชร', '62170'),
(5244, 'ประชาสุขสันต์', 'ลานกระบือ', 'กำแพงเพชร', '62170'),
(5245, 'บึงทับแรต', 'ลานกระบือ', 'กำแพงเพชร', '62170'),
(5246, 'จันทิมา', 'ลานกระบือ', 'กำแพงเพชร', '62170'),
(5247, 'ทุ่งทราย', 'ทรายทองวัฒนา', 'กำแพงเพชร', '62190'),
(5248, 'ทุ่งทอง', 'ทรายทองวัฒนา', 'กำแพงเพชร', '62190'),
(5249, 'ถาวรวัฒนา', 'ทรายทองวัฒนา', 'กำแพงเพชร', '62190'),
(5250, 'โพธิ์ทอง', 'ปางศิลาทอง', 'กำแพงเพชร', '62120'),
(5251, 'หินดาต', 'ปางศิลาทอง', 'กำแพงเพชร', '62120'),
(5252, 'ปางตาไว', 'ปางศิลาทอง', 'กำแพงเพชร', '62120'),
(5253, 'บึงสามัคคี', 'บึงสามัคคี', 'กำแพงเพชร', '62210'),
(5254, 'วังชะโอน', 'บึงสามัคคี', 'กำแพงเพชร', '62210'),
(5255, 'ระหาน', 'บึงสามัคคี', 'กำแพงเพชร', '62210'),
(5256, 'เทพนิมิต', 'บึงสามัคคี', 'กำแพงเพชร', '62210'),
(5257, 'โกสัมพี', 'โกสัมพีนคร', 'กำแพงเพชร', '62000'),
(5258, 'เพชรชมภู', 'โกสัมพีนคร', 'กำแพงเพชร', '62000'),
(5259, 'ลานดอกไม้ตก', 'โกสัมพีนคร', 'กำแพงเพชร', '62000'),
(5260, 'ระแหง', 'เมืองตาก', 'ตาก', '63000'),
(5261, 'หนองหลวง', 'เมืองตาก', 'ตาก', '63000'),
(5262, 'เชียงเงิน', 'เมืองตาก', 'ตาก', '63000'),
(5263, 'หัวเดียด', 'เมืองตาก', 'ตาก', '63000'),
(5264, 'หนองบัวเหนือ', 'เมืองตาก', 'ตาก', '63000'),
(5265, 'ไม้งาม', 'เมืองตาก', 'ตาก', '63000'),
(5266, 'โป่งแดง', 'เมืองตาก', 'ตาก', '63000'),
(5267, 'น้ำรึม', 'เมืองตาก', 'ตาก', '63000'),
(5268, 'วังหิน', 'เมืองตาก', 'ตาก', '63000'),
(5269, 'แม่ท้อ', 'เมืองตาก', 'ตาก', '63000'),
(5270, 'ป่ามะม่วง', 'เมืองตาก', 'ตาก', '63000'),
(5271, 'หนองบัวใต้', 'เมืองตาก', 'ตาก', '63000'),
(5272, 'วังประจบ', 'เมืองตาก', 'ตาก', '63000'),
(5273, 'ตลุกกลางทุ่ง', 'เมืองตาก', 'ตาก', '63000'),
(5274, 'ตากออก', 'บ้านตาก', 'ตาก', '63120'),
(5275, 'สมอโคน', 'บ้านตาก', 'ตาก', '63120'),
(5276, 'แม่สลิด', 'บ้านตาก', 'ตาก', '63120'),
(5277, 'ตากตก', 'บ้านตาก', 'ตาก', '63120'),
(5278, 'เกาะตะเภา', 'บ้านตาก', 'ตาก', '63120'),
(5279, 'ทุ่งกระเชาะ', 'บ้านตาก', 'ตาก', '63120'),
(5280, 'ท้องฟ้า', 'บ้านตาก', 'ตาก', '63120'),
(5281, 'สามเงา', 'สามเงา', 'ตาก', '63130'),
(5282, 'วังหมัน', 'สามเงา', 'ตาก', '63130'),
(5283, 'ยกกระบัตร', 'สามเงา', 'ตาก', '63130'),
(5284, 'ย่านรี', 'สามเงา', 'ตาก', '63130'),
(5285, 'บ้านนา', 'สามเงา', 'ตาก', '63130'),
(5286, 'วังจันทร์', 'สามเงา', 'ตาก', '63130'),
(5287, 'แม่ระมาด', 'แม่ระมาด', 'ตาก', '63140'),
(5288, 'แม่จะเรา', 'แม่ระมาด', 'ตาก', '63140'),
(5289, 'ขะเนจื้อ', 'แม่ระมาด', 'ตาก', '63140'),
(5290, 'แม่ตื่น', 'แม่ระมาด', 'ตาก', '63140'),
(5291, 'สามหมื่น', 'แม่ระมาด', 'ตาก', '63140'),
(5292, 'พระธาตุ', 'แม่ระมาด', 'ตาก', '63140'),
(5293, 'ท่าสองยาง', 'ท่าสองยาง', 'ตาก', '63150'),
(5294, 'แม่ต้าน', 'ท่าสองยาง', 'ตาก', '63150'),
(5295, 'แม่สอง', 'ท่าสองยาง', 'ตาก', '63150'),
(5296, 'แม่หละ', 'ท่าสองยาง', 'ตาก', '63150'),
(5297, 'แม่วะหลวง', 'ท่าสองยาง', 'ตาก', '63150'),
(5298, 'แม่อุสุ', 'ท่าสองยาง', 'ตาก', '63150'),
(5299, 'แม่สอด', 'แม่สอด', 'ตาก', '63110'),
(5300, 'แม่กุ', 'แม่สอด', 'ตาก', '63110'),
(5301, 'พะวอ', 'แม่สอด', 'ตาก', '63110'),
(5302, 'แม่ตาว', 'แม่สอด', 'ตาก', '63110'),
(5303, 'แม่กาษา', 'แม่สอด', 'ตาก', '63110'),
(5304, 'ท่าสายลวด', 'แม่สอด', 'ตาก', '63110'),
(5305, 'แม่ปะ', 'แม่สอด', 'ตาก', '63110'),
(5306, 'มหาวัน', 'แม่สอด', 'ตาก', '63110'),
(5307, 'ด่านแม่ละเมา', 'แม่สอด', 'ตาก', '63110'),
(5308, 'พระธาตุผาแดง', 'แม่สอด', 'ตาก', '63110'),
(5309, 'พบพระ', 'พบพระ', 'ตาก', '63160'),
(5310, 'ช่องแคบ', 'พบพระ', 'ตาก', '63160'),
(5311, 'คีรีราษฎร์', 'พบพระ', 'ตาก', '63160'),
(5312, 'วาเล่ย์', 'พบพระ', 'ตาก', '63160'),
(5313, 'รวมไทยพัฒนา', 'พบพระ', 'ตาก', '63160'),
(5314, 'อุ้มผาง', 'อุ้มผาง', 'ตาก', '63170'),
(5315, 'หนองหลวง', 'อุ้มผาง', 'ตาก', '63170'),
(5316, 'โมโกร', 'อุ้มผาง', 'ตาก', '63170'),
(5317, 'แม่จัน', 'อุ้มผาง', 'ตาก', '63170'),
(5318, 'แม่ละมุ้ง', 'อุ้มผาง', 'ตาก', '63170'),
(5319, 'แม่กลอง', 'อุ้มผาง', 'ตาก', '63170'),
(5320, 'เชียงทอง', 'วังเจ้า', 'ตาก', '63000'),
(5321, 'นาโบสถ์', 'วังเจ้า', 'ตาก', '63000'),
(5322, 'ประดาง', 'วังเจ้า', 'ตาก', '63000'),
(5323, 'ธานี', 'เมืองสุโขทัย', 'สุโขทัย', '64000'),
(5324, 'บ้านสวน', 'เมืองสุโขทัย', 'สุโขทัย', '64220'),
(5325, 'เมืองเก่า', 'เมืองสุโขทัย', 'สุโขทัย', '64210'),
(5326, 'ปากแคว', 'เมืองสุโขทัย', 'สุโขทัย', '64000'),
(5327, 'ยางซ้าย', 'เมืองสุโขทัย', 'สุโขทัย', '64000'),
(5328, 'บ้านกล้วย', 'เมืองสุโขทัย', 'สุโขทัย', '64000'),
(5329, 'บ้านหลุม', 'เมืองสุโขทัย', 'สุโขทัย', '64000'),
(5330, 'ตาลเตี้ย', 'เมืองสุโขทัย', 'สุโขทัย', '64220'),
(5331, 'ปากพระ', 'เมืองสุโขทัย', 'สุโขทัย', '64000'),
(5332, 'วังทองแดง', 'เมืองสุโขทัย', 'สุโขทัย', '64210'),
(5333, 'ลานหอย', 'บ้านด่านลานหอย', 'สุโขทัย', '64140'),
(5334, 'บ้านด่าน', 'บ้านด่านลานหอย', 'สุโขทัย', '64140'),
(5335, 'วังตะคร้อ', 'บ้านด่านลานหอย', 'สุโขทัย', '64140'),
(5336, 'วังน้ำขาว', 'บ้านด่านลานหอย', 'สุโขทัย', '64140'),
(5337, 'ตลิ่งชัน', 'บ้านด่านลานหอย', 'สุโขทัย', '64140'),
(5338, 'หนองหญ้าปล้อง', 'บ้านด่านลานหอย', 'สุโขทัย', '64140'),
(5339, 'วังลึก', 'บ้านด่านลานหอย', 'สุโขทัย', '64140'),
(5340, 'โตนด', 'คีรีมาศ', 'สุโขทัย', '64160'),
(5341, 'ทุ่งหลวง', 'คีรีมาศ', 'สุโขทัย', '64160'),
(5342, 'บ้านป้อม', 'คีรีมาศ', 'สุโขทัย', '64160'),
(5343, 'สามพวง', 'คีรีมาศ', 'สุโขทัย', '64160'),
(5344, 'ศรีคีรีมาศ', 'คีรีมาศ', 'สุโขทัย', '64160'),
(5345, 'หนองจิก', 'คีรีมาศ', 'สุโขทัย', '64160'),
(5346, 'นาเชิงคีรี', 'คีรีมาศ', 'สุโขทัย', '64160'),
(5347, 'หนองกระดิ่ง', 'คีรีมาศ', 'สุโขทัย', '64160'),
(5348, 'บ้านน้ำพุ', 'คีรีมาศ', 'สุโขทัย', '64160'),
(5349, 'ทุ่งยางเมือง', 'คีรีมาศ', 'สุโขทัย', '64160'),
(5350, 'กง', 'กงไกรลาศ', 'สุโขทัย', '64170'),
(5351, 'บ้านกร่าง', 'กงไกรลาศ', 'สุโขทัย', '64170'),
(5352, 'ไกรนอก', 'กงไกรลาศ', 'สุโขทัย', '64170'),
(5353, 'ไกรกลาง', 'กงไกรลาศ', 'สุโขทัย', '64170'),
(5354, 'ไกรใน', 'กงไกรลาศ', 'สุโขทัย', '64170'),
(5355, 'ดงเดือย', 'กงไกรลาศ', 'สุโขทัย', '64170'),
(5356, 'ป่าแฝก', 'กงไกรลาศ', 'สุโขทัย', '64170'),
(5357, 'กกแรต', 'กงไกรลาศ', 'สุโขทัย', '64170'),
(5358, 'ท่าฉนวน', 'กงไกรลาศ', 'สุโขทัย', '64170'),
(5359, 'หนองตูม', 'กงไกรลาศ', 'สุโขทัย', '64170'),
(5360, 'บ้านใหม่สุขเกษม', 'กงไกรลาศ', 'สุโขทัย', '64170'),
(5361, 'หาดเสี้ยว', 'ศรีสัชนาลัย', 'สุโขทัย', '64130'),
(5362, 'ป่างิ้ว', 'ศรีสัชนาลัย', 'สุโขทัย', '64130'),
(5363, 'แม่สำ', 'ศรีสัชนาลัย', 'สุโขทัย', '64130'),
(5364, 'แม่สิน', 'ศรีสัชนาลัย', 'สุโขทัย', '64130'),
(5365, 'บ้านตึก', 'ศรีสัชนาลัย', 'สุโขทัย', '64130'),
(5366, 'หนองอ้อ', 'ศรีสัชนาลัย', 'สุโขทัย', '64130'),
(5367, 'ท่าชัย', 'ศรีสัชนาลัย', 'สุโขทัย', '64190'),
(5368, 'ศรีสัชนาลัย', 'ศรีสัชนาลัย', 'สุโขทัย', '64190'),
(5369, 'ดงคู่', 'ศรีสัชนาลัย', 'สุโขทัย', '64130'),
(5370, 'บ้านแก่ง', 'ศรีสัชนาลัย', 'สุโขทัย', '64130'),
(5371, 'สารจิตร', 'ศรีสัชนาลัย', 'สุโขทัย', '64130'),
(5372, 'คลองตาล', 'ศรีสำโรง', 'สุโขทัย', '64120'),
(5373, 'วังลึก', 'ศรีสำโรง', 'สุโขทัย', '64120'),
(5374, 'สามเรือน', 'ศรีสำโรง', 'สุโขทัย', '64120'),
(5375, 'บ้านนา', 'ศรีสำโรง', 'สุโขทัย', '64120'),
(5376, 'วังทอง', 'ศรีสำโรง', 'สุโขทัย', '64120'),
(5377, 'นาขุนไกร', 'ศรีสำโรง', 'สุโขทัย', '64120'),
(5378, 'เกาะตาเลี้ยง', 'ศรีสำโรง', 'สุโขทัย', '64120'),
(5379, 'วัดเกาะ', 'ศรีสำโรง', 'สุโขทัย', '64120'),
(5380, 'บ้านไร่', 'ศรีสำโรง', 'สุโขทัย', '64120'),
(5381, 'ทับผึ้ง', 'ศรีสำโรง', 'สุโขทัย', '64120'),
(5382, 'บ้านซ่าน', 'ศรีสำโรง', 'สุโขทัย', '64120'),
(5383, 'วังใหญ่', 'ศรีสำโรง', 'สุโขทัย', '64120'),
(5384, 'ราวต้นจันทร์', 'ศรีสำโรง', 'สุโขทัย', '64120'),
(5385, 'เมืองสวรรคโลก', 'สวรรคโลก', 'สุโขทัย', '64110'),
(5386, 'ในเมือง', 'สวรรคโลก', 'สุโขทัย', '64110'),
(5387, 'คลองกระจง', 'สวรรคโลก', 'สุโขทัย', '64110'),
(5388, 'วังพิณพาทย์', 'สวรรคโลก', 'สุโขทัย', '64110'),
(5389, 'วังไม้ขอน', 'สวรรคโลก', 'สุโขทัย', '64110'),
(5390, 'ย่านยาว', 'สวรรคโลก', 'สุโขทัย', '64110'),
(5391, 'นาทุ่ง', 'สวรรคโลก', 'สุโขทัย', '64110'),
(5392, 'คลองยาง', 'สวรรคโลก', 'สุโขทัย', '64110'),
(5393, 'เมืองบางยม', 'สวรรคโลก', 'สุโขทัย', '64110'),
(5394, 'ท่าทอง', 'สวรรคโลก', 'สุโขทัย', '64110'),
(5395, 'ปากน้ำ', 'สวรรคโลก', 'สุโขทัย', '64110'),
(5396, 'ป่ากุมเกาะ', 'สวรรคโลก', 'สุโขทัย', '64110'),
(5397, 'เมืองบางขลัง', 'สวรรคโลก', 'สุโขทัย', '64110'),
(5398, 'หนองกลับ', 'สวรรคโลก', 'สุโขทัย', '64110'),
(5399, 'ศรีนคร', 'ศรีนคร', 'สุโขทัย', '64180'),
(5400, 'นครเดิฐ', 'ศรีนคร', 'สุโขทัย', '64180'),
(5401, 'น้ำขุม', 'ศรีนคร', 'สุโขทัย', '64180'),
(5402, 'คลองมะพลับ', 'ศรีนคร', 'สุโขทัย', '64180'),
(5403, 'หนองบัว', 'ศรีนคร', 'สุโขทัย', '64180'),
(5404, 'บ้านใหม่ไชยมงคล', 'ทุ่งเสลี่ยม', 'สุโขทัย', '64230'),
(5405, 'ไทยชนะศึก', 'ทุ่งเสลี่ยม', 'สุโขทัย', '64150'),
(5406, 'ทุ่งเสลี่ยม', 'ทุ่งเสลี่ยม', 'สุโขทัย', '64150'),
(5407, 'กลางดง', 'ทุ่งเสลี่ยม', 'สุโขทัย', '64150'),
(5408, 'เขาแก้วศรีสมบูรณ์', 'ทุ่งเสลี่ยม', 'สุโขทัย', '64230'),
(5409, 'ในเมือง', 'เมืองพิษณุโลก', 'พิษณุโลก', '65000'),
(5410, 'วังน้ำคู้', 'เมืองพิษณุโลก', 'พิษณุโลก', '65230'),
(5411, 'วัดจันทร์', 'เมืองพิษณุโลก', 'พิษณุโลก', '65000'),
(5412, 'วัดพริก', 'เมืองพิษณุโลก', 'พิษณุโลก', '65230'),
(5413, 'ท่าทอง', 'เมืองพิษณุโลก', 'พิษณุโลก', '65000'),
(5414, 'ท่าโพธิ์', 'เมืองพิษณุโลก', 'พิษณุโลก', '65000'),
(5415, 'สมอแข', 'เมืองพิษณุโลก', 'พิษณุโลก', '65000'),
(5416, 'ดอนทอง', 'เมืองพิษณุโลก', 'พิษณุโลก', '65000'),
(5417, 'บ้านป่า', 'เมืองพิษณุโลก', 'พิษณุโลก', '65000'),
(5418, 'ปากโทก', 'เมืองพิษณุโลก', 'พิษณุโลก', '65000'),
(5419, 'หัวรอ', 'เมืองพิษณุโลก', 'พิษณุโลก', '65000'),
(5420, 'จอมทอง', 'เมืองพิษณุโลก', 'พิษณุโลก', '65000'),
(5421, 'บ้านกร่าง', 'เมืองพิษณุโลก', 'พิษณุโลก', '65000'),
(5422, 'บ้านคลอง', 'เมืองพิษณุโลก', 'พิษณุโลก', '65000'),
(5423, 'พลายชุมพล', 'เมืองพิษณุโลก', 'พิษณุโลก', '65000'),
(5424, 'มะขามสูง', 'เมืองพิษณุโลก', 'พิษณุโลก', '65000'),
(5425, 'อรัญญิก', 'เมืองพิษณุโลก', 'พิษณุโลก', '65000'),
(5426, 'บึงพระ', 'เมืองพิษณุโลก', 'พิษณุโลก', '65000'),
(5427, 'ไผ่ขอดอน', 'เมืองพิษณุโลก', 'พิษณุโลก', '65000'),
(5428, 'งิ้วงาม', 'เมืองพิษณุโลก', 'พิษณุโลก', '65230'),
(5429, 'นครไทย', 'นครไทย', 'พิษณุโลก', '65120'),
(5430, 'หนองกะท้าว', 'นครไทย', 'พิษณุโลก', '65120'),
(5431, 'บ้านแยง', 'นครไทย', 'พิษณุโลก', '65120'),
(5432, 'เนินเพิ่ม', 'นครไทย', 'พิษณุโลก', '65120'),
(5433, 'นาบัว', 'นครไทย', 'พิษณุโลก', '65120'),
(5434, 'นครชุม', 'นครไทย', 'พิษณุโลก', '65120'),
(5435, 'น้ำกุ่ม', 'นครไทย', 'พิษณุโลก', '65120'),
(5436, 'ยางโกลน', 'นครไทย', 'พิษณุโลก', '65120'),
(5437, 'บ่อโพธิ์', 'นครไทย', 'พิษณุโลก', '65120'),
(5438, 'บ้านพร้าว', 'นครไทย', 'พิษณุโลก', '65120'),
(5439, 'ห้วยเฮี้ย', 'นครไทย', 'พิษณุโลก', '65120'),
(5440, 'ป่าแดง', 'ชาติตระการ', 'พิษณุโลก', '65170'),
(5441, 'ชาติตระการ', 'ชาติตระการ', 'พิษณุโลก', '65170'),
(5442, 'สวนเมี่ยง', 'ชาติตระการ', 'พิษณุโลก', '65170'),
(5443, 'บ้านดง', 'ชาติตระการ', 'พิษณุโลก', '65170'),
(5444, 'บ่อภาค', 'ชาติตระการ', 'พิษณุโลก', '65170'),
(5445, 'ท่าสะแก', 'ชาติตระการ', 'พิษณุโลก', '65170'),
(5446, 'บางระกำ', 'บางระกำ', 'พิษณุโลก', '65140'),
(5447, 'ปลักแรด', 'บางระกำ', 'พิษณุโลก', '65140'),
(5448, 'พันเสา', 'บางระกำ', 'พิษณุโลก', '65140'),
(5449, 'วังอิทก', 'บางระกำ', 'พิษณุโลก', '65140'),
(5450, 'บึงกอก', 'บางระกำ', 'พิษณุโลก', '65140'),
(5451, 'หนองกุลา', 'บางระกำ', 'พิษณุโลก', '65140'),
(5452, 'ชุมแสงสงคราม', 'บางระกำ', 'พิษณุโลก', '65240'),
(5453, 'นิคมพัฒนา', 'บางระกำ', 'พิษณุโลก', '65140'),
(5454, 'บ่อทอง', 'บางระกำ', 'พิษณุโลก', '65140'),
(5455, 'ท่านางงาม', 'บางระกำ', 'พิษณุโลก', '65140'),
(5456, 'คุยม่วง', 'บางระกำ', 'พิษณุโลก', '65240'),
(5457, 'บางกระทุ่ม', 'บางกระทุ่ม', 'พิษณุโลก', '65110'),
(5458, 'บ้านไร่', 'บางกระทุ่ม', 'พิษณุโลก', '65110'),
(5459, 'โคกสลุด', 'บางกระทุ่ม', 'พิษณุโลก', '65110'),
(5460, 'สนามคลี', 'บางกระทุ่ม', 'พิษณุโลก', '65110'),
(5461, 'ท่าตาล', 'บางกระทุ่ม', 'พิษณุโลก', '65110'),
(5462, 'ไผ่ล้อม', 'บางกระทุ่ม', 'พิษณุโลก', '65110'),
(5463, 'นครป่าหมาก', 'บางกระทุ่ม', 'พิษณุโลก', '65110'),
(5464, 'เนินกุ่ม', 'บางกระทุ่ม', 'พิษณุโลก', '65210'),
(5465, 'วัดตายม', 'บางกระทุ่ม', 'พิษณุโลก', '65210'),
(5466, 'พรหมพิราม', 'พรหมพิราม', 'พิษณุโลก', '65150'),
(5467, 'ท่าช้าง', 'พรหมพิราม', 'พิษณุโลก', '65150'),
(5468, 'วงฆ้อง', 'พรหมพิราม', 'พิษณุโลก', '65180'),
(5469, 'มะตูม', 'พรหมพิราม', 'พิษณุโลก', '65150'),
(5470, 'หอกลอง', 'พรหมพิราม', 'พิษณุโลก', '65150'),
(5471, 'ศรีภิรมย์', 'พรหมพิราม', 'พิษณุโลก', '65180'),
(5472, 'ตลุกเทียม', 'พรหมพิราม', 'พิษณุโลก', '65180'),
(5473, 'วังวน', 'พรหมพิราม', 'พิษณุโลก', '65150'),
(5474, 'หนองแขม', 'พรหมพิราม', 'พิษณุโลก', '65150'),
(5475, 'มะต้อง', 'พรหมพิราม', 'พิษณุโลก', '65180'),
(5476, 'ทับยายเชียง', 'พรหมพิราม', 'พิษณุโลก', '65150'),
(5477, 'ดงประคำ', 'พรหมพิราม', 'พิษณุโลก', '65180'),
(5478, 'วัดโบสถ์', 'วัดโบสถ์', 'พิษณุโลก', '65160'),
(5479, 'ท่างาม', 'วัดโบสถ์', 'พิษณุโลก', '65160'),
(5480, 'ท้อแท้', 'วัดโบสถ์', 'พิษณุโลก', '65160'),
(5481, 'บ้านยาง', 'วัดโบสถ์', 'พิษณุโลก', '65160'),
(5482, 'หินลาด', 'วัดโบสถ์', 'พิษณุโลก', '65160'),
(5483, 'คันโช้ง', 'วัดโบสถ์', 'พิษณุโลก', '65160'),
(5484, 'วังทอง', 'วังทอง', 'พิษณุโลก', '65130'),
(5485, 'พันชาลี', 'วังทอง', 'พิษณุโลก', '65130'),
(5486, 'แม่ระกา', 'วังทอง', 'พิษณุโลก', '65130'),
(5487, 'บ้านกลาง', 'วังทอง', 'พิษณุโลก', '65220'),
(5488, 'วังพิกุล', 'วังทอง', 'พิษณุโลก', '65130'),
(5489, 'แก่งโสภา', 'วังทอง', 'พิษณุโลก', '65220'),
(5490, 'ท่าหมื่นราม', 'วังทอง', 'พิษณุโลก', '65130'),
(5491, 'วังนกแอ่น', 'วังทอง', 'พิษณุโลก', '65130'),
(5492, 'หนองพระ', 'วังทอง', 'พิษณุโลก', '65130'),
(5493, 'ชัยนาม', 'วังทอง', 'พิษณุโลก', '65130'),
(5494, 'ดินทอง', 'วังทอง', 'พิษณุโลก', '65130'),
(5495, 'ชมพู', 'เนินมะปราง', 'พิษณุโลก', '65190'),
(5496, 'บ้านมุง', 'เนินมะปราง', 'พิษณุโลก', '65190'),
(5497, 'ไทรย้อย', 'เนินมะปราง', 'พิษณุโลก', '65190'),
(5498, 'วังโพรง', 'เนินมะปราง', 'พิษณุโลก', '65190'),
(5499, 'บ้านน้อยซุ้มขี้เหล็ก', 'เนินมะปราง', 'พิษณุโลก', '65190'),
(5500, 'เนินมะปราง', 'เนินมะปราง', 'พิษณุโลก', '65190'),
(5501, 'วังยาง', 'เนินมะปราง', 'พิษณุโลก', '65190'),
(5502, 'ในเมือง', 'เมืองพิจิตร', 'พิจิตร', '66000'),
(5503, 'ไผ่ขวาง', 'เมืองพิจิตร', 'พิจิตร', '66000'),
(5504, 'ย่านยาว', 'เมืองพิจิตร', 'พิจิตร', '66000'),
(5505, 'ท่าฬ่อ', 'เมืองพิจิตร', 'พิจิตร', '66000'),
(5506, 'ปากทาง', 'เมืองพิจิตร', 'พิจิตร', '66000'),
(5507, 'คลองคะเชนทร์', 'เมืองพิจิตร', 'พิจิตร', '66000'),
(5508, 'โรงช้าง', 'เมืองพิจิตร', 'พิจิตร', '66000'),
(5509, 'เมืองเก่า', 'เมืองพิจิตร', 'พิจิตร', '66000'),
(5510, 'ท่าหลวง', 'เมืองพิจิตร', 'พิจิตร', '66000'),
(5511, 'บ้านบุ่ง', 'เมืองพิจิตร', 'พิจิตร', '66000'),
(5512, 'ฆะมัง', 'เมืองพิจิตร', 'พิจิตร', '66000'),
(5513, 'ดงป่าคำ', 'เมืองพิจิตร', 'พิจิตร', '66170'),
(5514, 'หัวดง', 'เมืองพิจิตร', 'พิจิตร', '66170'),
(5515, 'ป่ามะคาบ', 'เมืองพิจิตร', 'พิจิตร', '66000'),
(5516, 'สายคำโห้', 'เมืองพิจิตร', 'พิจิตร', '66000'),
(5517, 'ดงกลาง', 'เมืองพิจิตร', 'พิจิตร', '66170'),
(5518, 'วังทรายพูน', 'วังทรายพูน', 'พิจิตร', '66180'),
(5519, 'หนองปลาไหล', 'วังทรายพูน', 'พิจิตร', '66180'),
(5520, 'หนองพระ', 'วังทรายพูน', 'พิจิตร', '66180'),
(5521, 'หนองปล้อง', 'วังทรายพูน', 'พิจิตร', '66180'),
(5522, 'โพธิ์ประทับช้าง', 'โพธิ์ประทับช้าง', 'พิจิตร', '66190'),
(5523, 'ไผ่ท่าโพ', 'โพธิ์ประทับช้าง', 'พิจิตร', '66190'),
(5524, 'วังจิก', 'โพธิ์ประทับช้าง', 'พิจิตร', '66190'),
(5525, 'ไผ่รอบ', 'โพธิ์ประทับช้าง', 'พิจิตร', '66190'),
(5526, 'ดงเสือเหลือง', 'โพธิ์ประทับช้าง', 'พิจิตร', '66190'),
(5527, 'เนินสว่าง', 'โพธิ์ประทับช้าง', 'พิจิตร', '66190'),
(5528, 'ทุ่งใหญ่', 'โพธิ์ประทับช้าง', 'พิจิตร', '66190'),
(5529, 'ตะพานหิน', 'ตะพานหิน', 'พิจิตร', '66110'),
(5530, 'งิ้วราย', 'ตะพานหิน', 'พิจิตร', '66110'),
(5531, 'ห้วยเกตุ', 'ตะพานหิน', 'พิจิตร', '66110'),
(5532, 'ไทรโรงโขน', 'ตะพานหิน', 'พิจิตร', '66110'),
(5533, 'หนองพยอม', 'ตะพานหิน', 'พิจิตร', '66110'),
(5534, 'ทุ่งโพธิ์', 'ตะพานหิน', 'พิจิตร', '66150'),
(5535, 'ดงตะขบ', 'ตะพานหิน', 'พิจิตร', '66110'),
(5536, 'คลองคูณ', 'ตะพานหิน', 'พิจิตร', '66110'),
(5537, 'วังสำโรง', 'ตะพานหิน', 'พิจิตร', '66110'),
(5538, 'วังหว้า', 'ตะพานหิน', 'พิจิตร', '66110'),
(5539, 'วังหลุม', 'ตะพานหิน', 'พิจิตร', '66150'),
(5540, 'ทับหมัน', 'ตะพานหิน', 'พิจิตร', '66110'),
(5541, 'ไผ่หลวง', 'ตะพานหิน', 'พิจิตร', '66110'),
(5542, 'บางมูลนาก', 'บางมูลนาก', 'พิจิตร', '66120'),
(5543, 'บางไผ่', 'บางมูลนาก', 'พิจิตร', '66120'),
(5544, 'หอไกร', 'บางมูลนาก', 'พิจิตร', '66120'),
(5545, 'เนินมะกอก', 'บางมูลนาก', 'พิจิตร', '66120'),
(5546, 'วังสำโรง', 'บางมูลนาก', 'พิจิตร', '66120'),
(5547, 'ภูมิ', 'บางมูลนาก', 'พิจิตร', '66120'),
(5548, 'วังกรด', 'บางมูลนาก', 'พิจิตร', '66120'),
(5549, 'ห้วยเขน', 'บางมูลนาก', 'พิจิตร', '66120'),
(5550, 'วังตะกู', 'บางมูลนาก', 'พิจิตร', '66210'),
(5551, 'ลำประดา', 'บางมูลนาก', 'พิจิตร', '66120'),
(5552, 'โพทะเล', 'โพทะเล', 'พิจิตร', '66130'),
(5553, 'ท้ายน้ำ', 'โพทะเล', 'พิจิตร', '66130'),
(5554, 'ทะนง', 'โพทะเล', 'พิจิตร', '66130'),
(5555, 'ท่าบัว', 'โพทะเล', 'พิจิตร', '66130'),
(5556, 'ทุ่งน้อย', 'โพทะเล', 'พิจิตร', '66130'),
(5557, 'ท่าขมิ้น', 'โพทะเล', 'พิจิตร', '66130'),
(5558, 'ท่าเสา', 'โพทะเล', 'พิจิตร', '66130'),
(5559, 'บางคลาน', 'โพทะเล', 'พิจิตร', '66130'),
(5560, 'ท่านั่ง', 'โพทะเล', 'พิจิตร', '66130'),
(5561, 'บ้านน้อย', 'โพทะเล', 'พิจิตร', '66130'),
(5562, 'วัดขวาง', 'โพทะเล', 'พิจิตร', '66130'),
(5563, 'สามง่าม', 'สามง่าม', 'พิจิตร', '66140'),
(5564, 'กำแพงดิน', 'สามง่าม', 'พิจิตร', '66220'),
(5565, 'รังนก', 'สามง่าม', 'พิจิตร', '66140'),
(5566, 'เนินปอ', 'สามง่าม', 'พิจิตร', '66140'),
(5567, 'หนองโสน', 'สามง่าม', 'พิจิตร', '66140'),
(5568, 'ทับคล้อ', 'ทับคล้อ', 'พิจิตร', '66150'),
(5569, 'เขาทราย', 'ทับคล้อ', 'พิจิตร', '66230'),
(5570, 'เขาเจ็ดลูก', 'ทับคล้อ', 'พิจิตร', '66230'),
(5571, 'ท้ายทุ่ง', 'ทับคล้อ', 'พิจิตร', '66150'),
(5572, 'สากเหล็ก', 'สากเหล็ก', 'พิจิตร', '66160'),
(5573, 'ท่าเยี่ยม', 'สากเหล็ก', 'พิจิตร', '66160'),
(5574, 'คลองทราย', 'สากเหล็ก', 'พิจิตร', '66160'),
(5575, 'หนองหญ้าไทร', 'สากเหล็ก', 'พิจิตร', '66160'),
(5576, 'วังทับไทร', 'สากเหล็ก', 'พิจิตร', '66160'),
(5577, 'ห้วยแก้ว', 'บึงนาราง', 'พิจิตร', '66130'),
(5578, 'โพธิ์ไทรงาม', 'บึงนาราง', 'พิจิตร', '66130'),
(5579, 'แหลมรัง', 'บึงนาราง', 'พิจิตร', '66130'),
(5580, 'บางลาย', 'บึงนาราง', 'พิจิตร', '66130'),
(5581, 'บึงนาราง', 'บึงนาราง', 'พิจิตร', '66130'),
(5582, 'วังงิ้วใต้', 'ดงเจริญ', 'พิจิตร', '66210'),
(5583, 'วังงิ้ว', 'ดงเจริญ', 'พิจิตร', '66210'),
(5584, 'ห้วยร่วม', 'ดงเจริญ', 'พิจิตร', '66210'),
(5585, 'ห้วยพุก', 'ดงเจริญ', 'พิจิตร', '66210'),
(5586, 'สำนักขุนเณร', 'ดงเจริญ', 'พิจิตร', '66210'),
(5587, 'บ้านนา', 'วชิรบารมี', 'พิจิตร', '66140'),
(5588, 'บึงบัว', 'วชิรบารมี', 'พิจิตร', '66140'),
(5589, 'วังโมกข์', 'วชิรบารมี', 'พิจิตร', '66140'),
(5590, 'หนองหลุม', 'วชิรบารมี', 'พิจิตร', '66220'),
(5591, 'ในเมือง', 'เมืองเพชรบูรณ์', 'เพชรบูรณ์', '67000'),
(5592, 'ตะเบาะ', 'เมืองเพชรบูรณ์', 'เพชรบูรณ์', '67000'),
(5593, 'บ้านโตก', 'เมืองเพชรบูรณ์', 'เพชรบูรณ์', '67000'),
(5594, 'สะเดียง', 'เมืองเพชรบูรณ์', 'เพชรบูรณ์', '67000'),
(5595, 'ป่าเลา', 'เมืองเพชรบูรณ์', 'เพชรบูรณ์', '67000'),
(5596, 'นางั่ว', 'เมืองเพชรบูรณ์', 'เพชรบูรณ์', '67000'),
(5597, 'ท่าพล', 'เมืองเพชรบูรณ์', 'เพชรบูรณ์', '67250'),
(5598, 'ดงมูลเหล็ก', 'เมืองเพชรบูรณ์', 'เพชรบูรณ์', '67000'),
(5599, 'บ้านโคก', 'เมืองเพชรบูรณ์', 'เพชรบูรณ์', '67000'),
(5600, 'ชอนไพร', 'เมืองเพชรบูรณ์', 'เพชรบูรณ์', '67000'),
(5601, 'นาป่า', 'เมืองเพชรบูรณ์', 'เพชรบูรณ์', '67000'),
(5602, 'นายม', 'เมืองเพชรบูรณ์', 'เพชรบูรณ์', '67210'),
(5603, 'วังชมภู', 'เมืองเพชรบูรณ์', 'เพชรบูรณ์', '67210'),
(5604, 'น้ำร้อน', 'เมืองเพชรบูรณ์', 'เพชรบูรณ์', '67000'),
(5605, 'ห้วยสะแก', 'เมืองเพชรบูรณ์', 'เพชรบูรณ์', '67210'),
(5606, 'ห้วยใหญ่', 'เมืองเพชรบูรณ์', 'เพชรบูรณ์', '67000'),
(5607, 'ระวิง', 'เมืองเพชรบูรณ์', 'เพชรบูรณ์', '67210'),
(5608, 'ชนแดน', 'ชนแดน', 'เพชรบูรณ์', '67150'),
(5609, 'ดงขุย', 'ชนแดน', 'เพชรบูรณ์', '67190'),
(5610, 'ท่าข้าม', 'ชนแดน', 'เพชรบูรณ์', '67150'),
(5611, 'พุทธบาท', 'ชนแดน', 'เพชรบูรณ์', '67150'),
(5612, 'ลาดแค', 'ชนแดน', 'เพชรบูรณ์', '67150'),
(5613, 'บ้านกล้วย', 'ชนแดน', 'เพชรบูรณ์', '67190'),
(5614, 'ซับพุทรา', 'ชนแดน', 'เพชรบูรณ์', '67150'),
(5615, 'ตะกุดไร', 'ชนแดน', 'เพชรบูรณ์', '67190'),
(5616, 'ศาลาลาย', 'ชนแดน', 'เพชรบูรณ์', '67150'),
(5617, 'หล่มสัก', 'หล่มสัก', 'เพชรบูรณ์', '67110'),
(5618, 'วัดป่า', 'หล่มสัก', 'เพชรบูรณ์', '67110'),
(5619, 'ตาลเดี่ยว', 'หล่มสัก', 'เพชรบูรณ์', '67110'),
(5620, 'ฝายนาแซง', 'หล่มสัก', 'เพชรบูรณ์', '67110'),
(5621, 'หนองสว่าง', 'หล่มสัก', 'เพชรบูรณ์', '67110'),
(5622, 'น้ำเฮี้ย', 'หล่มสัก', 'เพชรบูรณ์', '67110'),
(5623, 'สักหลง', 'หล่มสัก', 'เพชรบูรณ์', '67110'),
(5624, 'ท่าอิบุญ', 'หล่มสัก', 'เพชรบูรณ์', '67110'),
(5625, 'บ้านโสก', 'หล่มสัก', 'เพชรบูรณ์', '67110'),
(5626, 'บ้านติ้ว', 'หล่มสัก', 'เพชรบูรณ์', '67110'),
(5627, 'ห้วยไร่', 'หล่มสัก', 'เพชรบูรณ์', '67110'),
(5628, 'น้ำก้อ', 'หล่มสัก', 'เพชรบูรณ์', '67110'),
(5629, 'ปากช่อง', 'หล่มสัก', 'เพชรบูรณ์', '67110'),
(5630, 'น้ำชุน', 'หล่มสัก', 'เพชรบูรณ์', '67110'),
(5631, 'หนองไขว่', 'หล่มสัก', 'เพชรบูรณ์', '67110'),
(5632, 'ลานบ่า', 'หล่มสัก', 'เพชรบูรณ์', '67110'),
(5633, 'บุ่งคล้า', 'หล่มสัก', 'เพชรบูรณ์', '67110'),
(5634, 'บุ่งน้ำเต้า', 'หล่มสัก', 'เพชรบูรณ์', '67110'),
(5635, 'บ้านกลาง', 'หล่มสัก', 'เพชรบูรณ์', '67110'),
(5636, 'ช้างตะลูด', 'หล่มสัก', 'เพชรบูรณ์', '67110'),
(5637, 'บ้านไร่', 'หล่มสัก', 'เพชรบูรณ์', '67110'),
(5638, 'ปากดุก', 'หล่มสัก', 'เพชรบูรณ์', '67110'),
(5639, 'บ้านหวาย', 'หล่มสัก', 'เพชรบูรณ์', '67110'),
(5640, 'หล่มเก่า', 'หล่มเก่า', 'เพชรบูรณ์', '67120'),
(5641, 'นาซำ', 'หล่มเก่า', 'เพชรบูรณ์', '67120'),
(5642, 'หินฮาว', 'หล่มเก่า', 'เพชรบูรณ์', '67120'),
(5643, 'บ้านเนิน', 'หล่มเก่า', 'เพชรบูรณ์', '67120'),
(5644, 'ศิลา', 'หล่มเก่า', 'เพชรบูรณ์', '67120'),
(5645, 'นาแซง', 'หล่มเก่า', 'เพชรบูรณ์', '67120'),
(5646, 'วังบาล', 'หล่มเก่า', 'เพชรบูรณ์', '67120'),
(5647, 'นาเกาะ', 'หล่มเก่า', 'เพชรบูรณ์', '67120'),
(5648, 'ตาดกลอย', 'หล่มเก่า', 'เพชรบูรณ์', '67120'),
(5649, 'ท่าโรง', 'วิเชียรบุรี', 'เพชรบูรณ์', '67130'),
(5650, 'สระประดู่', 'วิเชียรบุรี', 'เพชรบูรณ์', '67130'),
(5651, 'สามแยก', 'วิเชียรบุรี', 'เพชรบูรณ์', '67130'),
(5652, 'โคกปรง', 'วิเชียรบุรี', 'เพชรบูรณ์', '67130'),
(5653, 'น้ำร้อน', 'วิเชียรบุรี', 'เพชรบูรณ์', '67130'),
(5654, 'บ่อรัง', 'วิเชียรบุรี', 'เพชรบูรณ์', '67130'),
(5655, 'พุเตย', 'วิเชียรบุรี', 'เพชรบูรณ์', '67180'),
(5656, 'พุขาม', 'วิเชียรบุรี', 'เพชรบูรณ์', '67180'),
(5657, 'ภูน้ำหยด', 'วิเชียรบุรี', 'เพชรบูรณ์', '67180'),
(5658, 'ซับสมบูรณ์', 'วิเชียรบุรี', 'เพชรบูรณ์', '67180'),
(5659, 'บึงกระจับ', 'วิเชียรบุรี', 'เพชรบูรณ์', '67130'),
(5660, 'วังใหญ่', 'วิเชียรบุรี', 'เพชรบูรณ์', '67180'),
(5661, 'ยางสาว', 'วิเชียรบุรี', 'เพชรบูรณ์', '67130'),
(5662, 'ซับน้อย', 'วิเชียรบุรี', 'เพชรบูรณ์', '67180'),
(5663, 'ศรีเทพ', 'ศรีเทพ', 'เพชรบูรณ์', '67170'),
(5664, 'สระกรวด', 'ศรีเทพ', 'เพชรบูรณ์', '67170'),
(5665, 'คลองกระจัง', 'ศรีเทพ', 'เพชรบูรณ์', '67170'),
(5666, 'นาสนุ่น', 'ศรีเทพ', 'เพชรบูรณ์', '67170'),
(5667, 'โคกสะอาด', 'ศรีเทพ', 'เพชรบูรณ์', '67170'),
(5668, 'หนองย่างทอย', 'ศรีเทพ', 'เพชรบูรณ์', '67170'),
(5669, 'ประดู่งาม', 'ศรีเทพ', 'เพชรบูรณ์', '67170'),
(5670, 'กองทูล', 'หนองไผ่', 'เพชรบูรณ์', '67140'),
(5671, 'นาเฉลียง', 'หนองไผ่', 'เพชรบูรณ์', '67220'),
(5672, 'บ้านโภชน์', 'หนองไผ่', 'เพชรบูรณ์', '67140'),
(5673, 'ท่าแดง', 'หนองไผ่', 'เพชรบูรณ์', '67140'),
(5674, 'เพชรละคร', 'หนองไผ่', 'เพชรบูรณ์', '67140'),
(5675, 'บ่อไทย', 'หนองไผ่', 'เพชรบูรณ์', '67140'),
(5676, 'ห้วยโป่ง', 'หนองไผ่', 'เพชรบูรณ์', '67220'),
(5677, 'วังท่าดี', 'หนองไผ่', 'เพชรบูรณ์', '67140'),
(5678, 'บัววัฒนา', 'หนองไผ่', 'เพชรบูรณ์', '67140'),
(5679, 'หนองไผ่', 'หนองไผ่', 'เพชรบูรณ์', '67140'),
(5680, 'วังโบสถ์', 'หนองไผ่', 'เพชรบูรณ์', '67140'),
(5681, 'ยางงาม', 'หนองไผ่', 'เพชรบูรณ์', '67220'),
(5682, 'ท่าด้วง', 'หนองไผ่', 'เพชรบูรณ์', '67140'),
(5683, 'ซับสมอทอด', 'บึงสามพัน', 'เพชรบูรณ์', '67160'),
(5684, 'ซับไม้แดง', 'บึงสามพัน', 'เพชรบูรณ์', '67160'),
(5685, 'หนองแจง', 'บึงสามพัน', 'เพชรบูรณ์', '67160'),
(5686, 'กันจุ', 'บึงสามพัน', 'เพชรบูรณ์', '67160'),
(5687, 'วังพิกุล', 'บึงสามพัน', 'เพชรบูรณ์', '67230'),
(5688, 'พญาวัง', 'บึงสามพัน', 'เพชรบูรณ์', '67160'),
(5689, 'ศรีมงคล', 'บึงสามพัน', 'เพชรบูรณ์', '67160'),
(5690, 'สระแก้ว', 'บึงสามพัน', 'เพชรบูรณ์', '67160'),
(5691, 'บึงสามพัน', 'บึงสามพัน', 'เพชรบูรณ์', '67160'),
(5692, 'น้ำหนาว', 'น้ำหนาว', 'เพชรบูรณ์', '67260'),
(5693, 'หลักด่าน', 'น้ำหนาว', 'เพชรบูรณ์', '67260'),
(5694, 'วังกวาง', 'น้ำหนาว', 'เพชรบูรณ์', '67260'),
(5695, 'โคกมน', 'น้ำหนาว', 'เพชรบูรณ์', '67260'),
(5696, 'วังโป่ง', 'วังโป่ง', 'เพชรบูรณ์', '67240'),
(5697, 'ท้ายดง', 'วังโป่ง', 'เพชรบูรณ์', '67240'),
(5698, 'ซับเปิบ', 'วังโป่ง', 'เพชรบูรณ์', '67240'),
(5699, 'วังหิน', 'วังโป่ง', 'เพชรบูรณ์', '67240'),
(5700, 'วังศาล', 'วังโป่ง', 'เพชรบูรณ์', '67240'),
(5701, 'ทุ่งสมอ', 'เขาค้อ', 'เพชรบูรณ์', '67270'),
(5702, 'แคมป์สน', 'เขาค้อ', 'เพชรบูรณ์', '67280'),
(5703, 'เขาค้อ', 'เขาค้อ', 'เพชรบูรณ์', '67270'),
(5704, 'ริมสีม่วง', 'เขาค้อ', 'เพชรบูรณ์', '67270'),
(5705, 'สะเดาะพง', 'เขาค้อ', 'เพชรบูรณ์', '67270'),
(5706, 'หนองแม่นา', 'เขาค้อ', 'เพชรบูรณ์', '67270'),
(5707, 'เข็กน้อย', 'เขาค้อ', 'เพชรบูรณ์', '67280'),
(5708, 'หน้าเมือง', 'เมืองราชบุรี', 'ราชบุรี', '70000'),
(5709, 'เจดีย์หัก', 'เมืองราชบุรี', 'ราชบุรี', '70000'),
(5710, 'ดอนตะโก', 'เมืองราชบุรี', 'ราชบุรี', '70000'),
(5711, 'หนองกลางนา', 'เมืองราชบุรี', 'ราชบุรี', '70000'),
(5712, 'ห้วยไผ่', 'เมืองราชบุรี', 'ราชบุรี', '70000'),
(5713, 'คุ้งน้ำวน', 'เมืองราชบุรี', 'ราชบุรี', '70000'),
(5714, 'คุ้งกระถิน', 'เมืองราชบุรี', 'ราชบุรี', '70000'),
(5715, 'อ่างทอง', 'เมืองราชบุรี', 'ราชบุรี', '70000'),
(5716, 'โคกหม้อ', 'เมืองราชบุรี', 'ราชบุรี', '70000'),
(5717, 'สามเรือน', 'เมืองราชบุรี', 'ราชบุรี', '70000'),
(5718, 'พิกุลทอง', 'เมืองราชบุรี', 'ราชบุรี', '70000'),
(5719, 'น้ำพุ', 'เมืองราชบุรี', 'ราชบุรี', '70000'),
(5720, 'ดอนแร่', 'เมืองราชบุรี', 'ราชบุรี', '70000'),
(5721, 'หินกอง', 'เมืองราชบุรี', 'ราชบุรี', '70000'),
(5722, 'เขาแร้ง', 'เมืองราชบุรี', 'ราชบุรี', '70000'),
(5723, 'เกาะพลับพลา', 'เมืองราชบุรี', 'ราชบุรี', '70000'),
(5724, 'หลุมดิน', 'เมืองราชบุรี', 'ราชบุรี', '70000'),
(5725, 'บางป่า', 'เมืองราชบุรี', 'ราชบุรี', '70000'),
(5726, 'พงสวาย', 'เมืองราชบุรี', 'ราชบุรี', '70000'),
(5727, 'คูบัว', 'เมืองราชบุรี', 'ราชบุรี', '70000'),
(5728, 'ท่าราบ', 'เมืองราชบุรี', 'ราชบุรี', '70000'),
(5729, 'บ้านไร่', 'เมืองราชบุรี', 'ราชบุรี', '70000'),
(5730, 'จอมบึง', 'จอมบึง', 'ราชบุรี', '70150'),
(5731, 'ปากช่อง', 'จอมบึง', 'ราชบุรี', '70150'),
(5732, 'เบิกไพร', 'จอมบึง', 'ราชบุรี', '70150'),
(5733, 'ด่านทับตะโก', 'จอมบึง', 'ราชบุรี', '70150'),
(5734, 'แก้มอ้น', 'จอมบึง', 'ราชบุรี', '70150'),
(5735, 'รางบัว', 'จอมบึง', 'ราชบุรี', '70150'),
(5736, 'สวนผึ้ง', 'สวนผึ้ง', 'ราชบุรี', '70180'),
(5737, 'ป่าหวาย', 'สวนผึ้ง', 'ราชบุรี', '70180'),
(5738, 'ท่าเคย', 'สวนผึ้ง', 'ราชบุรี', '70180'),
(5739, 'ตะนาวศรี', 'สวนผึ้ง', 'ราชบุรี', '70180'),
(5740, 'ดำเนินสะดวก', 'ดำเนินสะดวก', 'ราชบุรี', '70130'),
(5741, 'ประสาทสิทธิ์', 'ดำเนินสะดวก', 'ราชบุรี', '70210'),
(5742, 'ศรีสุราษฎร์', 'ดำเนินสะดวก', 'ราชบุรี', '70130'),
(5743, 'ตาหลวง', 'ดำเนินสะดวก', 'ราชบุรี', '70130'),
(5744, 'ดอนกรวย', 'ดำเนินสะดวก', 'ราชบุรี', '70130'),
(5745, 'ดอนคลัง', 'ดำเนินสะดวก', 'ราชบุรี', '70130'),
(5746, 'บัวงาม', 'ดำเนินสะดวก', 'ราชบุรี', '70210'),
(5747, 'บ้านไร่', 'ดำเนินสะดวก', 'ราชบุรี', '70130'),
(5748, 'แพงพวย', 'ดำเนินสะดวก', 'ราชบุรี', '70130'),
(5749, 'สี่หมื่น', 'ดำเนินสะดวก', 'ราชบุรี', '70130'),
(5750, 'ท่านัด', 'ดำเนินสะดวก', 'ราชบุรี', '70130'),
(5751, 'ขุนพิทักษ์', 'ดำเนินสะดวก', 'ราชบุรี', '70130'),
(5752, 'ดอนไผ่', 'ดำเนินสะดวก', 'ราชบุรี', '70130'),
(5753, 'บ้านโป่ง', 'บ้านโป่ง', 'ราชบุรี', '70110'),
(5754, 'ท่าผา', 'บ้านโป่ง', 'ราชบุรี', '70110'),
(5755, 'กรับใหญ่', 'บ้านโป่ง', 'ราชบุรี', '70190'),
(5756, 'ปากแรต', 'บ้านโป่ง', 'ราชบุรี', '70110'),
(5757, 'หนองกบ', 'บ้านโป่ง', 'ราชบุรี', '70110'),
(5758, 'หนองอ้อ', 'บ้านโป่ง', 'ราชบุรี', '70110'),
(5759, 'ดอนกระเบื้อง', 'บ้านโป่ง', 'ราชบุรี', '70110'),
(5760, 'สวนกล้วย', 'บ้านโป่ง', 'ราชบุรี', '70110'),
(5761, 'นครชุมน์', 'บ้านโป่ง', 'ราชบุรี', '70110'),
(5762, 'บ้านม่วง', 'บ้านโป่ง', 'ราชบุรี', '70110'),
(5763, 'คุ้งพยอม', 'บ้านโป่ง', 'ราชบุรี', '70110'),
(5764, 'หนองปลาหมอ', 'บ้านโป่ง', 'ราชบุรี', '70110'),
(5765, 'เขาขลุง', 'บ้านโป่ง', 'ราชบุรี', '70110'),
(5766, 'เบิกไพร', 'บ้านโป่ง', 'ราชบุรี', '70110'),
(5767, 'ลาดบัวขาว', 'บ้านโป่ง', 'ราชบุรี', '70110'),
(5768, 'บางแพ', 'บางแพ', 'ราชบุรี', '70160'),
(5769, 'วังเย็น', 'บางแพ', 'ราชบุรี', '70160'),
(5770, 'หัวโพ', 'บางแพ', 'ราชบุรี', '70160'),
(5771, 'วัดแก้ว', 'บางแพ', 'ราชบุรี', '70160'),
(5772, 'ดอนใหญ่', 'บางแพ', 'ราชบุรี', '70160'),
(5773, 'ดอนคา', 'บางแพ', 'ราชบุรี', '70160'),
(5774, 'โพหัก', 'บางแพ', 'ราชบุรี', '70160'),
(5775, 'โพธาราม', 'โพธาราม', 'ราชบุรี', '70120'),
(5776, 'ดอนกระเบื้อง', 'โพธาราม', 'ราชบุรี', '70120'),
(5777, 'หนองโพ', 'โพธาราม', 'ราชบุรี', '70120'),
(5778, 'บ้านเลือก', 'โพธาราม', 'ราชบุรี', '70120'),
(5779, 'คลองตาคต', 'โพธาราม', 'ราชบุรี', '70120'),
(5780, 'บ้านฆ้อง', 'โพธาราม', 'ราชบุรี', '70120'),
(5781, 'บ้านสิงห์', 'โพธาราม', 'ราชบุรี', '70120'),
(5782, 'ดอนทราย', 'โพธาราม', 'ราชบุรี', '70120'),
(5783, 'เจ็ดเสมียน', 'โพธาราม', 'ราชบุรี', '70120'),
(5784, 'คลองข่อย', 'โพธาราม', 'ราชบุรี', '70120'),
(5785, 'ชำแระ', 'โพธาราม', 'ราชบุรี', '70120'),
(5786, 'สร้อยฟ้า', 'โพธาราม', 'ราชบุรี', '70120'),
(5787, 'ท่าชุมพล', 'โพธาราม', 'ราชบุรี', '70120'),
(5788, 'บางโตนด', 'โพธาราม', 'ราชบุรี', '70120'),
(5789, 'เตาปูน', 'โพธาราม', 'ราชบุรี', '70120'),
(5790, 'นางแก้ว', 'โพธาราม', 'ราชบุรี', '70120'),
(5791, 'ธรรมเสน', 'โพธาราม', 'ราชบุรี', '70120'),
(5792, 'เขาชะงุ้ม', 'โพธาราม', 'ราชบุรี', '70120'),
(5793, 'หนองกวาง', 'โพธาราม', 'ราชบุรี', '70120'),
(5794, 'ทุ่งหลวง', 'ปากท่อ', 'ราชบุรี', '70140'),
(5795, 'วังมะนาว', 'ปากท่อ', 'ราชบุรี', '70140'),
(5796, 'ดอนทราย', 'ปากท่อ', 'ราชบุรี', '70140'),
(5797, 'หนองกระทุ่ม', 'ปากท่อ', 'ราชบุรี', '70140'),
(5798, 'ปากท่อ', 'ปากท่อ', 'ราชบุรี', '70140'),
(5799, 'ป่าไก่', 'ปากท่อ', 'ราชบุรี', '70140'),
(5800, 'วัดยางงาม', 'ปากท่อ', 'ราชบุรี', '70140'),
(5801, 'อ่างหิน', 'ปากท่อ', 'ราชบุรี', '70140'),
(5802, 'บ่อกระดาน', 'ปากท่อ', 'ราชบุรี', '70140'),
(5803, 'ยางหัก', 'ปากท่อ', 'ราชบุรี', '70140'),
(5804, 'วันดาว', 'ปากท่อ', 'ราชบุรี', '70140'),
(5805, 'ห้วยยางโทน', 'ปากท่อ', 'ราชบุรี', '70140'),
(5806, 'เกาะศาลพระ', 'วัดเพลง', 'ราชบุรี', '70170'),
(5807, 'จอมประทัด', 'วัดเพลง', 'ราชบุรี', '70170'),
(5808, 'วัดเพลง', 'วัดเพลง', 'ราชบุรี', '70170'),
(5809, 'บ้านคา', 'บ้านคา', 'ราชบุรี', '70180'),
(5810, 'บ้านบึง', 'บ้านคา', 'ราชบุรี', '70180'),
(5811, 'หนองพันจันทร์', 'บ้านคา', 'ราชบุรี', '70180'),
(5812, 'บ้านเหนือ', 'เมืองกาญจนบุรี', 'กาญจนบุรี', '71000'),
(5813, 'บ้านใต้', 'เมืองกาญจนบุรี', 'กาญจนบุรี', '71000'),
(5814, 'ปากแพรก', 'เมืองกาญจนบุรี', 'กาญจนบุรี', '71000'),
(5815, 'ท่ามะขาม', 'เมืองกาญจนบุรี', 'กาญจนบุรี', '71000'),
(5816, 'แก่งเสี้ยน', 'เมืองกาญจนบุรี', 'กาญจนบุรี', '71000'),
(5817, 'หนองบัว', 'เมืองกาญจนบุรี', 'กาญจนบุรี', '71190'),
(5818, 'ลาดหญ้า', 'เมืองกาญจนบุรี', 'กาญจนบุรี', '71190'),
(5819, 'วังด้ง', 'เมืองกาญจนบุรี', 'กาญจนบุรี', '71190'),
(5820, 'ช่องสะเดา', 'เมืองกาญจนบุรี', 'กาญจนบุรี', '71190'),
(5821, 'หนองหญ้า', 'เมืองกาญจนบุรี', 'กาญจนบุรี', '71000'),
(5822, 'เกาะสำโรง', 'เมืองกาญจนบุรี', 'กาญจนบุรี', '71000'),
(5823, 'บ้านเก่า', 'เมืองกาญจนบุรี', 'กาญจนบุรี', '71000'),
(5824, 'วังเย็น', 'เมืองกาญจนบุรี', 'กาญจนบุรี', '71000'),
(5825, 'ลุ่มสุ่ม', 'ไทรโยค', 'กาญจนบุรี', '71150'),
(5826, 'ท่าเสา', 'ไทรโยค', 'กาญจนบุรี', '71150'),
(5827, 'สิงห์', 'ไทรโยค', 'กาญจนบุรี', '71150'),
(5828, 'ไทรโยค', 'ไทรโยค', 'กาญจนบุรี', '71150'),
(5829, 'วังกระแจะ', 'ไทรโยค', 'กาญจนบุรี', '71150'),
(5830, 'ศรีมงคล', 'ไทรโยค', 'กาญจนบุรี', '71150'),
(5831, 'บ้องตี้', 'ไทรโยค', 'กาญจนบุรี', '71150'),
(5832, 'บ่อพลอย', 'บ่อพลอย', 'กาญจนบุรี', '71160'),
(5833, 'หนองกุ่ม', 'บ่อพลอย', 'กาญจนบุรี', '71160'),
(5834, 'หนองรี', 'บ่อพลอย', 'กาญจนบุรี', '71220'),
(5835, 'หลุมรัง', 'บ่อพลอย', 'กาญจนบุรี', '71160'),
(5836, 'ช่องด่าน', 'บ่อพลอย', 'กาญจนบุรี', '71160'),
(5837, 'หนองกร่าง', 'บ่อพลอย', 'กาญจนบุรี', '71220'),
(5838, 'นาสวน', 'ศรีสวัสดิ์', 'กาญจนบุรี', '71250'),
(5839, 'ด่านแม่แฉลบ', 'ศรีสวัสดิ์', 'กาญจนบุรี', '71250'),
(5840, 'หนองเป็ด', 'ศรีสวัสดิ์', 'กาญจนบุรี', '71250'),
(5841, 'ท่ากระดาน', 'ศรีสวัสดิ์', 'กาญจนบุรี', '71250'),
(5842, 'เขาโจด', 'ศรีสวัสดิ์', 'กาญจนบุรี', '71220'),
(5843, 'แม่กระบุง', 'ศรีสวัสดิ์', 'กาญจนบุรี', '71250'),
(5844, 'พงตึก', 'ท่ามะกา', 'กาญจนบุรี', '71120'),
(5845, 'ยางม่วง', 'ท่ามะกา', 'กาญจนบุรี', '71120'),
(5846, 'ดอนชะเอม', 'ท่ามะกา', 'กาญจนบุรี', '71130'),
(5847, 'ท่าไม้', 'ท่ามะกา', 'กาญจนบุรี', '71120'),
(5848, 'ตะคร้ำเอน', 'ท่ามะกา', 'กาญจนบุรี', '71130'),
(5849, 'ท่ามะกา', 'ท่ามะกา', 'กาญจนบุรี', '71120'),
(5850, 'ท่าเรือ', 'ท่ามะกา', 'กาญจนบุรี', '71130'),
(5851, 'โคกตะบอง', 'ท่ามะกา', 'กาญจนบุรี', '71120'),
(5852, 'ดอนขมิ้น', 'ท่ามะกา', 'กาญจนบุรี', '71120'),
(5853, 'อุโลกสี่หมื่น', 'ท่ามะกา', 'กาญจนบุรี', '71130'),
(5854, 'เขาสามสิบหาบ', 'ท่ามะกา', 'กาญจนบุรี', '71120'),
(5855, 'พระแท่น', 'ท่ามะกา', 'กาญจนบุรี', '71130'),
(5856, 'หวายเหนียว', 'ท่ามะกา', 'กาญจนบุรี', '71120'),
(5857, 'แสนตอ', 'ท่ามะกา', 'กาญจนบุรี', '71130'),
(5858, 'สนามแย้', 'ท่ามะกา', 'กาญจนบุรี', '70190'),
(5859, 'ท่าเสา', 'ท่ามะกา', 'กาญจนบุรี', '71120'),
(5860, 'หนองลาน', 'ท่ามะกา', 'กาญจนบุรี', '71130'),
(5861, 'ท่าม่วง', 'ท่าม่วง', 'กาญจนบุรี', '71110'),
(5862, 'วังขนาย', 'ท่าม่วง', 'กาญจนบุรี', '71110'),
(5863, 'วังศาลา', 'ท่าม่วง', 'กาญจนบุรี', '71110'),
(5864, 'ท่าล้อ', 'ท่าม่วง', 'กาญจนบุรี', '71110'),
(5865, 'หนองขาว', 'ท่าม่วง', 'กาญจนบุรี', '71110'),
(5866, 'ทุ่งทอง', 'ท่าม่วง', 'กาญจนบุรี', '71110'),
(5867, 'เขาน้อย', 'ท่าม่วง', 'กาญจนบุรี', '71110'),
(5868, 'ม่วงชุม', 'ท่าม่วง', 'กาญจนบุรี', '71110'),
(5869, 'บ้านใหม่', 'ท่าม่วง', 'กาญจนบุรี', '71110'),
(5870, 'พังตรุ', 'ท่าม่วง', 'กาญจนบุรี', '71110'),
(5871, 'ท่าตะคร้อ', 'ท่าม่วง', 'กาญจนบุรี', '71130'),
(5872, 'รางสาลี่', 'ท่าม่วง', 'กาญจนบุรี', '71110'),
(5873, 'หนองตากยา', 'ท่าม่วง', 'กาญจนบุรี', '71110'),
(5874, 'ท่าขนุน', 'ทองผาภูมิ', 'กาญจนบุรี', '71180'),
(5875, 'ปิล๊อก', 'ทองผาภูมิ', 'กาญจนบุรี', '71180'),
(5876, 'หินดาด', 'ทองผาภูมิ', 'กาญจนบุรี', '71180'),
(5877, 'ลิ่นถิ่น', 'ทองผาภูมิ', 'กาญจนบุรี', '71180'),
(5878, 'ชะแล', 'ทองผาภูมิ', 'กาญจนบุรี', '71180'),
(5879, 'ห้วยเขย่ง', 'ทองผาภูมิ', 'กาญจนบุรี', '71180'),
(5880, 'สหกรณ์นิคม', 'ทองผาภูมิ', 'กาญจนบุรี', '71180'),
(5881, 'หนองลู', 'สังขละบุรี', 'กาญจนบุรี', '71240'),
(5882, 'ปรังเผล', 'สังขละบุรี', 'กาญจนบุรี', '71240'),
(5883, 'ไล่โว่', 'สังขละบุรี', 'กาญจนบุรี', '71240'),
(5884, 'พนมทวน', 'พนมทวน', 'กาญจนบุรี', '71140'),
(5885, 'หนองโรง', 'พนมทวน', 'กาญจนบุรี', '71140'),
(5886, 'ทุ่งสมอ', 'พนมทวน', 'กาญจนบุรี', '71140'),
(5887, 'ดอนเจดีย์', 'พนมทวน', 'กาญจนบุรี', '71140'),
(5888, 'พังตรุ', 'พนมทวน', 'กาญจนบุรี', '71140'),
(5889, 'รางหวาย', 'พนมทวน', 'กาญจนบุรี', '71170'),
(5890, 'หนองสาหร่าย', 'พนมทวน', 'กาญจนบุรี', '71140'),
(5891, 'ดอนตาเพชร', 'พนมทวน', 'กาญจนบุรี', '71140'),
(5892, 'เลาขวัญ', 'เลาขวัญ', 'กาญจนบุรี', '71210'),
(5893, 'หนองโสน', 'เลาขวัญ', 'กาญจนบุรี', '71210'),
(5894, 'หนองประดู่', 'เลาขวัญ', 'กาญจนบุรี', '71210'),
(5895, 'หนองปลิง', 'เลาขวัญ', 'กาญจนบุรี', '71210'),
(5896, 'หนองนกแก้ว', 'เลาขวัญ', 'กาญจนบุรี', '71210'),
(5897, 'ทุ่งกระบ่ำ', 'เลาขวัญ', 'กาญจนบุรี', '71210'),
(5898, 'หนองฝ้าย', 'เลาขวัญ', 'กาญจนบุรี', '71210'),
(5899, 'ด่านมะขามเตี้ย', 'ด่านมะขามเตี้ย', 'กาญจนบุรี', '71260'),
(5900, 'กลอนโด', 'ด่านมะขามเตี้ย', 'กาญจนบุรี', '71260'),
(5901, 'จรเข้เผือก', 'ด่านมะขามเตี้ย', 'กาญจนบุรี', '71260'),
(5902, 'หนองไผ่', 'ด่านมะขามเตี้ย', 'กาญจนบุรี', '71260'),
(5903, 'หนองปรือ', 'หนองปรือ', 'กาญจนบุรี', '71220'),
(5904, 'หนองปลาไหล', 'หนองปรือ', 'กาญจนบุรี', '71220'),
(5905, 'สมเด็จเจริญ', 'หนองปรือ', 'กาญจนบุรี', '71220'),
(5906, 'ห้วยกระเจา', 'ห้วยกระเจา', 'กาญจนบุรี', '71170'),
(5907, 'วังไผ่', 'ห้วยกระเจา', 'กาญจนบุรี', '71170'),
(5908, 'ดอนแสลบ', 'ห้วยกระเจา', 'กาญจนบุรี', '71170'),
(5909, 'สระลงเรือ', 'ห้วยกระเจา', 'กาญจนบุรี', '71170'),
(5910, 'ท่าพี่เลี้ยง', 'เมืองสุพรรณบุรี', 'สุพรรณบุรี', '72000'),
(5911, 'รั้วใหญ่', 'เมืองสุพรรณบุรี', 'สุพรรณบุรี', '72000'),
(5912, 'ทับตีเหล็ก', 'เมืองสุพรรณบุรี', 'สุพรรณบุรี', '72000'),
(5913, 'ท่าระหัด', 'เมืองสุพรรณบุรี', 'สุพรรณบุรี', '72000'),
(5914, 'ไผ่ขวาง', 'เมืองสุพรรณบุรี', 'สุพรรณบุรี', '72000'),
(5915, 'โคกโคเฒ่า', 'เมืองสุพรรณบุรี', 'สุพรรณบุรี', '72000');
INSERT INTO `address_info` (`id`, `tumbon`, `amphur`, `province`, `zipcode`) VALUES
(5916, 'ดอนตาล', 'เมืองสุพรรณบุรี', 'สุพรรณบุรี', '72000'),
(5917, 'ดอนมะสังข์', 'เมืองสุพรรณบุรี', 'สุพรรณบุรี', '72000'),
(5918, 'พิหารแดง', 'เมืองสุพรรณบุรี', 'สุพรรณบุรี', '72000'),
(5919, 'ดอนกำยาน', 'เมืองสุพรรณบุรี', 'สุพรรณบุรี', '72000'),
(5920, 'ดอนโพธิ์ทอง', 'เมืองสุพรรณบุรี', 'สุพรรณบุรี', '72000'),
(5921, 'บ้านโพธิ์', 'เมืองสุพรรณบุรี', 'สุพรรณบุรี', '72000'),
(5922, 'สระแก้ว', 'เมืองสุพรรณบุรี', 'สุพรรณบุรี', '72230'),
(5923, 'ตลิ่งชัน', 'เมืองสุพรรณบุรี', 'สุพรรณบุรี', '72230'),
(5924, 'บางกุ้ง', 'เมืองสุพรรณบุรี', 'สุพรรณบุรี', '72210'),
(5925, 'ศาลาขาว', 'เมืองสุพรรณบุรี', 'สุพรรณบุรี', '72210'),
(5926, 'สวนแตง', 'เมืองสุพรรณบุรี', 'สุพรรณบุรี', '72210'),
(5927, 'สนามชัย', 'เมืองสุพรรณบุรี', 'สุพรรณบุรี', '72000'),
(5928, 'โพธิ์พระยา', 'เมืองสุพรรณบุรี', 'สุพรรณบุรี', '72000'),
(5929, 'สนามคลี', 'เมืองสุพรรณบุรี', 'สุพรรณบุรี', '72230'),
(5930, 'เขาพระ', 'เดิมบางนางบวช', 'สุพรรณบุรี', '72120'),
(5931, 'เดิมบาง', 'เดิมบางนางบวช', 'สุพรรณบุรี', '72120'),
(5932, 'นางบวช', 'เดิมบางนางบวช', 'สุพรรณบุรี', '72120'),
(5933, 'เขาดิน', 'เดิมบางนางบวช', 'สุพรรณบุรี', '72120'),
(5934, 'ปากน้ำ', 'เดิมบางนางบวช', 'สุพรรณบุรี', '72120'),
(5935, 'ทุ่งคลี', 'เดิมบางนางบวช', 'สุพรรณบุรี', '72120'),
(5936, 'โคกช้าง', 'เดิมบางนางบวช', 'สุพรรณบุรี', '72120'),
(5937, 'หัวเขา', 'เดิมบางนางบวช', 'สุพรรณบุรี', '72120'),
(5938, 'หัวนา', 'เดิมบางนางบวช', 'สุพรรณบุรี', '72120'),
(5939, 'บ่อกรุ', 'เดิมบางนางบวช', 'สุพรรณบุรี', '72120'),
(5940, 'วังศรีราช', 'เดิมบางนางบวช', 'สุพรรณบุรี', '72120'),
(5941, 'ป่าสะแก', 'เดิมบางนางบวช', 'สุพรรณบุรี', '72120'),
(5942, 'ยางนอน', 'เดิมบางนางบวช', 'สุพรรณบุรี', '72120'),
(5943, 'หนองกระทุ่ม', 'เดิมบางนางบวช', 'สุพรรณบุรี', '72120'),
(5944, 'หนองมะค่าโมง', 'ด่านช้าง', 'สุพรรณบุรี', '72180'),
(5945, 'ด่านช้าง', 'ด่านช้าง', 'สุพรรณบุรี', '72180'),
(5946, 'ห้วยขมิ้น', 'ด่านช้าง', 'สุพรรณบุรี', '72180'),
(5947, 'องค์พระ', 'ด่านช้าง', 'สุพรรณบุรี', '72180'),
(5948, 'วังคัน', 'ด่านช้าง', 'สุพรรณบุรี', '72180'),
(5949, 'นิคมกระเสียว', 'ด่านช้าง', 'สุพรรณบุรี', '72180'),
(5950, 'วังยาว', 'ด่านช้าง', 'สุพรรณบุรี', '72180'),
(5951, 'โคกคราม', 'บางปลาม้า', 'สุพรรณบุรี', '72150'),
(5952, 'บางปลาม้า', 'บางปลาม้า', 'สุพรรณบุรี', '72150'),
(5953, 'ตะค่า', 'บางปลาม้า', 'สุพรรณบุรี', '72150'),
(5954, 'บางใหญ่', 'บางปลาม้า', 'สุพรรณบุรี', '72150'),
(5955, 'กฤษณา', 'บางปลาม้า', 'สุพรรณบุรี', '72150'),
(5956, 'สาลี', 'บางปลาม้า', 'สุพรรณบุรี', '72150'),
(5957, 'ไผ่กองดิน', 'บางปลาม้า', 'สุพรรณบุรี', '72150'),
(5958, 'องครักษ์', 'บางปลาม้า', 'สุพรรณบุรี', '72150'),
(5959, 'จรเข้ใหญ่', 'บางปลาม้า', 'สุพรรณบุรี', '72150'),
(5960, 'บ้านแหลม', 'บางปลาม้า', 'สุพรรณบุรี', '72150'),
(5961, 'มะขามล้ม', 'บางปลาม้า', 'สุพรรณบุรี', '72150'),
(5962, 'วังน้ำเย็น', 'บางปลาม้า', 'สุพรรณบุรี', '72150'),
(5963, 'วัดโบสถ์', 'บางปลาม้า', 'สุพรรณบุรี', '72150'),
(5964, 'วัดดาว', 'บางปลาม้า', 'สุพรรณบุรี', '72150'),
(5965, 'ศรีประจันต์', 'ศรีประจันต์', 'สุพรรณบุรี', '72140'),
(5966, 'บ้านกร่าง', 'ศรีประจันต์', 'สุพรรณบุรี', '72140'),
(5967, 'มดแดง', 'ศรีประจันต์', 'สุพรรณบุรี', '72140'),
(5968, 'บางงาม', 'ศรีประจันต์', 'สุพรรณบุรี', '72140'),
(5969, 'ดอนปรู', 'ศรีประจันต์', 'สุพรรณบุรี', '72140'),
(5970, 'ปลายนา', 'ศรีประจันต์', 'สุพรรณบุรี', '72140'),
(5971, 'วังหว้า', 'ศรีประจันต์', 'สุพรรณบุรี', '72140'),
(5972, 'วังน้ำซับ', 'ศรีประจันต์', 'สุพรรณบุรี', '72140'),
(5973, 'วังยาง', 'ศรีประจันต์', 'สุพรรณบุรี', '72140'),
(5974, 'ดอนเจดีย์', 'ดอนเจดีย์', 'สุพรรณบุรี', '72170'),
(5975, 'หนองสาหร่าย', 'ดอนเจดีย์', 'สุพรรณบุรี', '72170'),
(5976, 'ไร่รถ', 'ดอนเจดีย์', 'สุพรรณบุรี', '72170'),
(5977, 'สระกระโจม', 'ดอนเจดีย์', 'สุพรรณบุรี', '72250'),
(5978, 'ทะเลบก', 'ดอนเจดีย์', 'สุพรรณบุรี', '72170'),
(5979, 'สองพี่น้อง', 'สองพี่น้อง', 'สุพรรณบุรี', '72110'),
(5980, 'บางเลน', 'สองพี่น้อง', 'สุพรรณบุรี', '72110'),
(5981, 'บางตาเถร', 'สองพี่น้อง', 'สุพรรณบุรี', '72110'),
(5982, 'บางตะเคียน', 'สองพี่น้อง', 'สุพรรณบุรี', '72110'),
(5983, 'บ้านกุ่ม', 'สองพี่น้อง', 'สุพรรณบุรี', '72110'),
(5984, 'หัวโพธิ์', 'สองพี่น้อง', 'สุพรรณบุรี', '72110'),
(5985, 'บางพลับ', 'สองพี่น้อง', 'สุพรรณบุรี', '72110'),
(5986, 'เนินพระปรางค์', 'สองพี่น้อง', 'สุพรรณบุรี', '72110'),
(5987, 'บ้านช้าง', 'สองพี่น้อง', 'สุพรรณบุรี', '72110'),
(5988, 'ต้นตาล', 'สองพี่น้อง', 'สุพรรณบุรี', '72110'),
(5989, 'ศรีสำราญ', 'สองพี่น้อง', 'สุพรรณบุรี', '72110'),
(5990, 'ทุ่งคอก', 'สองพี่น้อง', 'สุพรรณบุรี', '72110'),
(5991, 'หนองบ่อ', 'สองพี่น้อง', 'สุพรรณบุรี', '72110'),
(5992, 'บ่อสุพรรณ', 'สองพี่น้อง', 'สุพรรณบุรี', '72190'),
(5993, 'ดอนมะนาว', 'สองพี่น้อง', 'สุพรรณบุรี', '72110'),
(5994, 'ย่านยาว', 'สามชุก', 'สุพรรณบุรี', '72130'),
(5995, 'วังลึก', 'สามชุก', 'สุพรรณบุรี', '72130'),
(5996, 'สามชุก', 'สามชุก', 'สุพรรณบุรี', '72130'),
(5997, 'หนองผักนาก', 'สามชุก', 'สุพรรณบุรี', '72130'),
(5998, 'บ้านสระ', 'สามชุก', 'สุพรรณบุรี', '72130'),
(5999, 'หนองสะเดา', 'สามชุก', 'สุพรรณบุรี', '72130'),
(6000, 'กระเสียว', 'สามชุก', 'สุพรรณบุรี', '72130'),
(6001, 'อู่ทอง', 'อู่ทอง', 'สุพรรณบุรี', '72160'),
(6002, 'สระยายโสม', 'อู่ทอง', 'สุพรรณบุรี', '72220'),
(6003, 'จรเข้สามพัน', 'อู่ทอง', 'สุพรรณบุรี', '72160'),
(6004, 'บ้านดอน', 'อู่ทอง', 'สุพรรณบุรี', '72160'),
(6005, 'ยุ้งทะลาย', 'อู่ทอง', 'สุพรรณบุรี', '72160'),
(6006, 'ดอนมะเกลือ', 'อู่ทอง', 'สุพรรณบุรี', '72220'),
(6007, 'หนองโอ่ง', 'อู่ทอง', 'สุพรรณบุรี', '72160'),
(6008, 'ดอนคา', 'อู่ทอง', 'สุพรรณบุรี', '72160'),
(6009, 'พลับพลาไชย', 'อู่ทอง', 'สุพรรณบุรี', '72160'),
(6010, 'บ้านโข้ง', 'อู่ทอง', 'สุพรรณบุรี', '72160'),
(6011, 'เจดีย์', 'อู่ทอง', 'สุพรรณบุรี', '72160'),
(6012, 'สระพังลาน', 'อู่ทอง', 'สุพรรณบุรี', '72220'),
(6013, 'กระจัน', 'อู่ทอง', 'สุพรรณบุรี', '72160'),
(6014, 'หนองหญ้าไซ', 'หนองหญ้าไซ', 'สุพรรณบุรี', '72240'),
(6015, 'หนองราชวัตร', 'หนองหญ้าไซ', 'สุพรรณบุรี', '72240'),
(6016, 'หนองโพธิ์', 'หนองหญ้าไซ', 'สุพรรณบุรี', '72240'),
(6017, 'แจงงาม', 'หนองหญ้าไซ', 'สุพรรณบุรี', '72240'),
(6018, 'หนองขาม', 'หนองหญ้าไซ', 'สุพรรณบุรี', '72240'),
(6019, 'ทัพหลวง', 'หนองหญ้าไซ', 'สุพรรณบุรี', '72240'),
(6020, 'พระปฐมเจดีย์', 'เมืองนครปฐม', 'นครปฐม', '73000'),
(6021, 'บางแขม', 'เมืองนครปฐม', 'นครปฐม', '73000'),
(6022, 'พระประโทน', 'เมืองนครปฐม', 'นครปฐม', '73000'),
(6023, 'ธรรมศาลา', 'เมืองนครปฐม', 'นครปฐม', '73000'),
(6024, 'ตาก้อง', 'เมืองนครปฐม', 'นครปฐม', '73000'),
(6025, 'มาบแค', 'เมืองนครปฐม', 'นครปฐม', '73000'),
(6026, 'สนามจันทร์', 'เมืองนครปฐม', 'นครปฐม', '73000'),
(6027, 'ดอนยายหอม', 'เมืองนครปฐม', 'นครปฐม', '73000'),
(6028, 'ถนนขาด', 'เมืองนครปฐม', 'นครปฐม', '73000'),
(6029, 'บ่อพลับ', 'เมืองนครปฐม', 'นครปฐม', '73000'),
(6030, 'นครปฐม', 'เมืองนครปฐม', 'นครปฐม', '73000'),
(6031, 'วังตะกู', 'เมืองนครปฐม', 'นครปฐม', '73000'),
(6032, 'หนองปากโลง', 'เมืองนครปฐม', 'นครปฐม', '73000'),
(6033, 'สามควายเผือก', 'เมืองนครปฐม', 'นครปฐม', '73000'),
(6034, 'ทุ่งน้อย', 'เมืองนครปฐม', 'นครปฐม', '73000'),
(6035, 'หนองดินแดง', 'เมืองนครปฐม', 'นครปฐม', '73000'),
(6036, 'วังเย็น', 'เมืองนครปฐม', 'นครปฐม', '73000'),
(6037, 'โพรงมะเดื่อ', 'เมืองนครปฐม', 'นครปฐม', '73000'),
(6038, 'ลำพยา', 'เมืองนครปฐม', 'นครปฐม', '73000'),
(6039, 'สระกะเทียม', 'เมืองนครปฐม', 'นครปฐม', '73000'),
(6040, 'สวนป่าน', 'เมืองนครปฐม', 'นครปฐม', '73000'),
(6041, 'ห้วยจรเข้', 'เมืองนครปฐม', 'นครปฐม', '73000'),
(6042, 'ทัพหลวง', 'เมืองนครปฐม', 'นครปฐม', '73000'),
(6043, 'หนองงูเหลือม', 'เมืองนครปฐม', 'นครปฐม', '73000'),
(6044, 'บ้านยาง', 'เมืองนครปฐม', 'นครปฐม', '73000'),
(6045, 'ทุ่งกระพังโหม', 'กำแพงแสน', 'นครปฐม', '73140'),
(6046, 'กระตีบ', 'กำแพงแสน', 'นครปฐม', '73180'),
(6047, 'ทุ่งลูกนก', 'กำแพงแสน', 'นครปฐม', '73140'),
(6048, 'ห้วยขวาง', 'กำแพงแสน', 'นครปฐม', '73140'),
(6049, 'ทุ่งขวาง', 'กำแพงแสน', 'นครปฐม', '73140'),
(6050, 'สระสี่มุม', 'กำแพงแสน', 'นครปฐม', '73140'),
(6051, 'ทุ่งบัว', 'กำแพงแสน', 'นครปฐม', '73140'),
(6052, 'ดอนข่อย', 'กำแพงแสน', 'นครปฐม', '73140'),
(6053, 'สระพัฒนา', 'กำแพงแสน', 'นครปฐม', '73180'),
(6054, 'ห้วยหมอนทอง', 'กำแพงแสน', 'นครปฐม', '73140'),
(6055, 'ห้วยม่วง', 'กำแพงแสน', 'นครปฐม', '73180'),
(6056, 'กำแพงแสน', 'กำแพงแสน', 'นครปฐม', '73140'),
(6057, 'รางพิกุล', 'กำแพงแสน', 'นครปฐม', '73140'),
(6058, 'หนองกระทุ่ม', 'กำแพงแสน', 'นครปฐม', '73140'),
(6059, 'วังน้ำเขียว', 'กำแพงแสน', 'นครปฐม', '73140'),
(6060, 'นครชัยศรี', 'นครชัยศรี', 'นครปฐม', '73120'),
(6061, 'บางกระเบา', 'นครชัยศรี', 'นครปฐม', '73120'),
(6062, 'วัดแค', 'นครชัยศรี', 'นครปฐม', '73120'),
(6063, 'ท่าตำหนัก', 'นครชัยศรี', 'นครปฐม', '73120'),
(6064, 'บางแก้ว', 'นครชัยศรี', 'นครปฐม', '73120'),
(6065, 'ท่ากระชับ', 'นครชัยศรี', 'นครปฐม', '73120'),
(6066, 'ขุนแก้ว', 'นครชัยศรี', 'นครปฐม', '73120'),
(6067, 'ท่าพระยา', 'นครชัยศรี', 'นครปฐม', '73120'),
(6068, 'พะเนียด', 'นครชัยศรี', 'นครปฐม', '73120'),
(6069, 'บางระกำ', 'นครชัยศรี', 'นครปฐม', '73120'),
(6070, 'โคกพระเจดีย์', 'นครชัยศรี', 'นครปฐม', '73120'),
(6071, 'ศรีษะทอง', 'นครชัยศรี', 'นครปฐม', '73120'),
(6072, 'แหลมบัว', 'นครชัยศรี', 'นครปฐม', '73120'),
(6073, 'ศรีมหาโพธิ์', 'นครชัยศรี', 'นครปฐม', '73120'),
(6074, 'สัมปทวน', 'นครชัยศรี', 'นครปฐม', '73120'),
(6075, 'วัดสำโรง', 'นครชัยศรี', 'นครปฐม', '73120'),
(6076, 'ดอนแฝก', 'นครชัยศรี', 'นครปฐม', '73120'),
(6077, 'ห้วยพลู', 'นครชัยศรี', 'นครปฐม', '73120'),
(6078, 'วัดละมุด', 'นครชัยศรี', 'นครปฐม', '73120'),
(6079, 'บางพระ', 'นครชัยศรี', 'นครปฐม', '73120'),
(6080, 'บางแก้วฟ้า', 'นครชัยศรี', 'นครปฐม', '73120'),
(6081, 'ลานตากฟ้า', 'นครชัยศรี', 'นครปฐม', '73120'),
(6082, 'งิ้วราย', 'นครชัยศรี', 'นครปฐม', '73120'),
(6083, 'ไทยาวาส', 'นครชัยศรี', 'นครปฐม', '73120'),
(6084, 'สามง่าม', 'ดอนตูม', 'นครปฐม', '73150'),
(6085, 'ห้วยพระ', 'ดอนตูม', 'นครปฐม', '73150'),
(6086, 'ลำเหย', 'ดอนตูม', 'นครปฐม', '73150'),
(6087, 'ดอนพุทรา', 'ดอนตูม', 'นครปฐม', '73150'),
(6088, 'บ้านหลวง', 'ดอนตูม', 'นครปฐม', '73150'),
(6089, 'ดอนรวก', 'ดอนตูม', 'นครปฐม', '73150'),
(6090, 'ห้วยด้วน', 'ดอนตูม', 'นครปฐม', '73150'),
(6091, 'ลำลูกบัว', 'ดอนตูม', 'นครปฐม', '73150'),
(6092, 'บางเลน', 'บางเลน', 'นครปฐม', '73130'),
(6093, 'บางปลา', 'บางเลน', 'นครปฐม', '73130'),
(6094, 'บางหลวง', 'บางเลน', 'นครปฐม', '73190'),
(6095, 'บางภาษี', 'บางเลน', 'นครปฐม', '73130'),
(6096, 'บางระกำ', 'บางเลน', 'นครปฐม', '73130'),
(6097, 'บางไทรป่า', 'บางเลน', 'นครปฐม', '73130'),
(6098, 'หินมูล', 'บางเลน', 'นครปฐม', '73190'),
(6099, 'ไทรงาม', 'บางเลน', 'นครปฐม', '73130'),
(6100, 'ดอนตูม', 'บางเลน', 'นครปฐม', '73130'),
(6101, 'นิลเพชร', 'บางเลน', 'นครปฐม', '73130'),
(6102, 'บัวปากท่า', 'บางเลน', 'นครปฐม', '73130'),
(6103, 'คลองนกกระทุง', 'บางเลน', 'นครปฐม', '73130'),
(6104, 'นราภิรมย์', 'บางเลน', 'นครปฐม', '73130'),
(6105, 'ลำพญา', 'บางเลน', 'นครปฐม', '73130'),
(6106, 'ไผ่หูช้าง', 'บางเลน', 'นครปฐม', '73130'),
(6107, 'ท่าข้าม', 'สามพราน', 'นครปฐม', '73110'),
(6108, 'ทรงคนอง', 'สามพราน', 'นครปฐม', '73210'),
(6109, 'หอมเกร็ด', 'สามพราน', 'นครปฐม', '73110'),
(6110, 'บางกระทึก', 'สามพราน', 'นครปฐม', '73210'),
(6111, 'บางเตย', 'สามพราน', 'นครปฐม', '73210'),
(6112, 'สามพราน', 'สามพราน', 'นครปฐม', '73110'),
(6113, 'บางช้าง', 'สามพราน', 'นครปฐม', '73110'),
(6114, 'ไร่ขิง', 'สามพราน', 'นครปฐม', '73210'),
(6115, 'ท่าตลาด', 'สามพราน', 'นครปฐม', '73110'),
(6116, 'กระทุ่มล้ม', 'สามพราน', 'นครปฐม', '73220'),
(6117, 'คลองใหม่', 'สามพราน', 'นครปฐม', '73110'),
(6118, 'ตลาดจินดา', 'สามพราน', 'นครปฐม', '73110'),
(6119, 'คลองจินดา', 'สามพราน', 'นครปฐม', '73110'),
(6120, 'ยายชา', 'สามพราน', 'นครปฐม', '73110'),
(6121, 'บ้านใหม่', 'สามพราน', 'นครปฐม', '73110'),
(6122, 'อ้อมใหญ่', 'สามพราน', 'นครปฐม', '73160'),
(6123, 'ศาลายา', 'พุทธมณฑล', 'นครปฐม', '73170'),
(6124, 'คลองโยง', 'พุทธมณฑล', 'นครปฐม', '73170'),
(6125, 'มหาสวัสดิ์', 'พุทธมณฑล', 'นครปฐม', '73170'),
(6126, 'มหาชัย', 'เมืองสมุทรสาคร', 'สมุทรสาคร', '74000'),
(6127, 'ท่าฉลอม', 'เมืองสมุทรสาคร', 'สมุทรสาคร', '74000'),
(6128, 'โกรกกราก', 'เมืองสมุทรสาคร', 'สมุทรสาคร', '74000'),
(6129, 'บ้านบ่อ', 'เมืองสมุทรสาคร', 'สมุทรสาคร', '74000'),
(6130, 'บางโทรัด', 'เมืองสมุทรสาคร', 'สมุทรสาคร', '74000'),
(6131, 'กาหลง', 'เมืองสมุทรสาคร', 'สมุทรสาคร', '74000'),
(6132, 'นาโคก', 'เมืองสมุทรสาคร', 'สมุทรสาคร', '74000'),
(6133, 'ท่าจีน', 'เมืองสมุทรสาคร', 'สมุทรสาคร', '74000'),
(6134, 'นาดี', 'เมืองสมุทรสาคร', 'สมุทรสาคร', '74000'),
(6135, 'ท่าทราย', 'เมืองสมุทรสาคร', 'สมุทรสาคร', '74000'),
(6136, 'คอกกระบือ', 'เมืองสมุทรสาคร', 'สมุทรสาคร', '74000'),
(6137, 'บางน้ำจืด', 'เมืองสมุทรสาคร', 'สมุทรสาคร', '74000'),
(6138, 'พันท้ายนรสิงห์', 'เมืองสมุทรสาคร', 'สมุทรสาคร', '74000'),
(6139, 'โคกขาม', 'เมืองสมุทรสาคร', 'สมุทรสาคร', '74000'),
(6140, 'บ้านเกาะ', 'เมืองสมุทรสาคร', 'สมุทรสาคร', '74000'),
(6141, 'บางกระเจ้า', 'เมืองสมุทรสาคร', 'สมุทรสาคร', '74000'),
(6142, 'บางหญ้าแพรก', 'เมืองสมุทรสาคร', 'สมุทรสาคร', '74000'),
(6143, 'ชัยมงคล', 'เมืองสมุทรสาคร', 'สมุทรสาคร', '74000'),
(6144, 'ตลาดกระทุ่มแบน', 'กระทุ่มแบน', 'สมุทรสาคร', '74110'),
(6145, 'อ้อมน้อย', 'กระทุ่มแบน', 'สมุทรสาคร', '74130'),
(6146, 'ท่าไม้', 'กระทุ่มแบน', 'สมุทรสาคร', '74110'),
(6147, 'สวนหลวง', 'กระทุ่มแบน', 'สมุทรสาคร', '74110'),
(6148, 'บางยาง', 'กระทุ่มแบน', 'สมุทรสาคร', '74110'),
(6149, 'คลองมะเดื่อ', 'กระทุ่มแบน', 'สมุทรสาคร', '74110'),
(6150, 'หนองนกไข่', 'กระทุ่มแบน', 'สมุทรสาคร', '74110'),
(6151, 'ดอนไก่ดี', 'กระทุ่มแบน', 'สมุทรสาคร', '74110'),
(6152, 'แคราย', 'กระทุ่มแบน', 'สมุทรสาคร', '74110'),
(6153, 'ท่าเสา', 'กระทุ่มแบน', 'สมุทรสาคร', '74110'),
(6154, 'บ้านแพ้ว', 'บ้านแพ้ว', 'สมุทรสาคร', '74120'),
(6155, 'หลักสาม', 'บ้านแพ้ว', 'สมุทรสาคร', '74120'),
(6156, 'ยกกระบัตร', 'บ้านแพ้ว', 'สมุทรสาคร', '74120'),
(6157, 'โรงเข้', 'บ้านแพ้ว', 'สมุทรสาคร', '74120'),
(6158, 'หนองสองห้อง', 'บ้านแพ้ว', 'สมุทรสาคร', '74120'),
(6159, 'หนองบัว', 'บ้านแพ้ว', 'สมุทรสาคร', '74120'),
(6160, 'หลักสอง', 'บ้านแพ้ว', 'สมุทรสาคร', '74120'),
(6161, 'เจ็ดริ้ว', 'บ้านแพ้ว', 'สมุทรสาคร', '74120'),
(6162, 'คลองตัน', 'บ้านแพ้ว', 'สมุทรสาคร', '74120'),
(6163, 'อำแพง', 'บ้านแพ้ว', 'สมุทรสาคร', '74120'),
(6164, 'สวนส้ม', 'บ้านแพ้ว', 'สมุทรสาคร', '74120'),
(6165, 'เกษตรพัฒนา', 'บ้านแพ้ว', 'สมุทรสาคร', '74120'),
(6166, 'แม่กลอง', 'เมืองสมุทรสงคราม', 'สมุทรสงคราม', '75000'),
(6167, 'บางขันแตก', 'เมืองสมุทรสงคราม', 'สมุทรสงคราม', '75000'),
(6168, 'ลาดใหญ่', 'เมืองสมุทรสงคราม', 'สมุทรสงคราม', '75000'),
(6169, 'บ้านปรก', 'เมืองสมุทรสงคราม', 'สมุทรสงคราม', '75000'),
(6170, 'บางแก้ว', 'เมืองสมุทรสงคราม', 'สมุทรสงคราม', '75000'),
(6171, 'ท้ายหาด', 'เมืองสมุทรสงคราม', 'สมุทรสงคราม', '75000'),
(6172, 'แหลมใหญ่', 'เมืองสมุทรสงคราม', 'สมุทรสงคราม', '75000'),
(6173, 'คลองเขิน', 'เมืองสมุทรสงคราม', 'สมุทรสงคราม', '75000'),
(6174, 'คลองโคน', 'เมืองสมุทรสงคราม', 'สมุทรสงคราม', '75000'),
(6175, 'นางตะเคียน', 'เมืองสมุทรสงคราม', 'สมุทรสงคราม', '75000'),
(6176, 'บางจะเกร็ง', 'เมืองสมุทรสงคราม', 'สมุทรสงคราม', '75000'),
(6177, 'กระดังงา', 'บางคนที', 'สมุทรสงคราม', '75120'),
(6178, 'บางสะแก', 'บางคนที', 'สมุทรสงคราม', '75120'),
(6179, 'บางยี่รงค์', 'บางคนที', 'สมุทรสงคราม', '75120'),
(6180, 'โรงหีบ', 'บางคนที', 'สมุทรสงคราม', '75120'),
(6181, 'บางคนที', 'บางคนที', 'สมุทรสงคราม', '75120'),
(6182, 'ดอนมะโนรา', 'บางคนที', 'สมุทรสงคราม', '75120'),
(6183, 'บางพรม', 'บางคนที', 'สมุทรสงคราม', '75120'),
(6184, 'บางกุ้ง', 'บางคนที', 'สมุทรสงคราม', '75120'),
(6185, 'จอมปลวก', 'บางคนที', 'สมุทรสงคราม', '75120'),
(6186, 'บางนกแขวก', 'บางคนที', 'สมุทรสงคราม', '75120'),
(6187, 'ยายแพง', 'บางคนที', 'สมุทรสงคราม', '75120'),
(6188, 'บางกระบือ', 'บางคนที', 'สมุทรสงคราม', '75120'),
(6189, 'บ้านปราโมทย์', 'บางคนที', 'สมุทรสงคราม', '75120'),
(6190, 'อัมพวา', 'อัมพวา', 'สมุทรสงคราม', '75110'),
(6191, 'สวนหลวง', 'อัมพวา', 'สมุทรสงคราม', '75110'),
(6192, 'ท่าคา', 'อัมพวา', 'สมุทรสงคราม', '75110'),
(6193, 'วัดประดู่', 'อัมพวา', 'สมุทรสงคราม', '75110'),
(6194, 'เหมืองใหม่', 'อัมพวา', 'สมุทรสงคราม', '75110'),
(6195, 'บางช้าง', 'อัมพวา', 'สมุทรสงคราม', '75110'),
(6196, 'แควอ้อม', 'อัมพวา', 'สมุทรสงคราม', '75110'),
(6197, 'ปลายโพงพาง', 'อัมพวา', 'สมุทรสงคราม', '75110'),
(6198, 'บางแค', 'อัมพวา', 'สมุทรสงคราม', '75110'),
(6199, 'แพรกหนามแดง', 'อัมพวา', 'สมุทรสงคราม', '75110'),
(6200, 'ยี่สาร', 'อัมพวา', 'สมุทรสงคราม', '75110'),
(6201, 'บางนางลี่', 'อัมพวา', 'สมุทรสงคราม', '75110'),
(6202, 'ท่าราบ', 'เมืองเพชรบุรี', 'เพชรบุรี', '76000'),
(6203, 'คลองกระแชง', 'เมืองเพชรบุรี', 'เพชรบุรี', '76000'),
(6204, 'บางจาน', 'เมืองเพชรบุรี', 'เพชรบุรี', '76000'),
(6205, 'นาพันสาม', 'เมืองเพชรบุรี', 'เพชรบุรี', '76000'),
(6206, 'ธงชัย', 'เมืองเพชรบุรี', 'เพชรบุรี', '76000'),
(6207, 'บ้านกุ่ม', 'เมืองเพชรบุรี', 'เพชรบุรี', '76000'),
(6208, 'หนองโสน', 'เมืองเพชรบุรี', 'เพชรบุรี', '76000'),
(6209, 'ไร่ส้ม', 'เมืองเพชรบุรี', 'เพชรบุรี', '76000'),
(6210, 'เวียงคอย', 'เมืองเพชรบุรี', 'เพชรบุรี', '76000'),
(6211, 'บางจาก', 'เมืองเพชรบุรี', 'เพชรบุรี', '76000'),
(6212, 'บ้านหม้อ', 'เมืองเพชรบุรี', 'เพชรบุรี', '76000'),
(6213, 'ต้นมะม่วง', 'เมืองเพชรบุรี', 'เพชรบุรี', '76000'),
(6214, 'ช่องสะแก', 'เมืองเพชรบุรี', 'เพชรบุรี', '76000'),
(6215, 'นาวุ้ง', 'เมืองเพชรบุรี', 'เพชรบุรี', '76000'),
(6216, 'สำมะโรง', 'เมืองเพชรบุรี', 'เพชรบุรี', '76000'),
(6217, 'โพพระ', 'เมืองเพชรบุรี', 'เพชรบุรี', '76000'),
(6218, 'หาดเจ้าสำราญ', 'เมืองเพชรบุรี', 'เพชรบุรี', '76100'),
(6219, 'หัวสะพาน', 'เมืองเพชรบุรี', 'เพชรบุรี', '76000'),
(6220, 'ต้นมะพร้าว', 'เมืองเพชรบุรี', 'เพชรบุรี', '76000'),
(6221, 'วังตะโก', 'เมืองเพชรบุรี', 'เพชรบุรี', '76000'),
(6222, 'โพไร่หวาน', 'เมืองเพชรบุรี', 'เพชรบุรี', '76000'),
(6223, 'ดอนยาง', 'เมืองเพชรบุรี', 'เพชรบุรี', '76000'),
(6224, 'หนองขนาน', 'เมืองเพชรบุรี', 'เพชรบุรี', '76000'),
(6225, 'หนองพลับ', 'เมืองเพชรบุรี', 'เพชรบุรี', '76000'),
(6226, 'เขาย้อย', 'เขาย้อย', 'เพชรบุรี', '76140'),
(6227, 'สระพัง', 'เขาย้อย', 'เพชรบุรี', '76140'),
(6228, 'บางเค็ม', 'เขาย้อย', 'เพชรบุรี', '76140'),
(6229, 'ทับคาง', 'เขาย้อย', 'เพชรบุรี', '76140'),
(6230, 'หนองปลาไหล', 'เขาย้อย', 'เพชรบุรี', '76140'),
(6231, 'หนองปรง', 'เขาย้อย', 'เพชรบุรี', '76140'),
(6232, 'หนองชุมพล', 'เขาย้อย', 'เพชรบุรี', '76140'),
(6233, 'ห้วยโรง', 'เขาย้อย', 'เพชรบุรี', '76140'),
(6234, 'ห้วยท่าช้าง', 'เขาย้อย', 'เพชรบุรี', '76140'),
(6235, 'หนองชุมพลเหนือ', 'เขาย้อย', 'เพชรบุรี', '76140'),
(6236, 'หนองหญ้าปล้อง', 'หนองหญ้าปล้อง', 'เพชรบุรี', '76160'),
(6237, 'ยางน้ำกลัดเหนือ', 'หนองหญ้าปล้อง', 'เพชรบุรี', '76160'),
(6238, 'ยางน้ำกลัดใต้', 'หนองหญ้าปล้อง', 'เพชรบุรี', '76160'),
(6239, 'ท่าตะคร้อ', 'หนองหญ้าปล้อง', 'เพชรบุรี', '76160'),
(6240, 'ชะอำ', 'ชะอำ', 'เพชรบุรี', '76120'),
(6241, 'บางเก่า', 'ชะอำ', 'เพชรบุรี', '76120'),
(6242, 'นายาง', 'ชะอำ', 'เพชรบุรี', '76120'),
(6243, 'เขาใหญ่', 'ชะอำ', 'เพชรบุรี', '76120'),
(6244, 'หนองศาลา', 'ชะอำ', 'เพชรบุรี', '76120'),
(6245, 'ห้วยทรายเหนือ', 'ชะอำ', 'เพชรบุรี', '76120'),
(6246, 'ไร่ใหม่พัฒนา', 'ชะอำ', 'เพชรบุรี', '76120'),
(6247, 'สามพระยา', 'ชะอำ', 'เพชรบุรี', '76120'),
(6248, 'ดอนขุนห้วย', 'ชะอำ', 'เพชรบุรี', '76120'),
(6249, 'ท่ายาง', 'ท่ายาง', 'เพชรบุรี', '76130'),
(6250, 'ท่าคอย', 'ท่ายาง', 'เพชรบุรี', '76130'),
(6251, 'ยางหย่อง', 'ท่ายาง', 'เพชรบุรี', '76130'),
(6252, 'หนองจอก', 'ท่ายาง', 'เพชรบุรี', '76130'),
(6253, 'มาบปลาเค้า', 'ท่ายาง', 'เพชรบุรี', '76130'),
(6254, 'ท่าไม้รวก', 'ท่ายาง', 'เพชรบุรี', '76130'),
(6255, 'วังไคร้', 'ท่ายาง', 'เพชรบุรี', '76130'),
(6256, 'กลัดหลวง', 'ท่ายาง', 'เพชรบุรี', '76130'),
(6257, 'ปึกเตียน', 'ท่ายาง', 'เพชรบุรี', '76130'),
(6258, 'เขากระปุก', 'ท่ายาง', 'เพชรบุรี', '76130'),
(6259, 'ท่าแลง', 'ท่ายาง', 'เพชรบุรี', '76130'),
(6260, 'บ้านในดง', 'ท่ายาง', 'เพชรบุรี', '76130'),
(6261, 'บ้านลาด', 'บ้านลาด', 'เพชรบุรี', '76150'),
(6262, 'บ้านหาด', 'บ้านลาด', 'เพชรบุรี', '76150'),
(6263, 'บ้านทาน', 'บ้านลาด', 'เพชรบุรี', '76150'),
(6264, 'ตำหรุ', 'บ้านลาด', 'เพชรบุรี', '76150'),
(6265, 'สมอพลือ', 'บ้านลาด', 'เพชรบุรี', '76150'),
(6266, 'ไร่มะขาม', 'บ้านลาด', 'เพชรบุรี', '76150'),
(6267, 'ท่าเสน', 'บ้านลาด', 'เพชรบุรี', '76150'),
(6268, 'หนองกระเจ็ด', 'บ้านลาด', 'เพชรบุรี', '76150'),
(6269, 'หนองกะปุ', 'บ้านลาด', 'เพชรบุรี', '76150'),
(6270, 'ลาดโพธิ์', 'บ้านลาด', 'เพชรบุรี', '76150'),
(6271, 'สะพานไกร', 'บ้านลาด', 'เพชรบุรี', '76150'),
(6272, 'ไร่โคก', 'บ้านลาด', 'เพชรบุรี', '76150'),
(6273, 'โรงเข้', 'บ้านลาด', 'เพชรบุรี', '76150'),
(6274, 'ไร่สะท้อน', 'บ้านลาด', 'เพชรบุรี', '76150'),
(6275, 'ห้วยข้อง', 'บ้านลาด', 'เพชรบุรี', '76150'),
(6276, 'ท่าช้าง', 'บ้านลาด', 'เพชรบุรี', '76150'),
(6277, 'ถ้ำรงค์', 'บ้านลาด', 'เพชรบุรี', '76150'),
(6278, 'ห้วยลึก', 'บ้านลาด', 'เพชรบุรี', '76150'),
(6279, 'บ้านแหลม', 'บ้านแหลม', 'เพชรบุรี', '76110'),
(6280, 'บางขุนไทร', 'บ้านแหลม', 'เพชรบุรี', '76110'),
(6281, 'ปากทะเล', 'บ้านแหลม', 'เพชรบุรี', '76110'),
(6282, 'บางแก้ว', 'บ้านแหลม', 'เพชรบุรี', '76110'),
(6283, 'แหลมผักเบี้ย', 'บ้านแหลม', 'เพชรบุรี', '76100'),
(6284, 'บางตะบูน', 'บ้านแหลม', 'เพชรบุรี', '76110'),
(6285, 'บางตะบูนออก', 'บ้านแหลม', 'เพชรบุรี', '76110'),
(6286, 'บางครก', 'บ้านแหลม', 'เพชรบุรี', '76110'),
(6287, 'ท่าแร้ง', 'บ้านแหลม', 'เพชรบุรี', '76110'),
(6288, 'ท่าแร้งออก', 'บ้านแหลม', 'เพชรบุรี', '76110'),
(6289, 'แก่งกระจาน', 'แก่งกระจาน', 'เพชรบุรี', '76170'),
(6290, 'สองพี่น้อง', 'แก่งกระจาน', 'เพชรบุรี', '76170'),
(6291, 'วังจันทร์', 'แก่งกระจาน', 'เพชรบุรี', '76170'),
(6292, 'ป่าเด็ง', 'แก่งกระจาน', 'เพชรบุรี', '76170'),
(6293, 'พุสวรรค์', 'แก่งกระจาน', 'เพชรบุรี', '76170'),
(6294, 'ห้วยแม่เพรียง', 'แก่งกระจาน', 'เพชรบุรี', '76170'),
(6295, 'ประจวบคีรีขันธ์', 'เมืองประจวบคีรีขันธ์', 'ประจวบคีรีขันธ์', '77000'),
(6296, 'เกาะหลัก', 'เมืองประจวบคีรีขันธ์', 'ประจวบคีรีขันธ์', '77000'),
(6297, 'คลองวาฬ', 'เมืองประจวบคีรีขันธ์', 'ประจวบคีรีขันธ์', '77000'),
(6298, 'ห้วยทราย', 'เมืองประจวบคีรีขันธ์', 'ประจวบคีรีขันธ์', '77000'),
(6299, 'อ่าวน้อย', 'เมืองประจวบคีรีขันธ์', 'ประจวบคีรีขันธ์', '77000'),
(6300, 'บ่อนอก', 'เมืองประจวบคีรีขันธ์', 'ประจวบคีรีขันธ์', '77210'),
(6301, 'กุยบุรี', 'กุยบุรี', 'ประจวบคีรีขันธ์', '77150'),
(6302, 'กุยเหนือ', 'กุยบุรี', 'ประจวบคีรีขันธ์', '77150'),
(6303, 'เขาแดง', 'กุยบุรี', 'ประจวบคีรีขันธ์', '77150'),
(6304, 'ดอนยายหนู', 'กุยบุรี', 'ประจวบคีรีขันธ์', '77150'),
(6305, 'สามกระทาย', 'กุยบุรี', 'ประจวบคีรีขันธ์', '77150'),
(6306, 'หาดขาม', 'กุยบุรี', 'ประจวบคีรีขันธ์', '77150'),
(6307, 'ทับสะแก', 'ทับสะแก', 'ประจวบคีรีขันธ์', '77130'),
(6308, 'อ่างทอง', 'ทับสะแก', 'ประจวบคีรีขันธ์', '77130'),
(6309, 'นาหูกวาง', 'ทับสะแก', 'ประจวบคีรีขันธ์', '77130'),
(6310, 'เขาล้าน', 'ทับสะแก', 'ประจวบคีรีขันธ์', '77130'),
(6311, 'ห้วยยาง', 'ทับสะแก', 'ประจวบคีรีขันธ์', '77130'),
(6312, 'แสงอรุณ', 'ทับสะแก', 'ประจวบคีรีขันธ์', '77130'),
(6313, 'กำเนิดนพคุณ', 'บางสะพาน', 'ประจวบคีรีขันธ์', '77140'),
(6314, 'พงศ์ประศาสน์', 'บางสะพาน', 'ประจวบคีรีขันธ์', '77140'),
(6315, 'ร่อนทอง', 'บางสะพาน', 'ประจวบคีรีขันธ์', '77230'),
(6316, 'ธงชัย', 'บางสะพาน', 'ประจวบคีรีขันธ์', '77190'),
(6317, 'ชัยเกษม', 'บางสะพาน', 'ประจวบคีรีขันธ์', '77190'),
(6318, 'ทองมงคล', 'บางสะพาน', 'ประจวบคีรีขันธ์', '77230'),
(6319, 'แม่รำพึง', 'บางสะพาน', 'ประจวบคีรีขันธ์', '77140'),
(6320, 'ปากแพรก', 'บางสะพานน้อย', 'ประจวบคีรีขันธ์', '77170'),
(6321, 'บางสะพาน', 'บางสะพานน้อย', 'ประจวบคีรีขันธ์', '77170'),
(6322, 'ทรายทอง', 'บางสะพานน้อย', 'ประจวบคีรีขันธ์', '77170'),
(6323, 'ช้างแรก', 'บางสะพานน้อย', 'ประจวบคีรีขันธ์', '77170'),
(6324, 'ไชยราช', 'บางสะพานน้อย', 'ประจวบคีรีขันธ์', '77170'),
(6325, 'ปราณบุรี', 'ปราณบุรี', 'ประจวบคีรีขันธ์', '77120'),
(6326, 'เขาน้อย', 'ปราณบุรี', 'ประจวบคีรีขันธ์', '77120'),
(6327, 'ปากน้ำปราณ', 'ปราณบุรี', 'ประจวบคีรีขันธ์', '77220'),
(6328, 'หนองตาแต้ม', 'ปราณบุรี', 'ประจวบคีรีขันธ์', '77120'),
(6329, 'วังก์พง', 'ปราณบุรี', 'ประจวบคีรีขันธ์', '77120'),
(6330, 'เขาจ้าว', 'ปราณบุรี', 'ประจวบคีรีขันธ์', '77120'),
(6331, 'หัวหิน', 'หัวหิน', 'ประจวบคีรีขันธ์', '77110'),
(6332, 'หนองแก', 'หัวหิน', 'ประจวบคีรีขันธ์', '77110'),
(6333, 'หินเหล็กไฟ', 'หัวหิน', 'ประจวบคีรีขันธ์', '77110'),
(6334, 'หนองพลับ', 'หัวหิน', 'ประจวบคีรีขันธ์', '77110'),
(6335, 'ทับใต้', 'หัวหิน', 'ประจวบคีรีขันธ์', '77110'),
(6336, 'ห้วยสัตว์ใหญ่', 'หัวหิน', 'ประจวบคีรีขันธ์', '77110'),
(6337, 'บึงนคร', 'หัวหิน', 'ประจวบคีรีขันธ์', '77110'),
(6338, 'สามร้อยยอด', 'สามร้อยยอด', 'ประจวบคีรีขันธ์', '77120'),
(6339, 'ศิลาลอย', 'สามร้อยยอด', 'ประจวบคีรีขันธ์', '77180'),
(6340, 'ไร่เก่า', 'สามร้อยยอด', 'ประจวบคีรีขันธ์', '77180'),
(6341, 'ศาลาลัย', 'สามร้อยยอด', 'ประจวบคีรีขันธ์', '77180'),
(6342, 'ไร่ใหม่', 'สามร้อยยอด', 'ประจวบคีรีขันธ์', '77180'),
(6343, 'ในเมือง', 'เมืองนครศรีธรรมราช', 'นครศรีธรรมราช', '80000'),
(6344, 'ท่าวัง', 'เมืองนครศรีธรรมราช', 'นครศรีธรรมราช', '80000'),
(6345, 'คลัง', 'เมืองนครศรีธรรมราช', 'นครศรีธรรมราช', '80000'),
(6346, 'ท่าไร่', 'เมืองนครศรีธรรมราช', 'นครศรีธรรมราช', '80000'),
(6347, 'ปากนคร', 'เมืองนครศรีธรรมราช', 'นครศรีธรรมราช', '80000'),
(6348, 'นาทราย', 'เมืองนครศรีธรรมราช', 'นครศรีธรรมราช', '80280'),
(6349, 'กำแพงเซา', 'เมืองนครศรีธรรมราช', 'นครศรีธรรมราช', '80280'),
(6350, 'ไชยมนตรี', 'เมืองนครศรีธรรมราช', 'นครศรีธรรมราช', '80000'),
(6351, 'มะม่วงสองต้น', 'เมืองนครศรีธรรมราช', 'นครศรีธรรมราช', '80000'),
(6352, 'นาเคียน', 'เมืองนครศรีธรรมราช', 'นครศรีธรรมราช', '80000'),
(6353, 'ท่างิ้ว', 'เมืองนครศรีธรรมราช', 'นครศรีธรรมราช', '80280'),
(6354, 'โพธิ์เสด็จ', 'เมืองนครศรีธรรมราช', 'นครศรีธรรมราช', '80000'),
(6355, 'บางจาก', 'เมืองนครศรีธรรมราช', 'นครศรีธรรมราช', '80330'),
(6356, 'ปากพูน', 'เมืองนครศรีธรรมราช', 'นครศรีธรรมราช', '80000'),
(6357, 'ท่าซัก', 'เมืองนครศรีธรรมราช', 'นครศรีธรรมราช', '80000'),
(6358, 'ท่าเรือ', 'เมืองนครศรีธรรมราช', 'นครศรีธรรมราช', '80000'),
(6359, 'พรหมโลก', 'พรหมคีรี', 'นครศรีธรรมราช', '80320'),
(6360, 'บ้านเกาะ', 'พรหมคีรี', 'นครศรีธรรมราช', '80320'),
(6361, 'อินคีรี', 'พรหมคีรี', 'นครศรีธรรมราช', '80320'),
(6362, 'ทอนหงส์', 'พรหมคีรี', 'นครศรีธรรมราช', '80320'),
(6363, 'นาเรียง', 'พรหมคีรี', 'นครศรีธรรมราช', '80320'),
(6364, 'เขาแก้ว', 'ลานสกา', 'นครศรีธรรมราช', '80230'),
(6365, 'ลานสกา', 'ลานสกา', 'นครศรีธรรมราช', '80230'),
(6366, 'ท่าดี', 'ลานสกา', 'นครศรีธรรมราช', '80230'),
(6367, 'กำโลน', 'ลานสกา', 'นครศรีธรรมราช', '80230'),
(6368, 'ขุนทะเล', 'ลานสกา', 'นครศรีธรรมราช', '80230'),
(6369, 'ฉวาง', 'ฉวาง', 'นครศรีธรรมราช', '80150'),
(6370, 'ละอาย', 'ฉวาง', 'นครศรีธรรมราช', '80250'),
(6371, 'นาแว', 'ฉวาง', 'นครศรีธรรมราช', '80150'),
(6372, 'ไม้เรียง', 'ฉวาง', 'นครศรีธรรมราช', '80150'),
(6373, 'กะเปียด', 'ฉวาง', 'นครศรีธรรมราช', '80260'),
(6374, 'นากะชะ', 'ฉวาง', 'นครศรีธรรมราช', '80150'),
(6375, 'ห้วยปริก', 'ฉวาง', 'นครศรีธรรมราช', '80260'),
(6376, 'ไสหร้า', 'ฉวาง', 'นครศรีธรรมราช', '80150'),
(6377, 'นาเขลียง', 'ฉวาง', 'นครศรีธรรมราช', '80260'),
(6378, 'จันดี', 'ฉวาง', 'นครศรีธรรมราช', '80250'),
(6379, 'พิปูน', 'พิปูน', 'นครศรีธรรมราช', '80270'),
(6380, 'กะทูน', 'พิปูน', 'นครศรีธรรมราช', '80270'),
(6381, 'เขาพระ', 'พิปูน', 'นครศรีธรรมราช', '80270'),
(6382, 'ยางค้อม', 'พิปูน', 'นครศรีธรรมราช', '80270'),
(6383, 'ควนกลาง', 'พิปูน', 'นครศรีธรรมราช', '80270'),
(6384, 'เชียรใหญ่', 'เชียรใหญ่', 'นครศรีธรรมราช', '80190'),
(6385, 'ท่าขนาน', 'เชียรใหญ่', 'นครศรีธรรมราช', '80190'),
(6386, 'บ้านกลาง', 'เชียรใหญ่', 'นครศรีธรรมราช', '80190'),
(6387, 'บ้านเนิน', 'เชียรใหญ่', 'นครศรีธรรมราช', '80190'),
(6388, 'ไสหมาก', 'เชียรใหญ่', 'นครศรีธรรมราช', '80190'),
(6389, 'ท้องลำเจียก', 'เชียรใหญ่', 'นครศรีธรรมราช', '80190'),
(6390, 'เสือหึง', 'เชียรใหญ่', 'นครศรีธรรมราช', '80190'),
(6391, 'การะเกด', 'เชียรใหญ่', 'นครศรีธรรมราช', '80190'),
(6392, 'เขาพระบาท', 'เชียรใหญ่', 'นครศรีธรรมราช', '80190'),
(6393, 'แม่เจ้าอยู่หัว', 'เชียรใหญ่', 'นครศรีธรรมราช', '80190'),
(6394, 'ชะอวด', 'ชะอวด', 'นครศรีธรรมราช', '80180'),
(6395, 'ท่าเสม็ด', 'ชะอวด', 'นครศรีธรรมราช', '80180'),
(6396, 'ท่าประจะ', 'ชะอวด', 'นครศรีธรรมราช', '80180'),
(6397, 'เคร็ง', 'ชะอวด', 'นครศรีธรรมราช', '80180'),
(6398, 'วังอ่าง', 'ชะอวด', 'นครศรีธรรมราช', '80180'),
(6399, 'บ้านตูล', 'ชะอวด', 'นครศรีธรรมราช', '80180'),
(6400, 'ขอนหาด', 'ชะอวด', 'นครศรีธรรมราช', '80180'),
(6401, 'เกาะขันธ์', 'ชะอวด', 'นครศรีธรรมราช', '80180'),
(6402, 'ควนหนองหงษ์', 'ชะอวด', 'นครศรีธรรมราช', '80180'),
(6403, 'เขาพระทอง', 'ชะอวด', 'นครศรีธรรมราช', '80180'),
(6404, 'นางหลง', 'ชะอวด', 'นครศรีธรรมราช', '80180'),
(6405, 'ท่าศาลา', 'ท่าศาลา', 'นครศรีธรรมราช', '80160'),
(6406, 'กลาย', 'ท่าศาลา', 'นครศรีธรรมราช', '80160'),
(6407, 'ท่าขึ้น', 'ท่าศาลา', 'นครศรีธรรมราช', '80160'),
(6408, 'หัวตะพาน', 'ท่าศาลา', 'นครศรีธรรมราช', '80160'),
(6409, 'สระแก้ว', 'ท่าศาลา', 'นครศรีธรรมราช', '80160'),
(6410, 'โมคลาน', 'ท่าศาลา', 'นครศรีธรรมราช', '80160'),
(6411, 'ไทยบุรี', 'ท่าศาลา', 'นครศรีธรรมราช', '80160'),
(6412, 'ดอนตะโก', 'ท่าศาลา', 'นครศรีธรรมราช', '80160'),
(6413, 'ตลิ่งชัน', 'ท่าศาลา', 'นครศรีธรรมราช', '80160'),
(6414, 'โพธิ์ทอง', 'ท่าศาลา', 'นครศรีธรรมราช', '80160'),
(6415, 'ปากแพรก', 'ทุ่งสง', 'นครศรีธรรมราช', '80110'),
(6416, 'ชะมาย', 'ทุ่งสง', 'นครศรีธรรมราช', '80110'),
(6417, 'หนองหงส์', 'ทุ่งสง', 'นครศรีธรรมราช', '80110'),
(6418, 'ควนกรด', 'ทุ่งสง', 'นครศรีธรรมราช', '80110'),
(6419, 'นาไม้ไผ่', 'ทุ่งสง', 'นครศรีธรรมราช', '80110'),
(6420, 'นาหลวงเสน', 'ทุ่งสง', 'นครศรีธรรมราช', '80110'),
(6421, 'เขาโร', 'ทุ่งสง', 'นครศรีธรรมราช', '80110'),
(6422, 'กะปาง', 'ทุ่งสง', 'นครศรีธรรมราช', '80310'),
(6423, 'ที่วัง', 'ทุ่งสง', 'นครศรีธรรมราช', '80110'),
(6424, 'น้ำตก', 'ทุ่งสง', 'นครศรีธรรมราช', '80110'),
(6425, 'ถ้ำใหญ่', 'ทุ่งสง', 'นครศรีธรรมราช', '80110'),
(6426, 'นาโพธิ์', 'ทุ่งสง', 'นครศรีธรรมราช', '80110'),
(6427, 'เขาขาว', 'ทุ่งสง', 'นครศรีธรรมราช', '80110'),
(6428, 'นาบอน', 'นาบอน', 'นครศรีธรรมราช', '80220'),
(6429, 'ทุ่งสง', 'นาบอน', 'นครศรีธรรมราช', '80220'),
(6430, 'แก้วแสน', 'นาบอน', 'นครศรีธรรมราช', '80220'),
(6431, 'ท่ายาง', 'ทุ่งใหญ่', 'นครศรีธรรมราช', '80240'),
(6432, 'ทุ่งสัง', 'ทุ่งใหญ่', 'นครศรีธรรมราช', '80240'),
(6433, 'ทุ่งใหญ่', 'ทุ่งใหญ่', 'นครศรีธรรมราช', '80240'),
(6434, 'กุแหระ', 'ทุ่งใหญ่', 'นครศรีธรรมราช', '80240'),
(6435, 'ปริก', 'ทุ่งใหญ่', 'นครศรีธรรมราช', '80240'),
(6436, 'บางรูป', 'ทุ่งใหญ่', 'นครศรีธรรมราช', '80240'),
(6437, 'กรุงหยัน', 'ทุ่งใหญ่', 'นครศรีธรรมราช', '80240'),
(6438, 'ปากพนัง', 'ปากพนัง', 'นครศรีธรรมราช', '80140'),
(6439, 'คลองน้อย', 'ปากพนัง', 'นครศรีธรรมราช', '80330'),
(6440, 'ป่าระกำ', 'ปากพนัง', 'นครศรีธรรมราช', '80140'),
(6441, 'ชะเมา', 'ปากพนัง', 'นครศรีธรรมราช', '80330'),
(6442, 'คลองกระบือ', 'ปากพนัง', 'นครศรีธรรมราช', '80140'),
(6443, 'เกาะทวด', 'ปากพนัง', 'นครศรีธรรมราช', '80330'),
(6444, 'บ้านใหม่', 'ปากพนัง', 'นครศรีธรรมราช', '80140'),
(6445, 'หูล่อง', 'ปากพนัง', 'นครศรีธรรมราช', '80140'),
(6446, 'แหลมตะลุมพุก', 'ปากพนัง', 'นครศรีธรรมราช', '80140'),
(6447, 'ปากพนังฝั่งตะวันตก', 'ปากพนัง', 'นครศรีธรรมราช', '80140'),
(6448, 'บางศาลา', 'ปากพนัง', 'นครศรีธรรมราช', '80140'),
(6449, 'บางพระ', 'ปากพนัง', 'นครศรีธรรมราช', '80140'),
(6450, 'บางตะพง', 'ปากพนัง', 'นครศรีธรรมราช', '80140'),
(6451, 'ปากพนังฝั่งตะวันออก', 'ปากพนัง', 'นครศรีธรรมราช', '80140'),
(6452, 'บ้านเพิง', 'ปากพนัง', 'นครศรีธรรมราช', '80140'),
(6453, 'ท่าพยา', 'ปากพนัง', 'นครศรีธรรมราช', '80140'),
(6454, 'ปากแพรก', 'ปากพนัง', 'นครศรีธรรมราช', '80140'),
(6455, 'ขนาบนาก', 'ปากพนัง', 'นครศรีธรรมราช', '80140'),
(6456, 'ร่อนพิบูลย์', 'ร่อนพิบูลย์', 'นครศรีธรรมราช', '80130'),
(6457, 'หินตก', 'ร่อนพิบูลย์', 'นครศรีธรรมราช', '80350'),
(6458, 'เสาธง', 'ร่อนพิบูลย์', 'นครศรีธรรมราช', '80350'),
(6459, 'ควนเกย', 'ร่อนพิบูลย์', 'นครศรีธรรมราช', '80130'),
(6460, 'ควนพัง', 'ร่อนพิบูลย์', 'นครศรีธรรมราช', '80130'),
(6461, 'ควนชุม', 'ร่อนพิบูลย์', 'นครศรีธรรมราช', '80130'),
(6462, 'สิชล', 'สิชล', 'นครศรีธรรมราช', '80120'),
(6463, 'ทุ่งปรัง', 'สิชล', 'นครศรีธรรมราช', '80120'),
(6464, 'ฉลอง', 'สิชล', 'นครศรีธรรมราช', '80120'),
(6465, 'เสาเภา', 'สิชล', 'นครศรีธรรมราช', '80340'),
(6466, 'เปลี่ยน', 'สิชล', 'นครศรีธรรมราช', '80120'),
(6467, 'สี่ขีด', 'สิชล', 'นครศรีธรรมราช', '80120'),
(6468, 'เทพราช', 'สิชล', 'นครศรีธรรมราช', '80340'),
(6469, 'เขาน้อย', 'สิชล', 'นครศรีธรรมราช', '80120'),
(6470, 'ทุ่งใส', 'สิชล', 'นครศรีธรรมราช', '80120'),
(6471, 'ขนอม', 'ขนอม', 'นครศรีธรรมราช', '80210'),
(6472, 'ควนทอง', 'ขนอม', 'นครศรีธรรมราช', '80210'),
(6473, 'ท้องเนียน', 'ขนอม', 'นครศรีธรรมราช', '80210'),
(6474, 'หัวไทร', 'หัวไทร', 'นครศรีธรรมราช', '80170'),
(6475, 'หน้าสตน', 'หัวไทร', 'นครศรีธรรมราช', '80170'),
(6476, 'ทรายขาว', 'หัวไทร', 'นครศรีธรรมราช', '80170'),
(6477, 'แหลม', 'หัวไทร', 'นครศรีธรรมราช', '80170'),
(6478, 'เขาพังไกร', 'หัวไทร', 'นครศรีธรรมราช', '80170'),
(6479, 'บ้านราม', 'หัวไทร', 'นครศรีธรรมราช', '80170'),
(6480, 'บางนบ', 'หัวไทร', 'นครศรีธรรมราช', '80170'),
(6481, 'ท่าซอม', 'หัวไทร', 'นครศรีธรรมราช', '80170'),
(6482, 'ควนชะลิก', 'หัวไทร', 'นครศรีธรรมราช', '80170'),
(6483, 'รามแก้ว', 'หัวไทร', 'นครศรีธรรมราช', '80170'),
(6484, 'เกาะเพชร', 'หัวไทร', 'นครศรีธรรมราช', '80170'),
(6485, 'บางขัน', 'บางขัน', 'นครศรีธรรมราช', '80360'),
(6486, 'บ้านลำนาว', 'บางขัน', 'นครศรีธรรมราช', '80360'),
(6487, 'วังหิน', 'บางขัน', 'นครศรีธรรมราช', '80360'),
(6488, 'บ้านนิคม', 'บางขัน', 'นครศรีธรรมราช', '80360'),
(6489, 'ถ้ำพรรณรา', 'ถ้ำพรรณรา', 'นครศรีธรรมราช', '80260'),
(6490, 'คลองเส', 'ถ้ำพรรณรา', 'นครศรีธรรมราช', '80260'),
(6491, 'ดุสิต', 'ถ้ำพรรณรา', 'นครศรีธรรมราช', '80260'),
(6492, 'บ้านควนมุด', 'จุฬาภรณ์', 'นครศรีธรรมราช', '80180'),
(6493, 'บ้านชะอวด', 'จุฬาภรณ์', 'นครศรีธรรมราช', '80180'),
(6494, 'ควนหนองคว้า', 'จุฬาภรณ์', 'นครศรีธรรมราช', '80130'),
(6495, 'ทุ่งโพธิ์', 'จุฬาภรณ์', 'นครศรีธรรมราช', '80130'),
(6496, 'นาหมอบุญ', 'จุฬาภรณ์', 'นครศรีธรรมราช', '80130'),
(6497, 'สามตำบล', 'จุฬาภรณ์', 'นครศรีธรรมราช', '80130'),
(6498, 'นาพรุ', 'พระพรหม', 'นครศรีธรรมราช', '80000'),
(6499, 'นาสาร', 'พระพรหม', 'นครศรีธรรมราช', '80000'),
(6500, 'ท้ายสำเภา', 'พระพรหม', 'นครศรีธรรมราช', '80000'),
(6501, 'ช้างซ้าย', 'พระพรหม', 'นครศรีธรรมราช', '80000'),
(6502, 'นบพิตำ', 'นบพิตำ', 'นครศรีธรรมราช', '80160'),
(6503, 'กรุงชิง', 'นบพิตำ', 'นครศรีธรรมราช', '80160'),
(6504, 'กะหรอ', 'นบพิตำ', 'นครศรีธรรมราช', '80160'),
(6505, 'นาเหรง', 'นบพิตำ', 'นครศรีธรรมราช', '80160'),
(6506, 'ช้างกลาง', 'ช้างกลาง', 'นครศรีธรรมราช', '80250'),
(6507, 'หลักช้าง', 'ช้างกลาง', 'นครศรีธรรมราช', '80250'),
(6508, 'สวนขัน', 'ช้างกลาง', 'นครศรีธรรมราช', '80250'),
(6509, 'เชียรเขา', 'เฉลิมพระเกียรติ', 'นครศรีธรรมราช', '80190'),
(6510, 'ดอนตรอ', 'เฉลิมพระเกียรติ', 'นครศรีธรรมราช', '80290'),
(6511, 'สวนหลวง', 'เฉลิมพระเกียรติ', 'นครศรีธรรมราช', '80190'),
(6512, 'ทางพูน', 'เฉลิมพระเกียรติ', 'นครศรีธรรมราช', '80290'),
(6513, 'ปากน้ำ', 'เมืองกระบี่', 'กระบี่', '81000'),
(6514, 'กระบี่ใหญ่', 'เมืองกระบี่', 'กระบี่', '81000'),
(6515, 'กระบี่น้อย', 'เมืองกระบี่', 'กระบี่', '81000'),
(6516, 'เขาคราม', 'เมืองกระบี่', 'กระบี่', '81000'),
(6517, 'เขาทอง', 'เมืองกระบี่', 'กระบี่', '81000'),
(6518, 'ทับปริก', 'เมืองกระบี่', 'กระบี่', '81000'),
(6519, 'ไสไทย', 'เมืองกระบี่', 'กระบี่', '81000'),
(6520, 'อ่าวนาง', 'เมืองกระบี่', 'กระบี่', '81000'),
(6521, 'หนองทะเล', 'เมืองกระบี่', 'กระบี่', '81000'),
(6522, 'คลองประสงค์', 'เมืองกระบี่', 'กระบี่', '81000'),
(6523, 'เขาพนม', 'เขาพนม', 'กระบี่', '81140'),
(6524, 'เขาดิน', 'เขาพนม', 'กระบี่', '81140'),
(6525, 'สินปุน', 'เขาพนม', 'กระบี่', '80240'),
(6526, 'พรุเตียว', 'เขาพนม', 'กระบี่', '81140'),
(6527, 'หน้าเขา', 'เขาพนม', 'กระบี่', '81140'),
(6528, 'โคกหาร', 'เขาพนม', 'กระบี่', '80240'),
(6529, 'เกาะลันตาใหญ่', 'เกาะลันตา', 'กระบี่', '81150'),
(6530, 'เกาะลันตาน้อย', 'เกาะลันตา', 'กระบี่', '81150'),
(6531, 'เกาะกลาง', 'เกาะลันตา', 'กระบี่', '81120'),
(6532, 'คลองยาง', 'เกาะลันตา', 'กระบี่', '81120'),
(6533, 'ศาลาด่าน', 'เกาะลันตา', 'กระบี่', '81150'),
(6534, 'คลองท่อมใต้', 'คลองท่อม', 'กระบี่', '81120'),
(6535, 'คลองท่อมเหนือ', 'คลองท่อม', 'กระบี่', '81120'),
(6536, 'คลองพน', 'คลองท่อม', 'กระบี่', '81170'),
(6537, 'ทรายขาว', 'คลองท่อม', 'กระบี่', '81170'),
(6538, 'ห้วยน้ำขาว', 'คลองท่อม', 'กระบี่', '81120'),
(6539, 'พรุดินนา', 'คลองท่อม', 'กระบี่', '81120'),
(6540, 'เพหลา', 'คลองท่อม', 'กระบี่', '81120'),
(6541, 'อ่าวลึกใต้', 'อ่าวลึก', 'กระบี่', '81110'),
(6542, 'แหลมสัก', 'อ่าวลึก', 'กระบี่', '81110'),
(6543, 'นาเหนือ', 'อ่าวลึก', 'กระบี่', '81110'),
(6544, 'คลองหิน', 'อ่าวลึก', 'กระบี่', '81110'),
(6545, 'อ่าวลึกน้อย', 'อ่าวลึก', 'กระบี่', '81110'),
(6546, 'อ่าวลึกเหนือ', 'อ่าวลึก', 'กระบี่', '81110'),
(6547, 'เขาใหญ่', 'อ่าวลึก', 'กระบี่', '81110'),
(6548, 'คลองยา', 'อ่าวลึก', 'กระบี่', '81110'),
(6549, 'บ้านกลาง', 'อ่าวลึก', 'กระบี่', '81110'),
(6550, 'ปลายพระยา', 'ปลายพระยา', 'กระบี่', '81160'),
(6551, 'เขาเขน', 'ปลายพระยา', 'กระบี่', '81160'),
(6552, 'เขาต่อ', 'ปลายพระยา', 'กระบี่', '81160'),
(6553, 'คีรีวง', 'ปลายพระยา', 'กระบี่', '81160'),
(6554, 'ลำทับ', 'ลำทับ', 'กระบี่', '81120'),
(6555, 'ดินอุดม', 'ลำทับ', 'กระบี่', '81120'),
(6556, 'ทุ่งไทรทอง', 'ลำทับ', 'กระบี่', '81120'),
(6557, 'ดินแดง', 'ลำทับ', 'กระบี่', '81120'),
(6558, 'เหนือคลอง', 'เหนือคลอง', 'กระบี่', '81130'),
(6559, 'เกาะศรีบอยา', 'เหนือคลอง', 'กระบี่', '81130'),
(6560, 'คลองขนาน', 'เหนือคลอง', 'กระบี่', '81130'),
(6561, 'คลองเขม้า', 'เหนือคลอง', 'กระบี่', '81130'),
(6562, 'โคกยาง', 'เหนือคลอง', 'กระบี่', '81130'),
(6563, 'ตลิ่งชัน', 'เหนือคลอง', 'กระบี่', '81130'),
(6564, 'ปกาสัย', 'เหนือคลอง', 'กระบี่', '81130'),
(6565, 'ห้วยยูง', 'เหนือคลอง', 'กระบี่', '81130'),
(6566, 'ท้ายช้าง', 'เมืองพังงา', 'พังงา', '82000'),
(6567, 'นบปริง', 'เมืองพังงา', 'พังงา', '82000'),
(6568, 'ถ้ำน้ำผุด', 'เมืองพังงา', 'พังงา', '82000'),
(6569, 'บางเตย', 'เมืองพังงา', 'พังงา', '82000'),
(6570, 'ตากแดด', 'เมืองพังงา', 'พังงา', '82000'),
(6571, 'สองแพรก', 'เมืองพังงา', 'พังงา', '82000'),
(6572, 'ทุ่งคาโงก', 'เมืองพังงา', 'พังงา', '82000'),
(6573, 'เกาะปันหยี', 'เมืองพังงา', 'พังงา', '82000'),
(6574, 'ป่ากอ', 'เมืองพังงา', 'พังงา', '82000'),
(6575, 'เกาะยาวน้อย', 'เกาะยาว', 'พังงา', '82160'),
(6576, 'เกาะยาวใหญ่', 'เกาะยาว', 'พังงา', '82160'),
(6577, 'พรุใน', 'เกาะยาว', 'พังงา', '83000'),
(6578, 'กะปง', 'กะปง', 'พังงา', '82170'),
(6579, 'ท่านา', 'กะปง', 'พังงา', '82170'),
(6580, 'เหมาะ', 'กะปง', 'พังงา', '82170'),
(6581, 'เหล', 'กะปง', 'พังงา', '82170'),
(6582, 'รมณีย์', 'กะปง', 'พังงา', '82170'),
(6583, 'ถ้ำ', 'ตะกั่วทุ่ง', 'พังงา', '82130'),
(6584, 'กระโสม', 'ตะกั่วทุ่ง', 'พังงา', '82130'),
(6585, 'กะไหล', 'ตะกั่วทุ่ง', 'พังงา', '82130'),
(6586, 'ท่าอยู่', 'ตะกั่วทุ่ง', 'พังงา', '82130'),
(6587, 'หล่อยูง', 'ตะกั่วทุ่ง', 'พังงา', '82140'),
(6588, 'โคกกลอย', 'ตะกั่วทุ่ง', 'พังงา', '82140'),
(6589, 'คลองเคียน', 'ตะกั่วทุ่ง', 'พังงา', '82130'),
(6590, 'ตะกั่วป่า', 'ตะกั่วป่า', 'พังงา', '82110'),
(6591, 'บางนายสี', 'ตะกั่วป่า', 'พังงา', '82110'),
(6592, 'บางไทร', 'ตะกั่วป่า', 'พังงา', '82110'),
(6593, 'บางม่วง', 'ตะกั่วป่า', 'พังงา', '82190'),
(6594, 'ตำตัว', 'ตะกั่วป่า', 'พังงา', '82110'),
(6595, 'โคกเคียน', 'ตะกั่วป่า', 'พังงา', '82110'),
(6596, 'คึกคัก', 'ตะกั่วป่า', 'พังงา', '82190'),
(6597, 'เกาะคอเขา', 'ตะกั่วป่า', 'พังงา', '82190'),
(6598, 'คุระ', 'คุระบุรี', 'พังงา', '82150'),
(6599, 'บางวัน', 'คุระบุรี', 'พังงา', '82150'),
(6600, 'เกาะพระทอง', 'คุระบุรี', 'พังงา', '82150'),
(6601, 'แม่นางขาว', 'คุระบุรี', 'พังงา', '82150'),
(6602, 'ทับปุด', 'ทับปุด', 'พังงา', '82180'),
(6603, 'มะรุ่ย', 'ทับปุด', 'พังงา', '82180'),
(6604, 'บ่อแสน', 'ทับปุด', 'พังงา', '82180'),
(6605, 'ถ้ำทองหลาง', 'ทับปุด', 'พังงา', '82180'),
(6606, 'โคกเจริญ', 'ทับปุด', 'พังงา', '82180'),
(6607, 'บางเหรียง', 'ทับปุด', 'พังงา', '82180'),
(6608, 'ท้ายเหมือง', 'ท้ายเหมือง', 'พังงา', '82120'),
(6609, 'นาเตย', 'ท้ายเหมือง', 'พังงา', '82120'),
(6610, 'บางทอง', 'ท้ายเหมือง', 'พังงา', '82120'),
(6611, 'ทุ่งมะพร้าว', 'ท้ายเหมือง', 'พังงา', '82120'),
(6612, 'ลำภี', 'ท้ายเหมือง', 'พังงา', '82120'),
(6613, 'ลำแก่น', 'ท้ายเหมือง', 'พังงา', '82120'),
(6614, 'ตลาดใหญ่', 'เมืองภูเก็ต', 'ภูเก็ต', '83000'),
(6615, 'ตลาดเหนือ', 'เมืองภูเก็ต', 'ภูเก็ต', '83000'),
(6616, 'เกาะแก้ว', 'เมืองภูเก็ต', 'ภูเก็ต', '83000'),
(6617, 'รัษฎา', 'เมืองภูเก็ต', 'ภูเก็ต', '83000'),
(6618, 'วิชิต', 'เมืองภูเก็ต', 'ภูเก็ต', '83000'),
(6619, 'ฉลอง', 'เมืองภูเก็ต', 'ภูเก็ต', '83130'),
(6620, 'ราไวย์', 'เมืองภูเก็ต', 'ภูเก็ต', '83130'),
(6621, 'กะรน', 'เมืองภูเก็ต', 'ภูเก็ต', '83100'),
(6622, 'กะทู้', 'กะทู้', 'ภูเก็ต', '83120'),
(6623, 'ป่าตอง', 'กะทู้', 'ภูเก็ต', '83150'),
(6624, 'กมลา', 'กะทู้', 'ภูเก็ต', '83150'),
(6625, 'เทพกระษัตรี', 'ถลาง', 'ภูเก็ต', '83110'),
(6626, 'ศรีสุนทร', 'ถลาง', 'ภูเก็ต', '83110'),
(6627, 'เชิงทะเล', 'ถลาง', 'ภูเก็ต', '83110'),
(6628, 'ป่าคลอก', 'ถลาง', 'ภูเก็ต', '83110'),
(6629, 'ไม้ขาว', 'ถลาง', 'ภูเก็ต', '83110'),
(6630, 'สาคู', 'ถลาง', 'ภูเก็ต', '83110'),
(6631, 'ตลาด', 'เมืองสุราษฎร์ธานี', 'สุราษฎร์ธานี', '84000'),
(6632, 'มะขามเตี้ย', 'เมืองสุราษฎร์ธานี', 'สุราษฎร์ธานี', '84000'),
(6633, 'วัดประดู่', 'เมืองสุราษฎร์ธานี', 'สุราษฎร์ธานี', '84000'),
(6634, 'ขุนทะเล', 'เมืองสุราษฎร์ธานี', 'สุราษฎร์ธานี', '84100'),
(6635, 'บางใบไม้', 'เมืองสุราษฎร์ธานี', 'สุราษฎร์ธานี', '84000'),
(6636, 'บางชนะ', 'เมืองสุราษฎร์ธานี', 'สุราษฎร์ธานี', '84000'),
(6637, 'คลองน้อย', 'เมืองสุราษฎร์ธานี', 'สุราษฎร์ธานี', '84000'),
(6638, 'บางไทร', 'เมืองสุราษฎร์ธานี', 'สุราษฎร์ธานี', '84000'),
(6639, 'บางโพธิ์', 'เมืองสุราษฎร์ธานี', 'สุราษฎร์ธานี', '84000'),
(6640, 'บางกุ้ง', 'เมืองสุราษฎร์ธานี', 'สุราษฎร์ธานี', '84000'),
(6641, 'คลองฉนาก', 'เมืองสุราษฎร์ธานี', 'สุราษฎร์ธานี', '84000'),
(6642, 'ท่าทองใหม่', 'กาญจนดิษฐ์', 'สุราษฎร์ธานี', '84290'),
(6643, 'ท่าทอง', 'กาญจนดิษฐ์', 'สุราษฎร์ธานี', '84160'),
(6644, 'กะแดะ', 'กาญจนดิษฐ์', 'สุราษฎร์ธานี', '84160'),
(6645, 'ทุ่งกง', 'กาญจนดิษฐ์', 'สุราษฎร์ธานี', '84290'),
(6646, 'กรูด', 'กาญจนดิษฐ์', 'สุราษฎร์ธานี', '84160'),
(6647, 'ช้างซ้าย', 'กาญจนดิษฐ์', 'สุราษฎร์ธานี', '84160'),
(6648, 'พลายวาส', 'กาญจนดิษฐ์', 'สุราษฎร์ธานี', '84160'),
(6649, 'ป่าร่อน', 'กาญจนดิษฐ์', 'สุราษฎร์ธานี', '84160'),
(6650, 'ตะเคียนทอง', 'กาญจนดิษฐ์', 'สุราษฎร์ธานี', '84160'),
(6651, 'ช้างขวา', 'กาญจนดิษฐ์', 'สุราษฎร์ธานี', '84160'),
(6652, 'ท่าอุแท', 'กาญจนดิษฐ์', 'สุราษฎร์ธานี', '84160'),
(6653, 'ทุ่งรัง', 'กาญจนดิษฐ์', 'สุราษฎร์ธานี', '84290'),
(6654, 'คลองสระ', 'กาญจนดิษฐ์', 'สุราษฎร์ธานี', '84160'),
(6655, 'ดอนสัก', 'ดอนสัก', 'สุราษฎร์ธานี', '84220'),
(6656, 'ชลคราม', 'ดอนสัก', 'สุราษฎร์ธานี', '84160'),
(6657, 'ไชยคราม', 'ดอนสัก', 'สุราษฎร์ธานี', '84220'),
(6658, 'ปากแพรก', 'ดอนสัก', 'สุราษฎร์ธานี', '84340'),
(6659, 'อ่างทอง', 'เกาะสมุย', 'สุราษฎร์ธานี', '84140'),
(6660, 'ลิปะน้อย', 'เกาะสมุย', 'สุราษฎร์ธานี', '84140'),
(6661, 'ตลิ่งงาม', 'เกาะสมุย', 'สุราษฎร์ธานี', '84140'),
(6662, 'หน้าเมือง', 'เกาะสมุย', 'สุราษฎร์ธานี', '84140'),
(6663, 'มะเร็ต', 'เกาะสมุย', 'สุราษฎร์ธานี', '84310'),
(6664, 'บ่อผุด', 'เกาะสมุย', 'สุราษฎร์ธานี', '84320'),
(6665, 'แม่น้ำ', 'เกาะสมุย', 'สุราษฎร์ธานี', '84330'),
(6666, 'เกาะพะงัน', 'เกาะพะงัน', 'สุราษฎร์ธานี', '84280'),
(6667, 'บ้านใต้', 'เกาะพะงัน', 'สุราษฎร์ธานี', '84280'),
(6668, 'เกาะเต่า', 'เกาะพะงัน', 'สุราษฎร์ธานี', '84280'),
(6669, 'ตลาดไชยา', 'ไชยา', 'สุราษฎร์ธานี', '84110'),
(6670, 'พุมเรียง', 'ไชยา', 'สุราษฎร์ธานี', '84110'),
(6671, 'เลม็ด', 'ไชยา', 'สุราษฎร์ธานี', '84110'),
(6672, 'เวียง', 'ไชยา', 'สุราษฎร์ธานี', '84110'),
(6673, 'ทุ่ง', 'ไชยา', 'สุราษฎร์ธานี', '84110'),
(6674, 'ป่าเว', 'ไชยา', 'สุราษฎร์ธานี', '84110'),
(6675, 'ตะกรบ', 'ไชยา', 'สุราษฎร์ธานี', '84110'),
(6676, 'โมถ่าย', 'ไชยา', 'สุราษฎร์ธานี', '84110'),
(6677, 'ปากหมาก', 'ไชยา', 'สุราษฎร์ธานี', '84110'),
(6678, 'ท่าชนะ', 'ท่าชนะ', 'สุราษฎร์ธานี', '84170'),
(6679, 'สมอทอง', 'ท่าชนะ', 'สุราษฎร์ธานี', '84170'),
(6680, 'ประสงค์', 'ท่าชนะ', 'สุราษฎร์ธานี', '84170'),
(6681, 'คันธุลี', 'ท่าชนะ', 'สุราษฎร์ธานี', '84170'),
(6682, 'วัง', 'ท่าชนะ', 'สุราษฎร์ธานี', '84170'),
(6683, 'คลองพา', 'ท่าชนะ', 'สุราษฎร์ธานี', '84170'),
(6684, 'ท่าขนอน', 'คีรีรัฐนิคม', 'สุราษฎร์ธานี', '84180'),
(6685, 'บ้านยาง', 'คีรีรัฐนิคม', 'สุราษฎร์ธานี', '84180'),
(6686, 'น้ำหัก', 'คีรีรัฐนิคม', 'สุราษฎร์ธานี', '84180'),
(6687, 'กะเปา', 'คีรีรัฐนิคม', 'สุราษฎร์ธานี', '84180'),
(6688, 'ท่ากระดาน', 'คีรีรัฐนิคม', 'สุราษฎร์ธานี', '84180'),
(6689, 'ย่านยาว', 'คีรีรัฐนิคม', 'สุราษฎร์ธานี', '84180'),
(6690, 'ถ้ำสิงขร', 'คีรีรัฐนิคม', 'สุราษฎร์ธานี', '84180'),
(6691, 'บ้านทำเนียบ', 'คีรีรัฐนิคม', 'สุราษฎร์ธานี', '84180'),
(6692, 'เขาวง', 'บ้านตาขุน', 'สุราษฎร์ธานี', '84230'),
(6693, 'พะแสง', 'บ้านตาขุน', 'สุราษฎร์ธานี', '84230'),
(6694, 'พรุไทย', 'บ้านตาขุน', 'สุราษฎร์ธานี', '84230'),
(6695, 'เขาพัง', 'บ้านตาขุน', 'สุราษฎร์ธานี', '84230'),
(6696, 'พนม', 'พนม', 'สุราษฎร์ธานี', '84250'),
(6697, 'ต้นยวน', 'พนม', 'สุราษฎร์ธานี', '84250'),
(6698, 'คลองศก', 'พนม', 'สุราษฎร์ธานี', '84250'),
(6699, 'พลูเถื่อน', 'พนม', 'สุราษฎร์ธานี', '84250'),
(6700, 'พังกาญจน์', 'พนม', 'สุราษฎร์ธานี', '84250'),
(6701, 'คลองชะอุ่น', 'พนม', 'สุราษฎร์ธานี', '84250'),
(6702, 'ท่าฉาง', 'ท่าฉาง', 'สุราษฎร์ธานี', '84150'),
(6703, 'ท่าเคย', 'ท่าฉาง', 'สุราษฎร์ธานี', '84150'),
(6704, 'คลองไทร', 'ท่าฉาง', 'สุราษฎร์ธานี', '84150'),
(6705, 'เขาถ่าน', 'ท่าฉาง', 'สุราษฎร์ธานี', '84150'),
(6706, 'เสวียด', 'ท่าฉาง', 'สุราษฎร์ธานี', '84150'),
(6707, 'ปากฉลุย', 'ท่าฉาง', 'สุราษฎร์ธานี', '84150'),
(6708, 'นาสาร', 'บ้านนาสาร', 'สุราษฎร์ธานี', '84120'),
(6709, 'พรุพี', 'บ้านนาสาร', 'สุราษฎร์ธานี', '84270'),
(6710, 'ทุ่งเตา', 'บ้านนาสาร', 'สุราษฎร์ธานี', '84120'),
(6711, 'ลำพูน', 'บ้านนาสาร', 'สุราษฎร์ธานี', '84120'),
(6712, 'ท่าชี', 'บ้านนาสาร', 'สุราษฎร์ธานี', '84120'),
(6713, 'ควนศรี', 'บ้านนาสาร', 'สุราษฎร์ธานี', '84270'),
(6714, 'ควนสุบรรณ', 'บ้านนาสาร', 'สุราษฎร์ธานี', '84120'),
(6715, 'คลองปราบ', 'บ้านนาสาร', 'สุราษฎร์ธานี', '84120'),
(6716, 'น้ำพุ', 'บ้านนาสาร', 'สุราษฎร์ธานี', '84120'),
(6717, 'ทุ่งเตาใหม่', 'บ้านนาสาร', 'สุราษฎร์ธานี', '84120'),
(6718, 'เพิ่มพูนทรัพย์', 'บ้านนาสาร', 'สุราษฎร์ธานี', '84120'),
(6719, 'บ้านนา', 'บ้านนาเดิม', 'สุราษฎร์ธานี', '84240'),
(6720, 'ท่าเรือ', 'บ้านนาเดิม', 'สุราษฎร์ธานี', '84240'),
(6721, 'ทรัพย์ทวี', 'บ้านนาเดิม', 'สุราษฎร์ธานี', '84240'),
(6722, 'นาใต้', 'บ้านนาเดิม', 'สุราษฎร์ธานี', '84240'),
(6723, 'เคียนซา', 'เคียนซา', 'สุราษฎร์ธานี', '84260'),
(6724, 'พ่วงพรมคร', 'เคียนซา', 'สุราษฎร์ธานี', '84210'),
(6725, 'เขาตอก', 'เคียนซา', 'สุราษฎร์ธานี', '84260'),
(6726, 'อรัญคามวารี', 'เคียนซา', 'สุราษฎร์ธานี', '84260'),
(6727, 'บ้านเสด็จ', 'เคียนซา', 'สุราษฎร์ธานี', '84260'),
(6728, 'เวียงสระ', 'เวียงสระ', 'สุราษฎร์ธานี', '84190'),
(6729, 'บ้านส้อง', 'เวียงสระ', 'สุราษฎร์ธานี', '84190'),
(6730, 'คลองฉนวน', 'เวียงสระ', 'สุราษฎร์ธานี', '84190'),
(6731, 'ทุ่งหลวง', 'เวียงสระ', 'สุราษฎร์ธานี', '84190'),
(6732, 'เขานิพันธ์', 'เวียงสระ', 'สุราษฎร์ธานี', '84190'),
(6733, 'อิปัน', 'พระแสง', 'สุราษฎร์ธานี', '84210'),
(6734, 'สินปุน', 'พระแสง', 'สุราษฎร์ธานี', '84210'),
(6735, 'บางสวรรค์', 'พระแสง', 'สุราษฎร์ธานี', '84210'),
(6736, 'ไทรขึง', 'พระแสง', 'สุราษฎร์ธานี', '84210'),
(6737, 'สินเจริญ', 'พระแสง', 'สุราษฎร์ธานี', '84210'),
(6738, 'ไทรโสภา', 'พระแสง', 'สุราษฎร์ธานี', '84210'),
(6739, 'สาคู', 'พระแสง', 'สุราษฎร์ธานี', '84210'),
(6740, 'ท่าข้าม', 'พุนพิน', 'สุราษฎร์ธานี', '84130'),
(6741, 'ท่าสะท้อน', 'พุนพิน', 'สุราษฎร์ธานี', '84130'),
(6742, 'ลีเล็ด', 'พุนพิน', 'สุราษฎร์ธานี', '84130'),
(6743, 'บางมะเดื่อ', 'พุนพิน', 'สุราษฎร์ธานี', '84130'),
(6744, 'บางเดือน', 'พุนพิน', 'สุราษฎร์ธานี', '84130'),
(6745, 'ท่าโรงช้าง', 'พุนพิน', 'สุราษฎร์ธานี', '84130'),
(6746, 'กรูด', 'พุนพิน', 'สุราษฎร์ธานี', '84130'),
(6747, 'พุนพิน', 'พุนพิน', 'สุราษฎร์ธานี', '84130'),
(6748, 'บางงอน', 'พุนพิน', 'สุราษฎร์ธานี', '84130'),
(6749, 'ศรีวิชัย', 'พุนพิน', 'สุราษฎร์ธานี', '84130'),
(6750, 'น้ำรอบ', 'พุนพิน', 'สุราษฎร์ธานี', '84130'),
(6751, 'มะลวน', 'พุนพิน', 'สุราษฎร์ธานี', '84130'),
(6752, 'หัวเตย', 'พุนพิน', 'สุราษฎร์ธานี', '84130'),
(6753, 'หนองไทร', 'พุนพิน', 'สุราษฎร์ธานี', '84130'),
(6754, 'เขาหัวควาย', 'พุนพิน', 'สุราษฎร์ธานี', '84130'),
(6755, 'ตะปาน', 'พุนพิน', 'สุราษฎร์ธานี', '84130'),
(6756, 'สองแพรก', 'ชัยบุรี', 'สุราษฎร์ธานี', '84350'),
(6757, 'ชัยบุรี', 'ชัยบุรี', 'สุราษฎร์ธานี', '84350'),
(6758, 'คลองน้อย', 'ชัยบุรี', 'สุราษฎร์ธานี', '84350'),
(6759, 'ไทรทอง', 'ชัยบุรี', 'สุราษฎร์ธานี', '84350'),
(6760, 'ตะกุกใต้', 'วิภาวดี', 'สุราษฎร์ธานี', '84180'),
(6761, 'ตะกุกเหนือ', 'วิภาวดี', 'สุราษฎร์ธานี', '84180'),
(6762, 'เขานิเวศน์', 'เมืองระนอง', 'ระนอง', '85000'),
(6763, 'ราชกรูด', 'เมืองระนอง', 'ระนอง', '85000'),
(6764, 'หงาว', 'เมืองระนอง', 'ระนอง', '85000'),
(6765, 'บางริ้น', 'เมืองระนอง', 'ระนอง', '85000'),
(6766, 'ปากน้ำ', 'เมืองระนอง', 'ระนอง', '85000'),
(6767, 'บางนอน', 'เมืองระนอง', 'ระนอง', '85000'),
(6768, 'หาดส้มแป้น', 'เมืองระนอง', 'ระนอง', '85000'),
(6769, 'ทรายแดง', 'เมืองระนอง', 'ระนอง', '85130'),
(6770, 'เกาะพยาม', 'เมืองระนอง', 'ระนอง', '85000'),
(6771, 'ละอุ่นใต้', 'ละอุ่น', 'ระนอง', '85130'),
(6772, 'ละอุ่นเหนือ', 'ละอุ่น', 'ระนอง', '85130'),
(6773, 'บางพระใต้', 'ละอุ่น', 'ระนอง', '85130'),
(6774, 'บางพระเหนือ', 'ละอุ่น', 'ระนอง', '85130'),
(6775, 'บางแก้ว', 'ละอุ่น', 'ระนอง', '85130'),
(6776, 'ในวงเหนือ', 'ละอุ่น', 'ระนอง', '85130'),
(6777, 'ในวงใต้', 'ละอุ่น', 'ระนอง', '85130'),
(6778, 'ม่วงกลวง', 'กะเปอร์', 'ระนอง', '85120'),
(6779, 'กะเปอร์', 'กะเปอร์', 'ระนอง', '85120'),
(6780, 'เชี่ยวเหลียง', 'กะเปอร์', 'ระนอง', '85120'),
(6781, 'บ้านนา', 'กะเปอร์', 'ระนอง', '85120'),
(6782, 'บางหิน', 'กะเปอร์', 'ระนอง', '85120'),
(6783, 'น้ำจืด', 'กระบุรี', 'ระนอง', '85110'),
(6784, 'น้ำจืดน้อย', 'กระบุรี', 'ระนอง', '85110'),
(6785, 'มะมุ', 'กระบุรี', 'ระนอง', '85110'),
(6786, 'ปากจั่น', 'กระบุรี', 'ระนอง', '85110'),
(6787, 'ลำเลียง', 'กระบุรี', 'ระนอง', '85110'),
(6788, 'จ.ป.ร.', 'กระบุรี', 'ระนอง', '85110'),
(6789, 'บางใหญ่', 'กระบุรี', 'ระนอง', '85110'),
(6790, 'นาคา', 'สุขสำราญ', 'ระนอง', '85120'),
(6791, 'กำพวน', 'สุขสำราญ', 'ระนอง', '85120'),
(6792, 'ท่าตะเภา', 'เมืองชุมพร', 'ชุมพร', '86000'),
(6793, 'ปากน้ำ', 'เมืองชุมพร', 'ชุมพร', '86120'),
(6794, 'ท่ายาง', 'เมืองชุมพร', 'ชุมพร', '86000'),
(6795, 'บางหมาก', 'เมืองชุมพร', 'ชุมพร', '86000'),
(6796, 'นาทุ่ง', 'เมืองชุมพร', 'ชุมพร', '86000'),
(6797, 'นาชะอัง', 'เมืองชุมพร', 'ชุมพร', '86000'),
(6798, 'ตากแดด', 'เมืองชุมพร', 'ชุมพร', '86000'),
(6799, 'บางลึก', 'เมืองชุมพร', 'ชุมพร', '86000'),
(6800, 'หาดพันไกร', 'เมืองชุมพร', 'ชุมพร', '86000'),
(6801, 'วังไผ่', 'เมืองชุมพร', 'ชุมพร', '86000'),
(6802, 'วังใหม่', 'เมืองชุมพร', 'ชุมพร', '86190'),
(6803, 'บ้านนา', 'เมืองชุมพร', 'ชุมพร', '86190'),
(6804, 'ขุนกระทิง', 'เมืองชุมพร', 'ชุมพร', '86000'),
(6805, 'ทุ่งคา', 'เมืองชุมพร', 'ชุมพร', '86100'),
(6806, 'วิสัยเหนือ', 'เมืองชุมพร', 'ชุมพร', '86100'),
(6807, 'หาดทรายรี', 'เมืองชุมพร', 'ชุมพร', '86120'),
(6808, 'ถ้ำสิงห์', 'เมืองชุมพร', 'ชุมพร', '86100'),
(6809, 'ท่าแซะ', 'ท่าแซะ', 'ชุมพร', '86140'),
(6810, 'คุริง', 'ท่าแซะ', 'ชุมพร', '86140'),
(6811, 'สลุย', 'ท่าแซะ', 'ชุมพร', '86140'),
(6812, 'นากระตาม', 'ท่าแซะ', 'ชุมพร', '86140'),
(6813, 'รับร่อ', 'ท่าแซะ', 'ชุมพร', '86140'),
(6814, 'ท่าข้าม', 'ท่าแซะ', 'ชุมพร', '86140'),
(6815, 'หงษ์เจริญ', 'ท่าแซะ', 'ชุมพร', '86140'),
(6816, 'หินแก้ว', 'ท่าแซะ', 'ชุมพร', '86190'),
(6817, 'ทรัพย์อนันต์', 'ท่าแซะ', 'ชุมพร', '86140'),
(6818, 'สองพี่น้อง', 'ท่าแซะ', 'ชุมพร', '86140'),
(6819, 'บางสน', 'ปะทิว', 'ชุมพร', '86160'),
(6820, 'ทะเลทรัพย์', 'ปะทิว', 'ชุมพร', '86160'),
(6821, 'สะพลี', 'ปะทิว', 'ชุมพร', '86230'),
(6822, 'ชุมโค', 'ปะทิว', 'ชุมพร', '86160'),
(6823, 'ดอนยาง', 'ปะทิว', 'ชุมพร', '86210'),
(6824, 'ปากคลอง', 'ปะทิว', 'ชุมพร', '86210'),
(6825, 'เขาไชยราช', 'ปะทิว', 'ชุมพร', '86210'),
(6826, 'หลังสวน', 'หลังสวน', 'ชุมพร', '86110'),
(6827, 'ขันเงิน', 'หลังสวน', 'ชุมพร', '86110'),
(6828, 'ท่ามะพลา', 'หลังสวน', 'ชุมพร', '86110'),
(6829, 'นาขา', 'หลังสวน', 'ชุมพร', '86110'),
(6830, 'นาพญา', 'หลังสวน', 'ชุมพร', '86110'),
(6831, 'บ้านควน', 'หลังสวน', 'ชุมพร', '86110'),
(6832, 'บางมะพร้าว', 'หลังสวน', 'ชุมพร', '86110'),
(6833, 'บางน้ำจืด', 'หลังสวน', 'ชุมพร', '86150'),
(6834, 'ปากน้ำ', 'หลังสวน', 'ชุมพร', '86150'),
(6835, 'พ้อแดง', 'หลังสวน', 'ชุมพร', '86110'),
(6836, 'แหลมทราย', 'หลังสวน', 'ชุมพร', '86110'),
(6837, 'วังตะกอ', 'หลังสวน', 'ชุมพร', '86110'),
(6838, 'หาดยาย', 'หลังสวน', 'ชุมพร', '86110'),
(6839, 'ละแม', 'ละแม', 'ชุมพร', '86170'),
(6840, 'ทุ่งหลวง', 'ละแม', 'ชุมพร', '86170'),
(6841, 'สวนแตง', 'ละแม', 'ชุมพร', '86170'),
(6842, 'ทุ่งคาวัด', 'ละแม', 'ชุมพร', '86170'),
(6843, 'พะโต๊ะ', 'พะโต๊ะ', 'ชุมพร', '86180'),
(6844, 'ปากทรง', 'พะโต๊ะ', 'ชุมพร', '86180'),
(6845, 'ปังหวาน', 'พะโต๊ะ', 'ชุมพร', '86180'),
(6846, 'พระรักษ์', 'พะโต๊ะ', 'ชุมพร', '86180'),
(6847, 'นาโพธิ์', 'สวี', 'ชุมพร', '86130'),
(6848, 'สวี', 'สวี', 'ชุมพร', '86130'),
(6849, 'ทุ่งระยะ', 'สวี', 'ชุมพร', '86130'),
(6850, 'ท่าหิน', 'สวี', 'ชุมพร', '86130'),
(6851, 'ปากแพรก', 'สวี', 'ชุมพร', '86130'),
(6852, 'ด่านสวี', 'สวี', 'ชุมพร', '86130'),
(6853, 'ครน', 'สวี', 'ชุมพร', '86130'),
(6854, 'วิสัยใต้', 'สวี', 'ชุมพร', '86130'),
(6855, 'นาสัก', 'สวี', 'ชุมพร', '86130'),
(6856, 'เขาทะลุ', 'สวี', 'ชุมพร', '86130'),
(6857, 'เขาค่าย', 'สวี', 'ชุมพร', '86130'),
(6858, 'ปากตะโก', 'ทุ่งตะโก', 'ชุมพร', '86220'),
(6859, 'ทุ่งตะไคร', 'ทุ่งตะโก', 'ชุมพร', '86220'),
(6860, 'ตะโก', 'ทุ่งตะโก', 'ชุมพร', '86220'),
(6861, 'ช่องไม้แก้ว', 'ทุ่งตะโก', 'ชุมพร', '86220'),
(6862, 'บ่อยาง', 'เมืองสงขลา', 'สงขลา', '90000'),
(6863, 'เขารูปช้าง', 'เมืองสงขลา', 'สงขลา', '90000'),
(6864, 'เกาะแต้ว', 'เมืองสงขลา', 'สงขลา', '90000'),
(6865, 'พะวง', 'เมืองสงขลา', 'สงขลา', '90100'),
(6866, 'ทุ่งหวัง', 'เมืองสงขลา', 'สงขลา', '90000'),
(6867, 'เกาะยอ', 'เมืองสงขลา', 'สงขลา', '90100'),
(6868, 'จะทิ้งพระ', 'สทิงพระ', 'สงขลา', '90190'),
(6869, 'กระดังงา', 'สทิงพระ', 'สงขลา', '90190'),
(6870, 'สนามชัย', 'สทิงพระ', 'สงขลา', '90190');
INSERT INTO `address_info` (`id`, `tumbon`, `amphur`, `province`, `zipcode`) VALUES
(6871, 'ดีหลวง', 'สทิงพระ', 'สงขลา', '90190'),
(6872, 'ชุมพล', 'สทิงพระ', 'สงขลา', '90190'),
(6873, 'คลองรี', 'สทิงพระ', 'สงขลา', '90190'),
(6874, 'คูขุด', 'สทิงพระ', 'สงขลา', '90190'),
(6875, 'ท่าหิน', 'สทิงพระ', 'สงขลา', '90190'),
(6876, 'วัดจันทร์', 'สทิงพระ', 'สงขลา', '90190'),
(6877, 'บ่อแดง', 'สทิงพระ', 'สงขลา', '90190'),
(6878, 'บ่อดาน', 'สทิงพระ', 'สงขลา', '90190'),
(6879, 'บ้านนา', 'จะนะ', 'สงขลา', '90130'),
(6880, 'ป่าชิง', 'จะนะ', 'สงขลา', '90130'),
(6881, 'สะพานไม้แก่น', 'จะนะ', 'สงขลา', '90130'),
(6882, 'สะกอม', 'จะนะ', 'สงขลา', '90130'),
(6883, 'นาหว้า', 'จะนะ', 'สงขลา', '90130'),
(6884, 'นาทับ', 'จะนะ', 'สงขลา', '90130'),
(6885, 'น้ำขาว', 'จะนะ', 'สงขลา', '90130'),
(6886, 'ขุนตัดหวาย', 'จะนะ', 'สงขลา', '90130'),
(6887, 'ท่าหมอไทร', 'จะนะ', 'สงขลา', '90130'),
(6888, 'จะโหนง', 'จะนะ', 'สงขลา', '90130'),
(6889, 'คู', 'จะนะ', 'สงขลา', '90130'),
(6890, 'แค', 'จะนะ', 'สงขลา', '90130'),
(6891, 'คลองเปียะ', 'จะนะ', 'สงขลา', '90130'),
(6892, 'ตลิ่งชัน', 'จะนะ', 'สงขลา', '90130'),
(6893, 'นาทวี', 'นาทวี', 'สงขลา', '90160'),
(6894, 'ฉาง', 'นาทวี', 'สงขลา', '90160'),
(6895, 'นาหมอศรี', 'นาทวี', 'สงขลา', '90160'),
(6896, 'คลองทราย', 'นาทวี', 'สงขลา', '90160'),
(6897, 'ปลักหนู', 'นาทวี', 'สงขลา', '90160'),
(6898, 'ท่าประดู่', 'นาทวี', 'สงขลา', '90160'),
(6899, 'สะท้อน', 'นาทวี', 'สงขลา', '90160'),
(6900, 'ทับช้าง', 'นาทวี', 'สงขลา', '90160'),
(6901, 'ประกอบ', 'นาทวี', 'สงขลา', '90160'),
(6902, 'คลองกวาง', 'นาทวี', 'สงขลา', '90160'),
(6903, 'เทพา', 'เทพา', 'สงขลา', '90150'),
(6904, 'ปากบาง', 'เทพา', 'สงขลา', '90150'),
(6905, 'เกาะสะบ้า', 'เทพา', 'สงขลา', '90150'),
(6906, 'ลำไพล', 'เทพา', 'สงขลา', '90260'),
(6907, 'ท่าม่วง', 'เทพา', 'สงขลา', '90150'),
(6908, 'วังใหญ่', 'เทพา', 'สงขลา', '90260'),
(6909, 'สะกอม', 'เทพา', 'สงขลา', '90150'),
(6910, 'สะบ้าย้อย', 'สะบ้าย้อย', 'สงขลา', '90210'),
(6911, 'ทุ่งพอ', 'สะบ้าย้อย', 'สงขลา', '90210'),
(6912, 'เปียน', 'สะบ้าย้อย', 'สงขลา', '90210'),
(6913, 'บ้านโหนด', 'สะบ้าย้อย', 'สงขลา', '90210'),
(6914, 'จะแหน', 'สะบ้าย้อย', 'สงขลา', '90210'),
(6915, 'คูหา', 'สะบ้าย้อย', 'สงขลา', '90210'),
(6916, 'เขาแดง', 'สะบ้าย้อย', 'สงขลา', '90210'),
(6917, 'บาโหย', 'สะบ้าย้อย', 'สงขลา', '90210'),
(6918, 'ธารคีรี', 'สะบ้าย้อย', 'สงขลา', '90210'),
(6919, 'ระโนด', 'ระโนด', 'สงขลา', '90140'),
(6920, 'คลองแดน', 'ระโนด', 'สงขลา', '90140'),
(6921, 'ตะเครียะ', 'ระโนด', 'สงขลา', '90140'),
(6922, 'ท่าบอน', 'ระโนด', 'สงขลา', '90140'),
(6923, 'บ้านใหม่', 'ระโนด', 'สงขลา', '90140'),
(6924, 'บ่อตรุ', 'ระโนด', 'สงขลา', '90140'),
(6925, 'ปากแตระ', 'ระโนด', 'สงขลา', '90140'),
(6926, 'พังยาง', 'ระโนด', 'สงขลา', '90140'),
(6927, 'ระวะ', 'ระโนด', 'สงขลา', '90140'),
(6928, 'วัดสน', 'ระโนด', 'สงขลา', '90140'),
(6929, 'บ้านขาว', 'ระโนด', 'สงขลา', '90140'),
(6930, 'แดนสงวน', 'ระโนด', 'สงขลา', '90140'),
(6931, 'เกาะใหญ่', 'กระแสสินธุ์', 'สงขลา', '90270'),
(6932, 'โรง', 'กระแสสินธุ์', 'สงขลา', '90270'),
(6933, 'เชิงแส', 'กระแสสินธุ์', 'สงขลา', '90270'),
(6934, 'กระแสสินธุ์', 'กระแสสินธุ์', 'สงขลา', '90270'),
(6935, 'กำแพงเพชร', 'รัตภูมิ', 'สงขลา', '90180'),
(6936, 'ท่าชะมวง', 'รัตภูมิ', 'สงขลา', '90180'),
(6937, 'คูหาใต้', 'รัตภูมิ', 'สงขลา', '90180'),
(6938, 'ควนรู', 'รัตภูมิ', 'สงขลา', '90180'),
(6939, 'เขาพระ', 'รัตภูมิ', 'สงขลา', '90180'),
(6940, 'สะเดา', 'สะเดา', 'สงขลา', '90120'),
(6941, 'ปริก', 'สะเดา', 'สงขลา', '90120'),
(6942, 'พังลา', 'สะเดา', 'สงขลา', '90170'),
(6943, 'สำนักแต้ว', 'สะเดา', 'สงขลา', '90120'),
(6944, 'ทุ่งหมอ', 'สะเดา', 'สงขลา', '90240'),
(6945, 'ท่าโพธิ์', 'สะเดา', 'สงขลา', '90170'),
(6946, 'ปาดังเบซาร์', 'สะเดา', 'สงขลา', '90240'),
(6947, 'สำนักขาม', 'สะเดา', 'สงขลา', '90120'),
(6948, 'เขามีเกียรติ', 'สะเดา', 'สงขลา', '90170'),
(6949, 'หาดใหญ่', 'หาดใหญ่', 'สงขลา', '90110'),
(6950, 'ควนลัง', 'หาดใหญ่', 'สงขลา', '90110'),
(6951, 'คูเต่า', 'หาดใหญ่', 'สงขลา', '90110'),
(6952, 'คอหงส์', 'หาดใหญ่', 'สงขลา', '90110'),
(6953, 'คลองแห', 'หาดใหญ่', 'สงขลา', '90110'),
(6954, 'คลองอู่ตะเภา', 'หาดใหญ่', 'สงขลา', '90110'),
(6955, 'ฉลุง', 'หาดใหญ่', 'สงขลา', '90110'),
(6956, 'ทุ่งใหญ่', 'หาดใหญ่', 'สงขลา', '90110'),
(6957, 'ทุ่งตำเสา', 'หาดใหญ่', 'สงขลา', '90110'),
(6958, 'ท่าข้าม', 'หาดใหญ่', 'สงขลา', '90110'),
(6959, 'น้ำน้อย', 'หาดใหญ่', 'สงขลา', '90110'),
(6960, 'บ้านพรุ', 'หาดใหญ่', 'สงขลา', '90250'),
(6961, 'พะตง', 'หาดใหญ่', 'สงขลา', '90230'),
(6962, 'นาหม่อม', 'นาหม่อม', 'สงขลา', '90310'),
(6963, 'พิจิตร', 'นาหม่อม', 'สงขลา', '90310'),
(6964, 'ทุ่งขมิ้น', 'นาหม่อม', 'สงขลา', '90310'),
(6965, 'คลองหรัง', 'นาหม่อม', 'สงขลา', '90310'),
(6966, 'รัตภูมิ', 'ควนเนียง', 'สงขลา', '90220'),
(6967, 'ควนโส', 'ควนเนียง', 'สงขลา', '90220'),
(6968, 'ห้วยลึก', 'ควนเนียง', 'สงขลา', '90220'),
(6969, 'บางเหรียง', 'ควนเนียง', 'สงขลา', '90220'),
(6970, 'บางกล่ำ', 'บางกล่ำ', 'สงขลา', '90110'),
(6971, 'ท่าช้าง', 'บางกล่ำ', 'สงขลา', '90110'),
(6972, 'แม่ทอม', 'บางกล่ำ', 'สงขลา', '90110'),
(6973, 'บ้านหาร', 'บางกล่ำ', 'สงขลา', '90110'),
(6974, 'ชิงโค', 'สิงหนคร', 'สงขลา', '90280'),
(6975, 'สทิงหม้อ', 'สิงหนคร', 'สงขลา', '90280'),
(6976, 'ทำนบ', 'สิงหนคร', 'สงขลา', '90280'),
(6977, 'รำแดง', 'สิงหนคร', 'สงขลา', '90330'),
(6978, 'วัดขนุน', 'สิงหนคร', 'สงขลา', '90330'),
(6979, 'ชะแล้', 'สิงหนคร', 'สงขลา', '90330'),
(6980, 'ปากรอ', 'สิงหนคร', 'สงขลา', '90330'),
(6981, 'ป่าขาด', 'สิงหนคร', 'สงขลา', '90330'),
(6982, 'หัวเขา', 'สิงหนคร', 'สงขลา', '90280'),
(6983, 'บางเขียด', 'สิงหนคร', 'สงขลา', '90330'),
(6984, 'ม่วงงาม', 'สิงหนคร', 'สงขลา', '90330'),
(6985, 'คลองหอยโข่ง', 'คลองหอยโข่ง', 'สงขลา', '90230'),
(6986, 'ทุ่งลาน', 'คลองหอยโข่ง', 'สงขลา', '90230'),
(6987, 'โคกม่วง', 'คลองหอยโข่ง', 'สงขลา', '90230'),
(6988, 'คลองหลา', 'คลองหอยโข่ง', 'สงขลา', '90115'),
(6989, 'พิมาน', 'เมืองสตูล', 'สตูล', '91000'),
(6990, 'คลองขุด', 'เมืองสตูล', 'สตูล', '91000'),
(6991, 'ควนขัน', 'เมืองสตูล', 'สตูล', '91000'),
(6992, 'บ้านควน', 'เมืองสตูล', 'สตูล', '91140'),
(6993, 'ฉลุง', 'เมืองสตูล', 'สตูล', '91140'),
(6994, 'เกาะสาหร่าย', 'เมืองสตูล', 'สตูล', '91000'),
(6995, 'ตันหยงโป', 'เมืองสตูล', 'สตูล', '91000'),
(6996, 'เจ๊ะบิลัง', 'เมืองสตูล', 'สตูล', '91000'),
(6997, 'ตำมะลัง', 'เมืองสตูล', 'สตูล', '91000'),
(6998, 'ปูยู', 'เมืองสตูล', 'สตูล', '91000'),
(6999, 'ควนโพธิ์', 'เมืองสตูล', 'สตูล', '91140'),
(7000, 'เกตรี', 'เมืองสตูล', 'สตูล', '91140'),
(7001, 'ควนโดน', 'ควนโดน', 'สตูล', '91160'),
(7002, 'ควนสตอ', 'ควนโดน', 'สตูล', '91160'),
(7003, 'ย่านซื่อ', 'ควนโดน', 'สตูล', '91160'),
(7004, 'วังประจัน', 'ควนโดน', 'สตูล', '91160'),
(7005, 'ทุ่งนุ้ย', 'ควนกาหลง', 'สตูล', '91130'),
(7006, 'ควนกาหลง', 'ควนกาหลง', 'สตูล', '91130'),
(7007, 'อุใดเจริญ', 'ควนกาหลง', 'สตูล', '91130'),
(7008, 'ท่าแพ', 'ท่าแพ', 'สตูล', '91150'),
(7009, 'แป-ระ', 'ท่าแพ', 'สตูล', '91150'),
(7010, 'สาคร', 'ท่าแพ', 'สตูล', '91150'),
(7011, 'ท่าเรือ', 'ท่าแพ', 'สตูล', '91150'),
(7012, 'กำแพง', 'ละงู', 'สตูล', '91110'),
(7013, 'ละงู', 'ละงู', 'สตูล', '91110'),
(7014, 'เขาขาว', 'ละงู', 'สตูล', '91110'),
(7015, 'ปากน้ำ', 'ละงู', 'สตูล', '91110'),
(7016, 'น้ำผุด', 'ละงู', 'สตูล', '91110'),
(7017, 'แหลมสน', 'ละงู', 'สตูล', '91110'),
(7018, 'ทุ่งหว้า', 'ทุ่งหว้า', 'สตูล', '91120'),
(7019, 'นาทอน', 'ทุ่งหว้า', 'สตูล', '91120'),
(7020, 'ขอนคลาน', 'ทุ่งหว้า', 'สตูล', '91120'),
(7021, 'ทุ่งบุหลัง', 'ทุ่งหว้า', 'สตูล', '91120'),
(7022, 'ป่าแก่บ่อหิน', 'ทุ่งหว้า', 'สตูล', '91120'),
(7023, 'ปาล์มพัฒนา', 'มะนัง', 'สตูล', '91130'),
(7024, 'นิคมพัฒนา', 'มะนัง', 'สตูล', '91130'),
(7025, 'ทับเที่ยง', 'เมืองตรัง', 'ตรัง', '92000'),
(7026, 'นาพละ', 'เมืองตรัง', 'ตรัง', '92000'),
(7027, 'บ้านควน', 'เมืองตรัง', 'ตรัง', '92000'),
(7028, 'นาบินหลา', 'เมืองตรัง', 'ตรัง', '92000'),
(7029, 'ควนปริง', 'เมืองตรัง', 'ตรัง', '92000'),
(7030, 'นาโยงใต้', 'เมืองตรัง', 'ตรัง', '92170'),
(7031, 'บางรัก', 'เมืองตรัง', 'ตรัง', '92000'),
(7032, 'โคกหล่อ', 'เมืองตรัง', 'ตรัง', '92000'),
(7033, 'นาโต๊ะหมิง', 'เมืองตรัง', 'ตรัง', '92000'),
(7034, 'หนองตรุด', 'เมืองตรัง', 'ตรัง', '92000'),
(7035, 'น้ำผุด', 'เมืองตรัง', 'ตรัง', '92000'),
(7036, 'นาตาล่วง', 'เมืองตรัง', 'ตรัง', '92000'),
(7037, 'บ้านโพธิ์', 'เมืองตรัง', 'ตรัง', '92000'),
(7038, 'นาท่ามเหนือ', 'เมืองตรัง', 'ตรัง', '92190'),
(7039, 'นาท่ามใต้', 'เมืองตรัง', 'ตรัง', '92190'),
(7040, 'กันตัง', 'กันตัง', 'ตรัง', '92110'),
(7041, 'ควนธานี', 'กันตัง', 'ตรัง', '92110'),
(7042, 'บางหมาก', 'กันตัง', 'ตรัง', '92110'),
(7043, 'บางเป้า', 'กันตัง', 'ตรัง', '92110'),
(7044, 'วังวน', 'กันตัง', 'ตรัง', '92110'),
(7045, 'กันตังใต้', 'กันตัง', 'ตรัง', '92110'),
(7046, 'โคกยาง', 'กันตัง', 'ตรัง', '92110'),
(7047, 'คลองลุ', 'กันตัง', 'ตรัง', '92110'),
(7048, 'ย่านซื่อ', 'กันตัง', 'ตรัง', '92110'),
(7049, 'บ่อน้ำร้อน', 'กันตัง', 'ตรัง', '92110'),
(7050, 'บางสัก', 'กันตัง', 'ตรัง', '92110'),
(7051, 'นาเกลือ', 'กันตัง', 'ตรัง', '92110'),
(7052, 'เกาะลิบง', 'กันตัง', 'ตรัง', '92110'),
(7053, 'คลองชีล้อม', 'กันตัง', 'ตรัง', '92110'),
(7054, 'ย่านตาขาว', 'ย่านตาขาว', 'ตรัง', '92140'),
(7055, 'หนองบ่อ', 'ย่านตาขาว', 'ตรัง', '92140'),
(7056, 'นาชุมเห็ด', 'ย่านตาขาว', 'ตรัง', '92140'),
(7057, 'ในควน', 'ย่านตาขาว', 'ตรัง', '92140'),
(7058, 'โพรงจระเข้', 'ย่านตาขาว', 'ตรัง', '92140'),
(7059, 'ทุ่งกระบือ', 'ย่านตาขาว', 'ตรัง', '92140'),
(7060, 'ทุ่งค่าย', 'ย่านตาขาว', 'ตรัง', '92140'),
(7061, 'เกาะเปียะ', 'ย่านตาขาว', 'ตรัง', '92140'),
(7062, 'ท่าข้าม', 'ปะเหลียน', 'ตรัง', '92120'),
(7063, 'ทุ่งยาว', 'ปะเหลียน', 'ตรัง', '92180'),
(7064, 'ปะเหลียน', 'ปะเหลียน', 'ตรัง', '92180'),
(7065, 'บางด้วน', 'ปะเหลียน', 'ตรัง', '92140'),
(7066, 'บ้านนา', 'ปะเหลียน', 'ตรัง', '92140'),
(7067, 'สุโสะ', 'ปะเหลียน', 'ตรัง', '92120'),
(7068, 'ลิพัง', 'ปะเหลียน', 'ตรัง', '92180'),
(7069, 'เกาะสุกร', 'ปะเหลียน', 'ตรัง', '92120'),
(7070, 'ท่าพญา', 'ปะเหลียน', 'ตรัง', '92140'),
(7071, 'แหลมสอม', 'ปะเหลียน', 'ตรัง', '92180'),
(7072, 'บ่อหิน', 'สิเกา', 'ตรัง', '92150'),
(7073, 'เขาไม้แก้ว', 'สิเกา', 'ตรัง', '92150'),
(7074, 'กะลาเส', 'สิเกา', 'ตรัง', '92150'),
(7075, 'ไม้ฝาด', 'สิเกา', 'ตรัง', '92150'),
(7076, 'นาเมืองเพชร', 'สิเกา', 'ตรัง', '92000'),
(7077, 'ห้วยยอด', 'ห้วยยอด', 'ตรัง', '92130'),
(7078, 'หนองช้างแล่น', 'ห้วยยอด', 'ตรัง', '92130'),
(7079, 'บางดี', 'ห้วยยอด', 'ตรัง', '92210'),
(7080, 'บางกุ้ง', 'ห้วยยอด', 'ตรัง', '92210'),
(7081, 'เขากอบ', 'ห้วยยอด', 'ตรัง', '92130'),
(7082, 'เขาขาว', 'ห้วยยอด', 'ตรัง', '92130'),
(7083, 'เขาปูน', 'ห้วยยอด', 'ตรัง', '92130'),
(7084, 'ปากแจ่ม', 'ห้วยยอด', 'ตรัง', '92190'),
(7085, 'ปากคม', 'ห้วยยอด', 'ตรัง', '92130'),
(7086, 'ท่างิ้ว', 'ห้วยยอด', 'ตรัง', '92130'),
(7087, 'ลำภูรา', 'ห้วยยอด', 'ตรัง', '92190'),
(7088, 'นาวง', 'ห้วยยอด', 'ตรัง', '92210'),
(7089, 'ห้วยนาง', 'ห้วยยอด', 'ตรัง', '92130'),
(7090, 'ในเตา', 'ห้วยยอด', 'ตรัง', '92130'),
(7091, 'ทุ่งต่อ', 'ห้วยยอด', 'ตรัง', '92130'),
(7092, 'วังคีรี', 'ห้วยยอด', 'ตรัง', '92210'),
(7093, 'เขาวิเศษ', 'วังวิเศษ', 'ตรัง', '92220'),
(7094, 'วังมะปราง', 'วังวิเศษ', 'ตรัง', '92220'),
(7095, 'อ่าวตง', 'วังวิเศษ', 'ตรัง', '92220'),
(7096, 'ท่าสะบ้า', 'วังวิเศษ', 'ตรัง', '92000'),
(7097, 'วังมะปรางเหนือ', 'วังวิเศษ', 'ตรัง', '92220'),
(7098, 'นาโยงเหนือ', 'นาโยง', 'ตรัง', '92170'),
(7099, 'ช่อง', 'นาโยง', 'ตรัง', '92170'),
(7100, 'ละมอ', 'นาโยง', 'ตรัง', '92170'),
(7101, 'โคกสะบ้า', 'นาโยง', 'ตรัง', '92170'),
(7102, 'นาหมื่นศรี', 'นาโยง', 'ตรัง', '92170'),
(7103, 'นาข้าวเสีย', 'นาโยง', 'ตรัง', '92170'),
(7104, 'ควนเมา', 'รัษฎา', 'ตรัง', '92160'),
(7105, 'คลองปาง', 'รัษฎา', 'ตรัง', '92160'),
(7106, 'หนองบัว', 'รัษฎา', 'ตรัง', '92160'),
(7107, 'หนองปรือ', 'รัษฎา', 'ตรัง', '92130'),
(7108, 'เขาไพร', 'รัษฎา', 'ตรัง', '92160'),
(7109, 'หาดสำราญ', 'หาดสำราญ', 'ตรัง', '92120'),
(7110, 'บ้าหวี', 'หาดสำราญ', 'ตรัง', '92120'),
(7111, 'ตะเสะ', 'หาดสำราญ', 'ตรัง', '92120'),
(7112, 'คูหาสวรรค์', 'เมืองพัทลุง', 'พัทลุง', '93000'),
(7113, 'เขาเจียก', 'เมืองพัทลุง', 'พัทลุง', '93000'),
(7114, 'ท่ามิหรำ', 'เมืองพัทลุง', 'พัทลุง', '93000'),
(7115, 'โคกชะงาย', 'เมืองพัทลุง', 'พัทลุง', '93000'),
(7116, 'นาท่อม', 'เมืองพัทลุง', 'พัทลุง', '93000'),
(7117, 'ปรางหมู่', 'เมืองพัทลุง', 'พัทลุง', '93000'),
(7118, 'ท่าแค', 'เมืองพัทลุง', 'พัทลุง', '93000'),
(7119, 'ลำปำ', 'เมืองพัทลุง', 'พัทลุง', '93000'),
(7120, 'ตำนาน', 'เมืองพัทลุง', 'พัทลุง', '93000'),
(7121, 'ควนมะพร้าว', 'เมืองพัทลุง', 'พัทลุง', '93000'),
(7122, 'ร่มเมือง', 'เมืองพัทลุง', 'พัทลุง', '93000'),
(7123, 'ชัยบุรี', 'เมืองพัทลุง', 'พัทลุง', '93000'),
(7124, 'นาโหนด', 'เมืองพัทลุง', 'พัทลุง', '93000'),
(7125, 'พญาขัน', 'เมืองพัทลุง', 'พัทลุง', '93000'),
(7126, 'กงหรา', 'กงหรา', 'พัทลุง', '93180'),
(7127, 'ชะรัด', 'กงหรา', 'พัทลุง', '93000'),
(7128, 'คลองเฉลิม', 'กงหรา', 'พัทลุง', '93180'),
(7129, 'คลองทรายขาว', 'กงหรา', 'พัทลุง', '93180'),
(7130, 'สมหวัง', 'กงหรา', 'พัทลุง', '93000'),
(7131, 'เขาชัยสน', 'เขาชัยสน', 'พัทลุง', '93130'),
(7132, 'ควนขนุน', 'เขาชัยสน', 'พัทลุง', '93130'),
(7133, 'จองถนน', 'เขาชัยสน', 'พัทลุง', '93130'),
(7134, 'หานโพธิ์', 'เขาชัยสน', 'พัทลุง', '93130'),
(7135, 'โคกม่วง', 'เขาชัยสน', 'พัทลุง', '93130'),
(7136, 'แม่ขรี', 'ตะโหมด', 'พัทลุง', '93160'),
(7137, 'ตะโหมด', 'ตะโหมด', 'พัทลุง', '93160'),
(7138, 'คลองใหญ่', 'ตะโหมด', 'พัทลุง', '93160'),
(7139, 'ควนขนุน', 'ควนขนุน', 'พัทลุง', '93110'),
(7140, 'ทะเลน้อย', 'ควนขนุน', 'พัทลุง', '93150'),
(7141, 'นาขยาด', 'ควนขนุน', 'พัทลุง', '93110'),
(7142, 'พนมวังก์', 'ควนขนุน', 'พัทลุง', '93110'),
(7143, 'แหลมโตนด', 'ควนขนุน', 'พัทลุง', '93110'),
(7144, 'ปันแต', 'ควนขนุน', 'พัทลุง', '93110'),
(7145, 'โตนดด้วน', 'ควนขนุน', 'พัทลุง', '93110'),
(7146, 'ดอนทราย', 'ควนขนุน', 'พัทลุง', '93110'),
(7147, 'มะกอกเหนือ', 'ควนขนุน', 'พัทลุง', '93150'),
(7148, 'พนางตุง', 'ควนขนุน', 'พัทลุง', '93150'),
(7149, 'ชะมวง', 'ควนขนุน', 'พัทลุง', '93110'),
(7150, 'แพรกหา', 'ควนขนุน', 'พัทลุง', '93110'),
(7151, 'ปากพะยูน', 'ปากพะยูน', 'พัทลุง', '93120'),
(7152, 'ดอนประดู่', 'ปากพะยูน', 'พัทลุง', '93120'),
(7153, 'เกาะนางคำ', 'ปากพะยูน', 'พัทลุง', '93120'),
(7154, 'เกาะหมาก', 'ปากพะยูน', 'พัทลุง', '93120'),
(7155, 'ฝาละมี', 'ปากพะยูน', 'พัทลุง', '93120'),
(7156, 'หารเทา', 'ปากพะยูน', 'พัทลุง', '93120'),
(7157, 'ดอนทราย', 'ปากพะยูน', 'พัทลุง', '93120'),
(7158, 'เขาย่า', 'ศรีบรรพต', 'พัทลุง', '93190'),
(7159, 'เขาปู่', 'ศรีบรรพต', 'พัทลุง', '93190'),
(7160, 'ตะแพน', 'ศรีบรรพต', 'พัทลุง', '93190'),
(7161, 'ป่าบอน', 'ป่าบอน', 'พัทลุง', '93170'),
(7162, 'โคกทราย', 'ป่าบอน', 'พัทลุง', '93170'),
(7163, 'หนองธง', 'ป่าบอน', 'พัทลุง', '93170'),
(7164, 'ทุ่งนารี', 'ป่าบอน', 'พัทลุง', '93170'),
(7165, 'วังใหม่', 'ป่าบอน', 'พัทลุง', '93170'),
(7166, 'ท่ามะเดื่อ', 'บางแก้ว', 'พัทลุง', '93140'),
(7167, 'นาปะขอ', 'บางแก้ว', 'พัทลุง', '93140'),
(7168, 'โคกสัก', 'บางแก้ว', 'พัทลุง', '93140'),
(7169, 'ป่าพะยอม', 'ป่าพะยอม', 'พัทลุง', '93110'),
(7170, 'ลานข่อย', 'ป่าพะยอม', 'พัทลุง', '93110'),
(7171, 'เกาะเต่า', 'ป่าพะยอม', 'พัทลุง', '93110'),
(7172, 'บ้านพร้าว', 'ป่าพะยอม', 'พัทลุง', '93110'),
(7173, 'ชุมพล', 'ศรีนครินทร์', 'พัทลุง', '93000'),
(7174, 'บ้านนา', 'ศรีนครินทร์', 'พัทลุง', '93000'),
(7175, 'อ่างทอง', 'ศรีนครินทร์', 'พัทลุง', '93000'),
(7176, 'ลำสินธุ์', 'ศรีนครินทร์', 'พัทลุง', '93000'),
(7177, 'สะบารัง', 'เมืองปัตตานี', 'ปัตตานี', '94000'),
(7178, 'อาเนาะรู', 'เมืองปัตตานี', 'ปัตตานี', '94000'),
(7179, 'จะบังติกอ', 'เมืองปัตตานี', 'ปัตตานี', '94000'),
(7180, 'บานา', 'เมืองปัตตานี', 'ปัตตานี', '94000'),
(7181, 'ตันหยงลุโละ', 'เมืองปัตตานี', 'ปัตตานี', '94000'),
(7182, 'คลองมานิง', 'เมืองปัตตานี', 'ปัตตานี', '94000'),
(7183, 'กะมิยอ', 'เมืองปัตตานี', 'ปัตตานี', '94000'),
(7184, 'บาราโหม', 'เมืองปัตตานี', 'ปัตตานี', '94000'),
(7185, 'ปะกาฮะรัง', 'เมืองปัตตานี', 'ปัตตานี', '94000'),
(7186, 'รูสะมิแล', 'เมืองปัตตานี', 'ปัตตานี', '94000'),
(7187, 'ตะลุโบะ', 'เมืองปัตตานี', 'ปัตตานี', '94000'),
(7188, 'บาราเฮาะ', 'เมืองปัตตานี', 'ปัตตานี', '94000'),
(7189, 'ปุยุด', 'เมืองปัตตานี', 'ปัตตานี', '94000'),
(7190, 'โคกโพธิ์', 'โคกโพธิ์', 'ปัตตานี', '94120'),
(7191, 'มะกรูด', 'โคกโพธิ์', 'ปัตตานี', '94120'),
(7192, 'บางโกระ', 'โคกโพธิ์', 'ปัตตานี', '94120'),
(7193, 'ป่าบอน', 'โคกโพธิ์', 'ปัตตานี', '94120'),
(7194, 'ทรายขาว', 'โคกโพธิ์', 'ปัตตานี', '94120'),
(7195, 'นาประดู่', 'โคกโพธิ์', 'ปัตตานี', '94180'),
(7196, 'ปากล่อ', 'โคกโพธิ์', 'ปัตตานี', '94180'),
(7197, 'ทุ่งพลา', 'โคกโพธิ์', 'ปัตตานี', '94180'),
(7198, 'ท่าเรือ', 'โคกโพธิ์', 'ปัตตานี', '94120'),
(7199, 'นาเกตุ', 'โคกโพธิ์', 'ปัตตานี', '94120'),
(7200, 'ควนโนรี', 'โคกโพธิ์', 'ปัตตานี', '94180'),
(7201, 'ช้างให้ตก', 'โคกโพธิ์', 'ปัตตานี', '94120'),
(7202, 'เกาะเปาะ', 'หนองจิก', 'ปัตตานี', '94170'),
(7203, 'คอลอตันหยง', 'หนองจิก', 'ปัตตานี', '94170'),
(7204, 'ดอนรัก', 'หนองจิก', 'ปัตตานี', '94170'),
(7205, 'ดาโต๊ะ', 'หนองจิก', 'ปัตตานี', '94170'),
(7206, 'ตุยง', 'หนองจิก', 'ปัตตานี', '94170'),
(7207, 'ท่ากำชำ', 'หนองจิก', 'ปัตตานี', '94170'),
(7208, 'บ่อทอง', 'หนองจิก', 'ปัตตานี', '94170'),
(7209, 'บางเขา', 'หนองจิก', 'ปัตตานี', '94170'),
(7210, 'บางตาวา', 'หนองจิก', 'ปัตตานี', '94170'),
(7211, 'ปุโละปุโย', 'หนองจิก', 'ปัตตานี', '94170'),
(7212, 'ยาบี', 'หนองจิก', 'ปัตตานี', '94170'),
(7213, 'ลิปะสะโง', 'หนองจิก', 'ปัตตานี', '94170'),
(7214, 'ปะนาเระ', 'ปะนาเระ', 'ปัตตานี', '94130'),
(7215, 'ท่าข้าม', 'ปะนาเระ', 'ปัตตานี', '94130'),
(7216, 'บ้านนอก', 'ปะนาเระ', 'ปัตตานี', '94130'),
(7217, 'ดอน', 'ปะนาเระ', 'ปัตตานี', '94130'),
(7218, 'ควน', 'ปะนาเระ', 'ปัตตานี', '94190'),
(7219, 'ท่าน้ำ', 'ปะนาเระ', 'ปัตตานี', '94130'),
(7220, 'คอกกระบือ', 'ปะนาเระ', 'ปัตตานี', '94130'),
(7221, 'พ่อมิ่ง', 'ปะนาเระ', 'ปัตตานี', '94130'),
(7222, 'บ้านกลาง', 'ปะนาเระ', 'ปัตตานี', '94130'),
(7223, 'บ้านน้ำบ่อ', 'ปะนาเระ', 'ปัตตานี', '94130'),
(7224, 'มายอ', 'มายอ', 'ปัตตานี', '94140'),
(7225, 'ถนน', 'มายอ', 'ปัตตานี', '94140'),
(7226, 'ตรัง', 'มายอ', 'ปัตตานี', '94140'),
(7227, 'กระหวะ', 'มายอ', 'ปัตตานี', '94140'),
(7228, 'ลุโบะยิไร', 'มายอ', 'ปัตตานี', '94140'),
(7229, 'ลางา', 'มายอ', 'ปัตตานี', '94190'),
(7230, 'กระเสาะ', 'มายอ', 'ปัตตานี', '94140'),
(7231, 'เกาะจัน', 'มายอ', 'ปัตตานี', '94140'),
(7232, 'ปะโด', 'มายอ', 'ปัตตานี', '94140'),
(7233, 'สาคอบน', 'มายอ', 'ปัตตานี', '94140'),
(7234, 'สาคอใต้', 'มายอ', 'ปัตตานี', '94140'),
(7235, 'สะกำ', 'มายอ', 'ปัตตานี', '94140'),
(7236, 'ปานัน', 'มายอ', 'ปัตตานี', '94140'),
(7237, 'ตะโละแมะนา', 'ทุ่งยางแดง', 'ปัตตานี', '94140'),
(7238, 'พิเทน', 'ทุ่งยางแดง', 'ปัตตานี', '94140'),
(7239, 'น้ำดำ', 'ทุ่งยางแดง', 'ปัตตานี', '94140'),
(7240, 'ปากู', 'ทุ่งยางแดง', 'ปัตตานี', '94140'),
(7241, 'ตะลุบัน', 'สายบุรี', 'ปัตตานี', '94110'),
(7242, 'ตะบิ้ง', 'สายบุรี', 'ปัตตานี', '94110'),
(7243, 'ปะเสยะวอ', 'สายบุรี', 'ปัตตานี', '94110'),
(7244, 'บางเก่า', 'สายบุรี', 'ปัตตานี', '94110'),
(7245, 'บือเระ', 'สายบุรี', 'ปัตตานี', '94110'),
(7246, 'เตราะบอน', 'สายบุรี', 'ปัตตานี', '94110'),
(7247, 'กะดุนง', 'สายบุรี', 'ปัตตานี', '94110'),
(7248, 'ละหาร', 'สายบุรี', 'ปัตตานี', '94110'),
(7249, 'มะนังดาลำ', 'สายบุรี', 'ปัตตานี', '94110'),
(7250, 'แป้น', 'สายบุรี', 'ปัตตานี', '94110'),
(7251, 'ทุ่งคล้า', 'สายบุรี', 'ปัตตานี', '94190'),
(7252, 'ไทรทอง', 'ไม้แก่น', 'ปัตตานี', '94220'),
(7253, 'ไม้แก่น', 'ไม้แก่น', 'ปัตตานี', '94220'),
(7254, 'ตะโละไกรทอง', 'ไม้แก่น', 'ปัตตานี', '94220'),
(7255, 'ดอนทราย', 'ไม้แก่น', 'ปัตตานี', '94220'),
(7256, 'ตะโละ', 'ยะหริ่ง', 'ปัตตานี', '94150'),
(7257, 'ตะโละกาโปร์', 'ยะหริ่ง', 'ปัตตานี', '94150'),
(7258, 'ตันหยงดาลอ', 'ยะหริ่ง', 'ปัตตานี', '94150'),
(7259, 'ตันหยงจึงงา', 'ยะหริ่ง', 'ปัตตานี', '94190'),
(7260, 'ตอหลัง', 'ยะหริ่ง', 'ปัตตานี', '94150'),
(7261, 'ตาแกะ', 'ยะหริ่ง', 'ปัตตานี', '94150'),
(7262, 'ตาลีอายร์', 'ยะหริ่ง', 'ปัตตานี', '94150'),
(7263, 'ยามู', 'ยะหริ่ง', 'ปัตตานี', '94150'),
(7264, 'บางปู', 'ยะหริ่ง', 'ปัตตานี', '94150'),
(7265, 'หนองแรต', 'ยะหริ่ง', 'ปัตตานี', '94150'),
(7266, 'ปิยามุมัง', 'ยะหริ่ง', 'ปัตตานี', '94150'),
(7267, 'ปุลากง', 'ยะหริ่ง', 'ปัตตานี', '94150'),
(7268, 'บาโลย', 'ยะหริ่ง', 'ปัตตานี', '94190'),
(7269, 'สาบัน', 'ยะหริ่ง', 'ปัตตานี', '94150'),
(7270, 'มะนังยง', 'ยะหริ่ง', 'ปัตตานี', '94150'),
(7271, 'ราตาปันยัง', 'ยะหริ่ง', 'ปัตตานี', '94150'),
(7272, 'จะรัง', 'ยะหริ่ง', 'ปัตตานี', '94150'),
(7273, 'แหลมโพธิ์', 'ยะหริ่ง', 'ปัตตานี', '94150'),
(7274, 'ยะรัง', 'ยะรัง', 'ปัตตานี', '94160'),
(7275, 'สะดาวา', 'ยะรัง', 'ปัตตานี', '94160'),
(7276, 'ประจัน', 'ยะรัง', 'ปัตตานี', '94160'),
(7277, 'สะนอ', 'ยะรัง', 'ปัตตานี', '94160'),
(7278, 'ระแว้ง', 'ยะรัง', 'ปัตตานี', '94160'),
(7279, 'ปิตูมุดี', 'ยะรัง', 'ปัตตานี', '94160'),
(7280, 'วัด', 'ยะรัง', 'ปัตตานี', '94160'),
(7281, 'กระโด', 'ยะรัง', 'ปัตตานี', '94160'),
(7282, 'คลองใหม่', 'ยะรัง', 'ปัตตานี', '94160'),
(7283, 'เมาะมาวี', 'ยะรัง', 'ปัตตานี', '94160'),
(7284, 'กอลำ', 'ยะรัง', 'ปัตตานี', '94160'),
(7285, 'เขาตูม', 'ยะรัง', 'ปัตตานี', '94160'),
(7286, 'กะรุบี', 'กะพ้อ', 'ปัตตานี', '94230'),
(7287, 'ตะโละดือรามัน', 'กะพ้อ', 'ปัตตานี', '94230'),
(7288, 'ปล่องหอย', 'กะพ้อ', 'ปัตตานี', '94230'),
(7289, 'แม่ลาน', 'แม่ลาน', 'ปัตตานี', '94180'),
(7290, 'ม่วงเตี้ย', 'แม่ลาน', 'ปัตตานี', '94180'),
(7291, 'ป่าไร่', 'แม่ลาน', 'ปัตตานี', '94180'),
(7292, 'สะเตง', 'เมืองยะลา', 'ยะลา', '95000'),
(7293, 'บุดี', 'เมืองยะลา', 'ยะลา', '95000'),
(7294, 'ยุโป', 'เมืองยะลา', 'ยะลา', '95000'),
(7295, 'ลิดล', 'เมืองยะลา', 'ยะลา', '95160'),
(7296, 'ยะลา', 'เมืองยะลา', 'ยะลา', '95000'),
(7297, 'ท่าสาป', 'เมืองยะลา', 'ยะลา', '95000'),
(7298, 'ลำใหม่', 'เมืองยะลา', 'ยะลา', '95160'),
(7299, 'หน้าถ้ำ', 'เมืองยะลา', 'ยะลา', '95000'),
(7300, 'ลำพะยา', 'เมืองยะลา', 'ยะลา', '95160'),
(7301, 'เปาะเส้ง', 'เมืองยะลา', 'ยะลา', '95000'),
(7302, 'พร่อน', 'เมืองยะลา', 'ยะลา', '95160'),
(7303, 'บันนังสาเรง', 'เมืองยะลา', 'ยะลา', '95000'),
(7304, 'สะเตงนอก', 'เมืองยะลา', 'ยะลา', '95000'),
(7305, 'ตาเซะ', 'เมืองยะลา', 'ยะลา', '95000'),
(7306, 'เบตง', 'เบตง', 'ยะลา', '95110'),
(7307, 'ยะรม', 'เบตง', 'ยะลา', '95110'),
(7308, 'ตาเนาะแมเราะ', 'เบตง', 'ยะลา', '95110'),
(7309, 'อัยเยอร์เวง', 'เบตง', 'ยะลา', '95110'),
(7310, 'ธารน้ำทิพย์', 'เบตง', 'ยะลา', '95110'),
(7311, 'บันนังสตา', 'บันนังสตา', 'ยะลา', '95130'),
(7312, 'บาเจาะ', 'บันนังสตา', 'ยะลา', '95130'),
(7313, 'ตาเนาะปูเต๊ะ', 'บันนังสตา', 'ยะลา', '95130'),
(7314, 'ถ้ำทะลุ', 'บันนังสตา', 'ยะลา', '95130'),
(7315, 'ตลิ่งชัน', 'บันนังสตา', 'ยะลา', '95130'),
(7316, 'เขื่อนบางลาง', 'บันนังสตา', 'ยะลา', '95130'),
(7317, 'ธารโต', 'ธารโต', 'ยะลา', '95150'),
(7318, 'บ้านแหร', 'ธารโต', 'ยะลา', '95150'),
(7319, 'แม่หวาด', 'ธารโต', 'ยะลา', '95170'),
(7320, 'คีรีเขต', 'ธารโต', 'ยะลา', '95150'),
(7321, 'ยะหา', 'ยะหา', 'ยะลา', '95120'),
(7322, 'ละแอ', 'ยะหา', 'ยะลา', '95120'),
(7323, 'ปะแต', 'ยะหา', 'ยะลา', '95120'),
(7324, 'บาโร๊ะ', 'ยะหา', 'ยะลา', '95120'),
(7325, 'ตาชี', 'ยะหา', 'ยะลา', '95120'),
(7326, 'บาโงยซิแน', 'ยะหา', 'ยะลา', '95120'),
(7327, 'กาตอง', 'ยะหา', 'ยะลา', '95120'),
(7328, 'กายูบอเกาะ', 'รามัน', 'ยะลา', '95140'),
(7329, 'กาลูปัง', 'รามัน', 'ยะลา', '95140'),
(7330, 'กาลอ', 'รามัน', 'ยะลา', '95140'),
(7331, 'กอตอตือร๊ะ', 'รามัน', 'ยะลา', '95140'),
(7332, 'โกตาบารู', 'รามัน', 'ยะลา', '95140'),
(7333, 'เกะรอ', 'รามัน', 'ยะลา', '95140'),
(7334, 'จะกว๊ะ', 'รามัน', 'ยะลา', '95140'),
(7335, 'ท่าธง', 'รามัน', 'ยะลา', '95140'),
(7336, 'เนินงาม', 'รามัน', 'ยะลา', '95140'),
(7337, 'บาลอ', 'รามัน', 'ยะลา', '95140'),
(7338, 'บาโงย', 'รามัน', 'ยะลา', '95140'),
(7339, 'บือมัง', 'รามัน', 'ยะลา', '95140'),
(7340, 'ยะต๊ะ', 'รามัน', 'ยะลา', '95140'),
(7341, 'วังพญา', 'รามัน', 'ยะลา', '95140'),
(7342, 'อาซ่อง', 'รามัน', 'ยะลา', '95140'),
(7343, 'ตะโล๊ะหะลอ', 'รามัน', 'ยะลา', '95140'),
(7344, 'กาบัง', 'กาบัง', 'ยะลา', '95120'),
(7345, 'บาละ', 'กาบัง', 'ยะลา', '95120'),
(7346, 'กรงปินัง', 'กรงปินัง', 'ยะลา', '95000'),
(7347, 'สะเอะ', 'กรงปินัง', 'ยะลา', '95000'),
(7348, 'ห้วยกระทิง', 'กรงปินัง', 'ยะลา', '95000'),
(7349, 'ปุโรง', 'กรงปินัง', 'ยะลา', '95000'),
(7350, 'บางนาค', 'เมืองนราธิวาส', 'นราธิวาส', '96000'),
(7351, 'ลำภู', 'เมืองนราธิวาส', 'นราธิวาส', '96000'),
(7352, 'มะนังตายอ', 'เมืองนราธิวาส', 'นราธิวาส', '96000'),
(7353, 'บางปอ', 'เมืองนราธิวาส', 'นราธิวาส', '96000'),
(7354, 'กะลุวอ', 'เมืองนราธิวาส', 'นราธิวาส', '96000'),
(7355, 'กะลุวอเหนือ', 'เมืองนราธิวาส', 'นราธิวาส', '96000'),
(7356, 'โคกเคียน', 'เมืองนราธิวาส', 'นราธิวาส', '96000'),
(7357, 'เจ๊ะเห', 'ตากใบ', 'นราธิวาส', '96110'),
(7358, 'ไพรวัน', 'ตากใบ', 'นราธิวาส', '96110'),
(7359, 'พร่อน', 'ตากใบ', 'นราธิวาส', '96110'),
(7360, 'ศาลาใหม่', 'ตากใบ', 'นราธิวาส', '96110'),
(7361, 'บางขุนทอง', 'ตากใบ', 'นราธิวาส', '96110'),
(7362, 'เกาะสะท้อน', 'ตากใบ', 'นราธิวาส', '96110'),
(7363, 'นานาค', 'ตากใบ', 'นราธิวาส', '96110'),
(7364, 'โฆษิต', 'ตากใบ', 'นราธิวาส', '96110'),
(7365, 'บาเจาะ', 'บาเจาะ', 'นราธิวาส', '96170'),
(7366, 'ลุโบะสาวอ', 'บาเจาะ', 'นราธิวาส', '96170'),
(7367, 'กาเยาะมาตี', 'บาเจาะ', 'นราธิวาส', '96170'),
(7368, 'ปะลุกาสาเมาะ', 'บาเจาะ', 'นราธิวาส', '96170'),
(7369, 'บาเระเหนือ', 'บาเจาะ', 'นราธิวาส', '96170'),
(7370, 'บาเระใต้', 'บาเจาะ', 'นราธิวาส', '96170'),
(7371, 'ยี่งอ', 'ยี่งอ', 'นราธิวาส', '96180'),
(7372, 'ละหาร', 'ยี่งอ', 'นราธิวาส', '96180'),
(7373, 'จอเบาะ', 'ยี่งอ', 'นราธิวาส', '96180'),
(7374, 'ลุโบะบายะ', 'ยี่งอ', 'นราธิวาส', '96180'),
(7375, 'ลุโบะบือซา', 'ยี่งอ', 'นราธิวาส', '96180'),
(7376, 'ตะปอเยาะ', 'ยี่งอ', 'นราธิวาส', '96180'),
(7377, 'ตันหยงมัส', 'ระแงะ', 'นราธิวาส', '96130'),
(7378, 'ตันหยงลิมอ', 'ระแงะ', 'นราธิวาส', '96130'),
(7379, 'บองอ', 'ระแงะ', 'นราธิวาส', '96220'),
(7380, 'กาลิซา', 'ระแงะ', 'นราธิวาส', '96130'),
(7381, 'บาโงสะโต', 'ระแงะ', 'นราธิวาส', '96130'),
(7382, 'เฉลิม', 'ระแงะ', 'นราธิวาส', '96130'),
(7383, 'มะรือโบตก', 'ระแงะ', 'นราธิวาส', '96130'),
(7384, 'รือเสาะ', 'รือเสาะ', 'นราธิวาส', '96150'),
(7385, 'สาวอ', 'รือเสาะ', 'นราธิวาส', '96150'),
(7386, 'เรียง', 'รือเสาะ', 'นราธิวาส', '96150'),
(7387, 'สามัคคี', 'รือเสาะ', 'นราธิวาส', '96150'),
(7388, 'บาตง', 'รือเสาะ', 'นราธิวาส', '96150'),
(7389, 'ลาโละ', 'รือเสาะ', 'นราธิวาส', '96150'),
(7390, 'รือเสาะออก', 'รือเสาะ', 'นราธิวาส', '96150'),
(7391, 'โคกสะตอ', 'รือเสาะ', 'นราธิวาส', '96150'),
(7392, 'สุวารี', 'รือเสาะ', 'นราธิวาส', '96150'),
(7393, 'ซากอ', 'ศรีสาคร', 'นราธิวาส', '96210'),
(7394, 'ตะมะยูง', 'ศรีสาคร', 'นราธิวาส', '96210'),
(7395, 'ศรีสาคร', 'ศรีสาคร', 'นราธิวาส', '96210'),
(7396, 'เชิงคีรี', 'ศรีสาคร', 'นราธิวาส', '96210'),
(7397, 'กาหลง', 'ศรีสาคร', 'นราธิวาส', '96210'),
(7398, 'ศรีบรรพต', 'ศรีสาคร', 'นราธิวาส', '96210'),
(7399, 'แว้ง', 'แว้ง', 'นราธิวาส', '96160'),
(7400, 'กายูคละ', 'แว้ง', 'นราธิวาส', '96160'),
(7401, 'ฆอเลาะ', 'แว้ง', 'นราธิวาส', '96160'),
(7402, 'โละจูด', 'แว้ง', 'นราธิวาส', '96160'),
(7403, 'แม่ดง', 'แว้ง', 'นราธิวาส', '96160'),
(7404, 'เอราวัณ', 'แว้ง', 'นราธิวาส', '96160'),
(7405, 'มาโมง', 'สุคิริน', 'นราธิวาส', '96190'),
(7406, 'สุคิริน', 'สุคิริน', 'นราธิวาส', '96190'),
(7407, 'เกียร์', 'สุคิริน', 'นราธิวาส', '96190'),
(7408, 'ภูเขาทอง', 'สุคิริน', 'นราธิวาส', '96190'),
(7409, 'ร่มไทร', 'สุคิริน', 'นราธิวาส', '96190'),
(7410, 'สุไหงโก-ลก', 'สุไหงโกลก', 'นราธิวาส', '96120'),
(7411, 'ปาเสมัส', 'สุไหงโกลก', 'นราธิวาส', '96120'),
(7412, 'มูโนะ', 'สุไหงโกลก', 'นราธิวาส', '96120'),
(7413, 'ปูโยะ', 'สุไหงโกลก', 'นราธิวาส', '96120'),
(7414, 'ปะลุรู', 'สุไหงปาดี', 'นราธิวาส', '96140'),
(7415, 'สุไหงปาดี', 'สุไหงปาดี', 'นราธิวาส', '96140'),
(7416, 'โต๊ะเด็ง', 'สุไหงปาดี', 'นราธิวาส', '96140'),
(7417, 'สากอ', 'สุไหงปาดี', 'นราธิวาส', '96140'),
(7418, 'ริโก๋', 'สุไหงปาดี', 'นราธิวาส', '96140'),
(7419, 'กาวะ', 'สุไหงปาดี', 'นราธิวาส', '96140'),
(7420, 'จะแนะ', 'จะแนะ', 'นราธิวาส', '96220'),
(7421, 'ดุซงญอ', 'จะแนะ', 'นราธิวาส', '96220'),
(7422, 'ผดุงมาตร', 'จะแนะ', 'นราธิวาส', '96220'),
(7423, 'ช้างเผือก', 'จะแนะ', 'นราธิวาส', '96220'),
(7424, 'จวบ', 'เจาะไอร้อง', 'นราธิวาส', '96130'),
(7425, 'บูกิต', 'เจาะไอร้อง', 'นราธิวาส', '96130'),
(7426, 'มะรือโบออก', 'เจาะไอร้อง', 'นราธิวาส', '96130');

-- --------------------------------------------------------

--
-- Table structure for table `address_sender`
--

CREATE TABLE `address_sender` (
  `id` int(5) NOT NULL,
  `name` varchar(255) NOT NULL,
  `address1` varchar(255) DEFAULT NULL,
  `address2` varchar(255) DEFAULT NULL,
  `phone` varchar(20) NOT NULL,
  `open` time NOT NULL,
  `close` time NOT NULL,
  `type` enum('เก็บเงินปลายทาง','เก็บเงินต้นทาง') NOT NULL DEFAULT 'เก็บเงินปลายทาง',
  `show_in_list` tinyint(1) NOT NULL DEFAULT '0'
) ENGINE=InnoDB DEFAULT CHARSET=utf8;

--
-- Dumping data for table `address_sender`
--

INSERT INTO `address_sender` (`id`, `name`, `address1`, `address2`, `phone`, `open`, `close`, `type`, `show_in_list`) VALUES
(1, 'ไปรษณีย์', '', '', '', '00:00:00', '00:00:00', 'เก็บเงินต้นทาง', 1),
(2, 'Kerry Express', '', '', '', '00:00:00', '00:00:00', 'เก็บเงินต้นทาง', 1),
(3, 'SCG', '', '', '', '00:00:00', '00:00:00', 'เก็บเงินต้นทาง', 1),
(4, 'เอสพี สุพาภัณฑ์', '', '', '', '00:00:00', '00:00:00', 'เก็บเงินปลายทาง', 0),
(5, 'KSD ขนส่งด่วน', 'พุทธมณฑลสาย 2 ซอย 11', '', '090-812-1301', '00:00:00', '00:00:00', 'เก็บเงินปลายทาง', 0);

-- --------------------------------------------------------

--
-- Table structure for table `address_ship_to`
--

CREATE TABLE `address_ship_to` (
  `id` int(11) NOT NULL,
  `code` varchar(254) DEFAULT NULL,
  `customer_code` varchar(20) DEFAULT NULL,
  `name` varchar(254) DEFAULT NULL,
  `address` varchar(254) DEFAULT NULL,
  `sub_district` varchar(100) DEFAULT NULL,
  `district` varchar(100) DEFAULT NULL,
  `province` varchar(100) DEFAULT NULL,
  `postcode` varchar(12) DEFAULT NULL,
  `phone` varchar(32) DEFAULT NULL,
  `email` varchar(100) DEFAULT NULL,
  `alias` varchar(50) DEFAULT NULL,
  `is_default` tinyint(1) NOT NULL DEFAULT '0'
) ENGINE=InnoDB DEFAULT CHARSET=utf8;

--
-- Dumping data for table `address_ship_to`
--

INSERT INTO `address_ship_to` (`id`, `code`, `customer_code`, `name`, `address`, `sub_district`, `district`, `province`, `postcode`, `phone`, `email`, `alias`, `is_default`) VALUES
(1, 'C0001', NULL, 'สุทัศ สังช์สวัสดิ์', '9/12 หมู่ที่ 4', 'บางกระทึก', 'สามพราน', 'นครปฐม', '73210', '0891747597', '', 'หน้าร้าน', 0),
(2, 'C0001', NULL, 'สุทัศ สังข์สวัสดิ์', '212/10 หมู่บ้านชัยพฤกษ์ พุทธมณฑลสาย 5', 'บางเตย', 'สามพราน', 'นครปฐม', '73210', '089 174 7597', '', 'บ้าน', 1),
(3, 'XA1', NULL, 'Someone Handsom', '123/456 ถ.พุทธมณฑลสาย 5', 'ไร่ขิง', 'สามพราน', 'นครปฐม', '73210', '089 751 2539', '', 'office', 0),
(4, 'Someone', NULL, 'Sutouch Sangsawat', '121/10 Chaiyapeuk sai 5 village', 'บางเตย', 'สามพราน', 'นครปฐม', '73210', '0817512539', '', 'บ้าน', 0),
(5, 'XA2', NULL, 'Sutouch Sungsawas', '75/65 หมู่บ้านพฤกษา75 หมู่ 2', 'ไร่ขิง', 'สามพราน', 'นครปฐม', '73210', '0891747597', '', 'บ้าน', 0),
(6, 'Sutouch', NULL, 'สุทัศ', '123/456', 'บางเตย', 'สามพราน', 'นครปฐม', '73210', '0891747597', '', 'บ้าน', 0),
(7, 'IX123', NULL, 'Sutouch', '123/456', 'บางพระ', 'นครชัยศรี', 'นครปฐม', '73120', '1234567', '', 'บ้าน', 0);

-- --------------------------------------------------------

--
-- Table structure for table `address_transport`
--

CREATE TABLE `address_transport` (
  `id` int(11) NOT NULL,
  `customer_code` varchar(20) DEFAULT NULL,
  `main_sender` int(5) DEFAULT NULL,
  `second_sender` int(5) DEFAULT NULL,
  `third_sender` int(5) DEFAULT NULL
) ENGINE=InnoDB DEFAULT CHARSET=utf8;

--
-- Dumping data for table `address_transport`
--

INSERT INTO `address_transport` (`id`, `customer_code`, `main_sender`, `second_sender`, `third_sender`) VALUES
(1, 'C0001', 4, 5, 2);

-- --------------------------------------------------------

--
-- Table structure for table `adjust`
--

CREATE TABLE `adjust` (
  `code` varchar(20) NOT NULL,
  `bookcode` varchar(5) DEFAULT NULL,
  `reference` varchar(32) DEFAULT NULL,
  `date_add` datetime NOT NULL DEFAULT CURRENT_TIMESTAMP,
  `date_upd` timestamp NOT NULL DEFAULT CURRENT_TIMESTAMP ON UPDATE CURRENT_TIMESTAMP,
  `user` varchar(50) DEFAULT NULL,
  `update_user` varchar(50) DEFAULT NULL,
  `status` tinyint(1) NOT NULL DEFAULT '0' COMMENT '0 = not save, 1 = saved, 2 = cancle',
  `remark` text
) ENGINE=InnoDB DEFAULT CHARSET=utf8;

--
-- Dumping data for table `adjust`
--

INSERT INTO `adjust` (`code`, `bookcode`, `reference`, `date_add`, `date_upd`, `user`, `update_user`, `status`, `remark`) VALUES
('AJ-200500001', NULL, 'WO-12345678', '2020-05-24 12:59:37', '2020-05-26 14:44:26', 'admin', 'admin', 2, 'ปรับยอดจากการเปลี่ยนสินค้า'),
('AJ-200500002', NULL, NULL, '2020-05-26 22:03:57', '2020-05-26 15:05:34', 'admin', 'admin', 2, 'ทดสอบปรับสต็อก 1'),
('AJ-200500003', NULL, 'WX-2001001', '2020-05-26 22:08:39', '2020-05-26 15:17:40', 'admin', 'admin', 1, 'ปรับยอดจากการตรวจนับ');

-- --------------------------------------------------------

--
-- Table structure for table `adjust_detail`
--

CREATE TABLE `adjust_detail` (
  `id` int(11) NOT NULL,
  `adjust_code` varchar(20) NOT NULL,
  `warehouse_code` varchar(20) NOT NULL,
  `zone_code` varchar(200) NOT NULL,
  `product_code` varchar(50) NOT NULL,
  `qty` decimal(15,2) NOT NULL DEFAULT '0.00',
  `id_diff` int(11) DEFAULT NULL COMMENT 'หากดึงยอดต่าง',
  `valid` tinyint(1) NOT NULL DEFAULT '0' COMMENT 'ปรับยอดแล้วหรือยัง',
  `date_upd` timestamp NOT NULL DEFAULT CURRENT_TIMESTAMP ON UPDATE CURRENT_TIMESTAMP
) ENGINE=InnoDB DEFAULT CHARSET=utf8;

--
-- Dumping data for table `adjust_detail`
--

INSERT INTO `adjust_detail` (`id`, `adjust_code`, `warehouse_code`, `zone_code`, `product_code`, `qty`, `id_diff`, `valid`, `date_upd`) VALUES
(7, 'AJ-200500003', '0000', '0000', 'A5033-AW-S', '-2.00', NULL, 1, '2020-05-26 15:17:40');

-- --------------------------------------------------------

--
-- Table structure for table `bank`
--

CREATE TABLE `bank` (
  `code` varchar(20) NOT NULL,
  `name` varchar(50) NOT NULL
) ENGINE=InnoDB DEFAULT CHARSET=utf8;

--
-- Dumping data for table `bank`
--

INSERT INTO `bank` (`code`, `name`) VALUES
('BAY', 'ธนาคารกรุงศรีอยุธยา'),
('BBL', 'ธนาคารกรุงเทพ'),
('GSB', 'ธนาคารออมสิน'),
('KBANK', 'ธนาคารกสิกรไทย'),
('KTB', 'ธนาคารกรุงไทย'),
('NBANK', 'ธนาคารธนชาติ'),
('SCB', 'ธนาคารไทยพาณิชย์'),
('TMB', 'ธนาคารทหารไทย');

-- --------------------------------------------------------

--
-- Table structure for table `bank_account`
--

CREATE TABLE `bank_account` (
  `id` int(11) NOT NULL,
  `bank_code` varchar(20) NOT NULL,
  `bank_name` varchar(50) NOT NULL,
  `branch` varchar(100) NOT NULL,
  `acc_name` varchar(100) NOT NULL,
  `acc_no` varchar(20) NOT NULL,
  `swift_code` varchar(32) DEFAULT NULL,
  `active` tinyint(1) NOT NULL DEFAULT '1'
) ENGINE=InnoDB DEFAULT CHARSET=utf8;

--
-- Dumping data for table `bank_account`
--

INSERT INTO `bank_account` (`id`, `bank_code`, `bank_name`, `branch`, `acc_name`, `acc_no`, `swift_code`, `active`) VALUES
(1, 'KBANK', 'ธนาคารกสิกรไทย', 'อ้อมน้อย', 'บริษัท วอริกซ์ สปอร์ต จำกัด', '439-1-01549-5', NULL, 1),
(2, 'BBL', 'ธนาคารกรุงเทพ', 'อ้อมใหญ่', 'บริษัท วอริกซ์ สปอร์ต จำกัด', '239-3-02018-1', NULL, 1);

-- --------------------------------------------------------

--
-- Table structure for table `barcode_ean13`
--

CREATE TABLE `barcode_ean13` (
  `barcode` varchar(13) NOT NULL,
  `running` varchar(12) NOT NULL,
  `item_code` varchar(50) NOT NULL
) ENGINE=InnoDB DEFAULT CHARSET=utf8;

-- --------------------------------------------------------

--
-- Table structure for table `barcode_local`
--

CREATE TABLE `barcode_local` (
  `barcode` varchar(50) NOT NULL,
  `item_code` varchar(50) NOT NULL
) ENGINE=InnoDB DEFAULT CHARSET=utf8;

--
-- Dumping data for table `barcode_local`
--

INSERT INTO `barcode_local` (`barcode`, `item_code`) VALUES
('88587971230001', 'start'),
('88587971230004', 'WA-3318N-AA-L'),
('88587971230005', 'WA-3318N-AA-M'),
('88587971230006', 'WA-3318N-AA-S'),
('88587971230007', 'WA-3318N-AA-XS'),
('88587971230008', 'WA-3318N-BB-L'),
('88587971230009', 'WA-3318N-BB-M'),
('88587971230010', 'WA-3318N-BB-S'),
('88587971230011', 'WA-3318N-BB-XS'),
('88587971230012', 'WA-3318N-EE-L'),
('88587971230013', 'WA-3318N-EE-M'),
('88587971230002', 'WA-3318N-EE-S'),
('88587971230014', 'WA-3318N-EE-S'),
('88587971230003', 'WA-3318N-EE-XS'),
('88587971230015', 'WA-3318N-EE-XS'),
('88587971230022', 'WA-3318NB-YW-2L'),
('88587971230023', 'WA-3318NB-YW-3L'),
('88587971230024', 'WA-3318NB-YW-5L'),
('88587971230025', 'WA-3318NB-YW-7L'),
('88587971230026', 'WA-3318NB-YW-L'),
('88587971230027', 'WA-3318NB-YW-M'),
('88587971230028', 'WA-3318NB-YW-S'),
('88587971230029', 'WA-3318NB-YW-XL'),
('88587971230030', 'WA-3318NB-YW-XS'),
('88587971230016', 'WS-3311-AA-L'),
('88587971230017', 'WS-3311-AA-M'),
('88587971230018', 'WS-3311-AA-S'),
('88587971230019', 'WS-3311-BE-L'),
('88587971230020', 'WS-3311-BE-M'),
('88587971230021', 'WS-3311-BE-S');

-- --------------------------------------------------------

--
-- Table structure for table `buffer`
--

CREATE TABLE `buffer` (
  `id` int(11) NOT NULL,
  `order_code` varchar(20) NOT NULL,
  `product_code` varchar(50) NOT NULL,
  `warehouse_code` varchar(20) DEFAULT NULL,
  `zone_code` varchar(20) NOT NULL,
  `qty` decimal(15,2) NOT NULL DEFAULT '0.00',
  `user` varchar(50) DEFAULT NULL,
  `date_upd` timestamp NOT NULL DEFAULT CURRENT_TIMESTAMP ON UPDATE CURRENT_TIMESTAMP
) ENGINE=InnoDB DEFAULT CHARSET=utf8;

-- --------------------------------------------------------

--
-- Table structure for table `cancle`
--

CREATE TABLE `cancle` (
  `id` int(11) NOT NULL,
  `order_code` varchar(20) NOT NULL,
  `product_code` varchar(50) NOT NULL,
  `warehouse_code` varchar(20) DEFAULT NULL,
  `zone_code` varchar(20) NOT NULL,
  `qty` decimal(15,2) NOT NULL DEFAULT '0.00',
  `user` varchar(50) DEFAULT NULL,
  `date_upd` timestamp NOT NULL DEFAULT CURRENT_TIMESTAMP ON UPDATE CURRENT_TIMESTAMP
) ENGINE=InnoDB DEFAULT CHARSET=utf8;

-- --------------------------------------------------------

--
-- Table structure for table `channels`
--

CREATE TABLE `channels` (
  `code` varchar(10) NOT NULL,
  `name` varchar(50) NOT NULL,
  `customer_code` varchar(15) DEFAULT NULL,
  `customer_name` varchar(254) DEFAULT NULL,
  `is_online` tinyint(1) NOT NULL DEFAULT '0',
  `is_default` tinyint(1) NOT NULL DEFAULT '0',
  `date_add` datetime NOT NULL DEFAULT CURRENT_TIMESTAMP,
  `date_upd` datetime NOT NULL DEFAULT CURRENT_TIMESTAMP ON UPDATE CURRENT_TIMESTAMP
) ENGINE=InnoDB DEFAULT CHARSET=utf8;

--
-- Dumping data for table `channels`
--

INSERT INTO `channels` (`code`, `name`, `customer_code`, `customer_name`, `is_online`, `is_default`, `date_add`, `date_upd`) VALUES
('001', 'หน้าร้าน', NULL, NULL, 0, 0, '2020-01-15 10:17:14', '2020-01-15 10:18:33'),
('002', 'ร้านค้าตัวแทน', NULL, NULL, 0, 0, '2020-01-15 10:19:11', '2020-01-15 10:19:11'),
('003', 'Line@', NULL, NULL, 0, 0, '2020-01-15 10:19:21', '2020-01-15 10:19:21'),
('004', 'Facebook', NULL, NULL, 0, 0, '2020-01-15 10:19:57', '2020-01-15 10:19:57');

-- --------------------------------------------------------

--
-- Table structure for table `config`
--

CREATE TABLE `config` (
  `code` varchar(50) NOT NULL,
  `name` varchar(254) DEFAULT NULL,
  `value` varchar(250) NOT NULL,
  `group_code` varchar(20) DEFAULT NULL,
  `description` varchar(100) NOT NULL,
  `date_upd` timestamp NOT NULL DEFAULT CURRENT_TIMESTAMP ON UPDATE CURRENT_TIMESTAMP
) ENGINE=InnoDB DEFAULT CHARSET=utf8;

--
-- Dumping data for table `config`
--

INSERT INTO `config` (`code`, `name`, `value`, `group_code`, `description`, `date_upd`) VALUES
('ALLOW_EDIT_DISCOUNT', 'อนุญาติให้แก้ไขส่วนลด', '1', 'Order', 'อนุญาติให้แก้ไขส่วนลดได้หรือไม่ \r\n1 = ได้ 0 = ไม่ได้', '2019-09-03 03:22:12'),
('ALLOW_EDIT_PRICE', 'อนุญาติให้แก้ไขราคา', '1', 'Order', 'อนุญาติให้แก้ไขราคาได้หรือไม่ \r\n1 = ได้ 0 = ไม่ได้', '2019-09-03 03:22:00'),
('ALLOW_UNDER_ZERO', 'อนุญาติให้สต็อกติดลบได้', '0', 'Inventory', '', '2020-10-06 04:25:13'),
('ALLOW_UPLOAD_ORDER', 'ให้เพิ่มออเดอร์โดยใช้ไฟล์ excel หรือไม่', '1', 'Order', '', '2019-09-02 04:11:18'),
('AUTO_CLOSE_PO', 'ปิดใบสั่งซื้ออัตโนมัติเมื่อรับของครบแล้ว', '1', 'General', '', '2019-12-20 14:40:57'),
('BOOK_CODE_CONSIGN_SO', 'รหัสเล่มใบฝากขาย(ใบกำกับ)', 'CS', 'Document', '', '2019-08-31 11:48:24'),
('BOOK_CODE_CONSIGN_SOLD', 'รหัสเล่มตัดยอดฝากขาย', 'WM', 'Document', '', '2019-09-03 06:57:12'),
('BOOK_CODE_CONSIGN_TR', 'รหัสเล่มใบฝากขาย(โอนคลัง)', 'CT', 'Document', '', '2019-08-31 11:48:34'),
('BOOK_CODE_LEND', 'รหัสเล่มใบยืมสินค้า', 'LD', 'Document', '', '2019-08-31 11:48:58'),
('BOOK_CODE_ORDER', 'รหัสเล่มใบสั่งขาย', 'SO', 'Document', 'รหัสเล่ม', '2019-08-31 11:49:01'),
('BOOK_CODE_RECEIVE_PO', 'รหัสเล่มใบรับสินค้า(PO)', 'WR', 'Document', '', '2019-08-31 11:49:12'),
('BOOK_CODE_RECEIVE_TRANSFORM', 'รับเข้าจากการแปรสภาพ', 'RT', 'Document', '', '2019-08-31 11:49:16'),
('BOOK_CODE_RETURN_LEND', 'รับคืนจากการยืม', 'RD', 'Document', '', '2019-09-09 09:28:58'),
('BOOK_CODE_RETURN_ORDER', 'รับคืนสินค้าจากการขาย', 'CN', 'Document', '', '2019-08-31 11:49:21'),
('BOOK_CODE_SPONSOR', 'รหัสเล่มใบสั่งขาย(สปอนเซอร์)', 'SP', 'Document', '', '2019-08-31 11:49:25'),
('BOOK_CODE_SUPPORT', 'รหัสเล่มใบสั่งขาย(อภินันท์)', 'SU', 'Document', 'รหัสเล่มเอกสาร เบิกอภินันท์', '2019-08-31 11:49:30'),
('BOOK_CODE_TRANSFER', 'รหัสเล่มโอนสินค้าระหว่างคลัง', 'WW', 'Document', '', '2019-08-31 11:49:33'),
('BOOK_CODE_TRANSFORM', 'รหัสเล่มใบเบิกแปรสภาพ', 'WQ', 'Document', '', '2019-08-31 11:49:38'),
('BOOK_CODE_TRANSFORM_STOCK', 'เบิกแปรสภาพ(สต็อก)', 'WV', 'Document', '', '2019-09-03 07:01:47'),
('CLOSE_SYSTEM', 'ปิดปรับปรุงระบบ', '0', 'System', '1 = close, 0 = open', '2020-01-15 06:59:56'),
('COMPANY_ADDRESS1', 'ที่อยู่', 'เลขที่ 1/2 หมู่9 ซอยกระทุ่มล้ม9 ต. กระทุ่มล้ม', 'Company', '', '2020-11-03 18:26:07'),
('COMPANY_ADDRESS2', NULL, 'อ. สามพราน จ. นครปฐม', 'Company', '', '2020-11-03 18:26:07'),
('COMPANY_CODE', 'รหัสบริษัท', '0001', 'Company', '', '2019-08-31 11:49:52'),
('COMPANY_EMAIL', 'อีเมล์', '', 'Company', '', '2020-01-06 16:57:07'),
('COMPANY_FAX_NUMBER', 'แฟกซ์', '', 'Company', '', '2020-01-06 16:57:07'),
('COMPANY_FULL_NAME', 'ชื่อเต็ม', 'บริษัท กู๊ด บ็อกซ์ แพ็ค จำกัด', 'Company', '', '2020-11-03 06:56:36'),
('COMPANY_NAME', 'ชื่อย่อ', 'GOOD BOX PACK', 'Company', '', '2020-11-02 12:44:05'),
('COMPANY_PHONE', 'โทรศัพท์', '098 256 9834', 'Company', '', '2020-11-03 06:56:36'),
('COMPANY_POST_CODE', 'รหัสไปรษณีย์', '73220', 'Company', '', '2020-11-03 06:56:36'),
('COMPANY_TAX_ID', 'เลขที่ผู้เสียภาษี', '1234567890123', 'Company', '', '2020-11-03 06:56:36'),
('CONTROL_CREDIT', 'คุมเครดิตหรือไม่', '0', 'Order', '', '2020-01-06 16:57:22'),
('CURRENCY', 'สกุลเงิน', 'THB', 'SAP', '', '2019-08-31 13:14:37'),
('DEFAULT_CUSTOMER', 'ลูกค้าเริ่มต้นหากไม่มีการกำหนดรหัสลูกค้า', 'C0005', 'Order', '', '2019-08-31 11:51:00'),
('DHL_DEFAULT_WEIGHT', 'น้ำหนังเริ่มต้นของ DHL', '100', 'Order', 'กำหนดน้ำหนักเริ่มต้นของการขนส่งแบบ DHL', '2019-09-02 04:47:53'),
('IMPORT_ROWS_LIMIT', 'จำกัดจำนวนบรรทัดที่เอาข้อมูลเข้าระบบโดยการอัพโหลด', '100', 'System', '', '2020-10-14 14:10:46'),
('ITEM_GROUP_CODE', 'รหัสกลุ่มสินค้า (ต้องตรงกับ SAP)', '100', 'SAP', '', '2019-08-31 11:54:29'),
('LANGUAGE', 'ภาษา', 'english', 'System', 'thai, english', '2019-11-20 15:58:58'),
('LEND_WAREHOUSE', 'รหัสคลังยืมสินค้า', 'WR-BROW', 'Inventory', 'รหัสคลังใช้สำหรับโอนสินค้าไปพักไว้เพื่อรอคืนสินค้า', '2019-09-09 09:20:53'),
('ORDER_EXPIRATION', 'อายุของออเดอร์', '7', 'Order', '', '2019-09-02 04:35:41'),
('OVER_DUE_DATE', 'จำนวนวันที่คุมเครดิต', '30', 'Order', 'จำนวนวันที่บวกเพิ่มจาก due date เช่น เครดิต 30 วัน คุมที่ 60 วัน จะเป็น (due date + 30)  = 60 วัน', '2019-08-31 11:51:37'),
('PREFIX_ADJUST', NULL, 'AJ', 'Document', '', '2020-05-25 14:02:55'),
('PREFIX_CONSIGN_CHECK', 'กระทบยอดสินค้าฝากขาย', 'WX', 'Document', '', '2019-09-03 04:27:07'),
('PREFIX_CONSIGN_SO', 'ฝากขาย(ใบกำกับ)', 'WC', 'Document', '', '2019-08-31 11:51:44'),
('PREFIX_CONSIGN_SOLD', 'ตัดยอดฝากขาย', 'WM', 'Document', '', '2019-09-03 04:07:05'),
('PREFIX_CONSIGN_TR', 'ฝากขาย(โอนคลัง)', 'WT', 'Document', '', '2019-08-31 11:51:49'),
('PREFIX_LEND', 'ยืมสินค้า', 'WL', 'Document', '', '2019-08-31 11:51:53'),
('PREFIX_MOVE', 'ย้ายพื้นที่จัดเก็บ', 'MV', 'Document', '', '2019-09-03 04:29:23'),
('PREFIX_ORDER', NULL, 'WO', 'Document', '', '2019-08-31 11:51:58'),
('PREFIX_ORDER_REPAY', 'ตัดหนี้', 'RI', 'Document', '', '2020-01-21 06:45:15'),
('PREFIX_PO', 'ใบสั่งซื้อ', 'PO', 'Document', '', '2019-12-15 02:49:22'),
('PREFIX_POLICY', NULL, 'PL', 'Document', '', '2019-08-31 11:52:04'),
('PREFIX_QUOTATION', 'ใบเสนอราคา', 'QT', 'Document', '', '2020-02-26 05:07:43'),
('PREFIX_RECEIVE_PO', 'รับสินค้า(ใบสั่งซื้อ)', 'WR', 'Document', 'รับสินค้าจากการซื้อ', '2019-08-31 11:52:11'),
('PREFIX_RECEIVE_TRANSFORM', 'รับสินค้า(แปรสภาพ)', 'RT', 'Document', '', '2019-09-03 06:33:12'),
('PREFIX_RETURN_LEND', 'คืนสินค้าจากการยืม', 'RN', 'Document', '', '2019-09-03 04:25:24'),
('PREFIX_RETURN_ORDER', 'รับคืนสินค้า(ลดหนี้ขาย)', 'CN', 'Document', '', '2019-08-31 11:52:17'),
('PREFIX_RULE', 'เงื่อนไขส่วนลด', 'RL', 'Document', '', '2019-08-31 11:52:23'),
('PREFIX_SHIPPING_NUMBER', 'ตัวอักษรนำหน้าเลขที่จัดส่งสินค้า', 'THBEZ', 'Order', 'ตัวอักษรนำหน้าเลขที่จัดส่งสินค้า', '2019-08-31 11:52:48'),
('PREFIX_SPONSOR', 'เบิกสปอนเซอร์', 'WS', 'Document', '', '2019-08-31 11:52:53'),
('PREFIX_SUPPORT', 'เบิกอภินันท์', 'WU', 'Document', '', '2019-08-31 11:53:00'),
('PREFIX_TRANSFER', NULL, 'WW', 'Document', '', '2019-08-31 11:53:03'),
('PREFIX_TRANSFORM', 'เบิกแปรสภาพ', 'WQ', 'Document', '', '2019-08-31 11:53:07'),
('PREFIX_TRANSFORM_STOCK', 'เบิกแปรสภาพ(สต็อก)', 'WV', 'Document', '', '2019-08-31 11:53:10'),
('PURCHASE_VAT_CODE', 'รหัสภาษีซื้อ(ต้องตรงกับ SAP)', 'P07', 'SAP', '', '2019-09-03 07:48:53'),
('PURCHASE_VAT_RATE', 'ภาษีซื้อ', '7.00', 'SAP', '', '2019-09-03 07:53:14'),
('RECEIVE_OVER_PO', 'รับสินค้าเกิน(%)', '0', 'Inventory', 'อนุญาติให้รับสินค้าเกินใบสั่งซื้อไม่เกินกี่ %', '2019-09-03 08:00:20'),
('REQUIRED_ALL_ATTRIBUTE', 'ต้องระบุคุณสมบัติสินค้าทุกรายการ', '0', 'Inventory', '', '2020-10-14 06:00:34'),
('RUN_DIGIT_ADJUST', NULL, '5', 'Document', '', '2020-05-25 14:03:15'),
('RUN_DIGIT_CONSIGN_CHECK', 'กระทบยอดสินค้าฝากขาย', '5', 'Document', '', '2019-09-03 04:27:07'),
('RUN_DIGIT_CONSIGN_SO', 'จำนวนหลัก', '5', 'Document', '', '2019-08-31 11:55:27'),
('RUN_DIGIT_CONSIGN_SOLD', 'ตัดยอดฝากขาย', '5', 'Document', '', '2019-09-03 04:07:11'),
('RUN_DIGIT_CONSIGN_TR', 'จำนวนหลัก', '5', 'Document', '', '2019-08-31 11:55:31'),
('RUN_DIGIT_LEND', 'จำนวนหลัก', '5', 'Document', '', '2019-08-31 11:55:36'),
('RUN_DIGIT_MOVE', 'ย้ายพื้นที่จัดเก็บ', '5', 'Document', '', '2019-09-03 04:31:39'),
('RUN_DIGIT_ORDER', 'จำนวนหลัก', '5', 'Document', '', '2019-08-31 11:55:42'),
('RUN_DIGIT_ORDER_REPAY', 'จำนวนหลัก', '5', 'Document', '', '2019-08-31 11:55:27'),
('RUN_DIGIT_PO', NULL, '5', 'Document', '', '2020-02-26 05:08:05'),
('RUN_DIGIT_POLICY', 'จำนวนหลัก', '5', 'Document', '', '2019-08-31 11:55:52'),
('RUN_DIGIT_QUOTATION', NULL, '5', 'Document', '', '2020-02-26 05:07:43'),
('RUN_DIGIT_RECEIVE_PO', 'จำนวนหลัก', '5', 'Document', '', '2019-08-31 11:55:56'),
('RUN_DIGIT_RECEIVE_TRANSFORM', 'จำนวนหลัก', '5', 'Document', '', '2019-08-31 11:56:00'),
('RUN_DIGIT_RETURN_LEND', 'คืนสินค้าจากการยืม', '5', 'Document', '', '2019-09-03 04:25:24'),
('RUN_DIGIT_RETURN_ORDER', 'จำนวนหลัก', '5', 'Document', '', '2019-08-31 11:56:06'),
('RUN_DIGIT_RULE', 'จำนวนหลัก', '5', 'Document', '', '2019-08-31 11:56:10'),
('RUN_DIGIT_SPONSOR', 'จำนวนหลัก', '5', 'Document', '', '2019-08-31 11:56:13'),
('RUN_DIGIT_SUPPORT', 'จำนวนหลัก', '5', 'Document', '', '2019-08-31 11:56:17'),
('RUN_DIGIT_TRANSFER', NULL, '5', 'Document', '', '2019-08-31 11:56:21'),
('RUN_DIGIT_TRANSFORM', 'จำนวนหลัก', '5', 'Document', '', '2019-08-31 11:56:24'),
('RUN_DIGIT_TRANSFORM_STOCK', 'เบิกแปรสภาพ(สต็อก)', '5', 'Document', '', '2019-08-31 11:56:29'),
('SALE_VAT_CODE', 'รหัสภาษีขาย(ต้องตรงกับ SAP)', 'S07', 'SAP', '', '2019-08-31 11:56:33'),
('SALE_VAT_RATE', 'ภาษีขาย', '7.00', 'SAP', '', '2019-09-03 07:53:14'),
('START_YEAR', 'ปีที่เริ่มกิจการ', '2020', 'Company', 'ปีเริ่มต้นกิจการ', '2020-11-03 06:56:36'),
('STOCK_FILTER', 'สต็อกฟิลเตอร์', '0', 'Order', 'กำหนดให้แสดงยอดสินค้าสั่งได้ไม่เกินที่กำหนด', '2019-08-31 11:57:05'),
('STRICT_OVER_DUE', 'ไม่อนุญาติให้ขายหากลูกค้ามียอดค้างชำระเกิน due', '0', 'Order', '', '2020-05-02 15:27:21'),
('SYNC_WEB_STOCK', 'Sync stock ไปที่เว็บ', '0', 'Inventory', 'เปิด/ปิด การซิงค์ สต็อกสินค้าไปที่เว็บไซต์', '2019-09-11 11:49:27'),
('TRANSFORM_WAREHOUSE', 'รหัสคลังระหว่างทำ', 'AFG-003', 'Inventory', 'คลังสำหรับเก็บสินค้าแปรสภาพ', '2019-09-03 08:00:20'),
('USE_DELIVERY_BILL', 'พิมพ์ตั๋วขนส่ง', '0', 'Inventory', '', '2020-01-16 10:54:43'),
('USE_QC', 'เปิดใช้งานระบบ QC', '1', 'Inventory', 'เปิด/ปิด การตรวจสินค้า', '2020-09-24 07:42:09');

-- --------------------------------------------------------

--
-- Table structure for table `config_group`
--

CREATE TABLE `config_group` (
  `code` varchar(20) NOT NULL,
  `name` varchar(254) NOT NULL,
  `position` tinyint(2) DEFAULT NULL
) ENGINE=InnoDB DEFAULT CHARSET=utf8;

--
-- Dumping data for table `config_group`
--

INSERT INTO `config_group` (`code`, `name`, `position`) VALUES
('Company', 'ข้อมูลบริษัท', 2),
('Document', 'เอกสาร', 3),
('General', 'ทั่วไป', 1),
('Inventory', 'คลัง', 5),
('Order', 'ออเดอร์', 4),
('SAP', 'ข้อมูลที่ต้องตรงกับ SA', 7),
('System', 'ระบบ', 6);

-- --------------------------------------------------------

--
-- Table structure for table `consign_box`
--

CREATE TABLE `consign_box` (
  `id` int(11) NOT NULL,
  `code` varchar(32) DEFAULT NULL,
  `check_code` varchar(20) DEFAULT NULL,
  `box_no` smallint(5) UNSIGNED DEFAULT '1'
) ENGINE=InnoDB DEFAULT CHARSET=utf8;

--
-- Dumping data for table `consign_box`
--

INSERT INTO `consign_box` (`id`, `code`, `check_code`, `box_no`) VALUES
(2, '0000', 'WX-200100002', 1);

-- --------------------------------------------------------

--
-- Table structure for table `consign_box_detail`
--

CREATE TABLE `consign_box_detail` (
  `id` int(11) NOT NULL,
  `check_code` varchar(20) NOT NULL,
  `id_box` smallint(5) UNSIGNED NOT NULL,
  `product_code` varchar(50) NOT NULL,
  `qty` int(11) NOT NULL DEFAULT '1',
  `date_upd` timestamp NOT NULL DEFAULT CURRENT_TIMESTAMP ON UPDATE CURRENT_TIMESTAMP
) ENGINE=InnoDB DEFAULT CHARSET=utf8;

--
-- Dumping data for table `consign_box_detail`
--

INSERT INTO `consign_box_detail` (`id`, `check_code`, `id_box`, `product_code`, `qty`, `date_upd`) VALUES
(1, 'WX-200100002', 2, 'WA-3315N-DT-2L', 2, '2020-01-23 16:15:18'),
(2, 'WX-200100002', 2, 'WA-3315N-DT-3L', 2, '2020-01-23 16:15:29'),
(3, 'WX-200100002', 2, 'WA-3315N-DT-5L', 2, '2020-01-23 16:15:41'),
(4, 'WX-200100002', 2, 'WA-3315N-DT-7L', 2, '2020-01-23 16:15:51'),
(5, 'WX-200100002', 2, 'WA-3315N-DT-L', 1, '2020-01-23 16:15:56'),
(6, 'WX-200100002', 2, 'WA-3315N-DT-M', 1, '2020-01-23 16:15:59'),
(7, 'WX-200100002', 2, 'WA-3315N-DT-S', 1, '2020-01-23 16:16:02'),
(8, 'WX-200100002', 2, 'WA-3315N-DT-XL', 1, '2020-01-23 16:16:04'),
(9, 'WX-200100002', 2, 'WA-3315N-DT-XS', 2, '2020-01-23 16:16:11');

-- --------------------------------------------------------

--
-- Table structure for table `consign_check`
--

CREATE TABLE `consign_check` (
  `code` varchar(20) NOT NULL,
  `customer_code` varchar(20) NOT NULL,
  `customer_name` varchar(100) DEFAULT NULL,
  `zone_code` varchar(20) DEFAULT NULL,
  `warehouse_code` varchar(20) DEFAULT NULL,
  `user` varchar(50) DEFAULT NULL,
  `date_add` datetime NOT NULL DEFAULT CURRENT_TIMESTAMP,
  `update_user` varchar(50) DEFAULT NULL,
  `date_upd` timestamp NOT NULL DEFAULT CURRENT_TIMESTAMP ON UPDATE CURRENT_TIMESTAMP,
  `status` tinyint(1) NOT NULL DEFAULT '0' COMMENT '0= not save, 1=save , 2 = cancle',
  `valid` tinyint(1) NOT NULL DEFAULT '0' COMMENT '0 = unlink, 1 = link',
  `consign_code` varchar(20) DEFAULT NULL COMMENT 'link with consign sold',
  `remark` varchar(254) DEFAULT NULL
) ENGINE=InnoDB DEFAULT CHARSET=utf8;

--
-- Dumping data for table `consign_check`
--

INSERT INTO `consign_check` (`code`, `customer_code`, `customer_name`, `zone_code`, `warehouse_code`, `user`, `date_add`, `update_user`, `date_upd`, `status`, `valid`, `consign_code`, `remark`) VALUES
('WX-200100001', 'C0001', 'ร้าน โปรแกรม สปอร์ต', 'C001', 'CS001', 'admin', '2020-01-23 22:52:47', NULL, '2020-01-23 15:53:19', 2, 0, NULL, ''),
('WX-200100002', 'C0001', 'ร้าน โปรแกรม สปอร์ต', 'C001', 'CS001', 'admin', '2020-01-23 23:10:28', NULL, '2020-01-23 16:20:16', 1, 1, 'WM-200100001', '');

-- --------------------------------------------------------

--
-- Table structure for table `consign_check_detail`
--

CREATE TABLE `consign_check_detail` (
  `id` int(11) NOT NULL,
  `check_code` varchar(20) NOT NULL,
  `product_code` varchar(50) NOT NULL,
  `product_name` varchar(100) DEFAULT NULL,
  `stock_qty` int(11) NOT NULL DEFAULT '0',
  `qty` int(11) NOT NULL DEFAULT '0',
  `date_upd` timestamp NOT NULL DEFAULT CURRENT_TIMESTAMP ON UPDATE CURRENT_TIMESTAMP
) ENGINE=InnoDB DEFAULT CHARSET=utf8;

--
-- Dumping data for table `consign_check_detail`
--

INSERT INTO `consign_check_detail` (`id`, `check_code`, `product_code`, `product_name`, `stock_qty`, `qty`, `date_upd`) VALUES
(10, 'WX-200100002', 'WA-3315N-DT-2L', 'เสื้อโปโลเบสิก WA-3315N-DT-2L', 2, 2, '2020-01-23 16:15:18'),
(11, 'WX-200100002', 'WA-3315N-DT-3L', 'เสื้อโปโลเบสิก WA-3315N-DT-3L', 2, 2, '2020-01-23 16:15:29'),
(12, 'WX-200100002', 'WA-3315N-DT-5L', 'เสื้อโปโลเบสิก WA-3315N-DT-5L', 2, 2, '2020-01-23 16:15:41'),
(13, 'WX-200100002', 'WA-3315N-DT-7L', 'เสื้อโปโลเบสิก WA-3315N-DT-7L', 2, 2, '2020-01-23 16:15:51'),
(14, 'WX-200100002', 'WA-3315N-DT-L', 'เสื้อโปโลเบสิก WA-3315N-DT-L', 2, 1, '2020-01-23 16:15:56'),
(15, 'WX-200100002', 'WA-3315N-DT-M', 'เสื้อโปโลเบสิก WA-3315N-DT-M', 2, 1, '2020-01-23 16:15:59'),
(16, 'WX-200100002', 'WA-3315N-DT-S', 'เสื้อโปโลเบสิก WA-3315N-DT-S', 2, 1, '2020-01-23 16:16:02'),
(17, 'WX-200100002', 'WA-3315N-DT-XL', 'เสื้อโปโลเบสิก WA-3315N-DT-XL', 2, 1, '2020-01-23 16:16:04'),
(18, 'WX-200100002', 'WA-3315N-DT-XS', 'เสื้อโปโลเบสิก WA-3315N-DT-XS', 2, 2, '2020-01-23 16:16:11');

-- --------------------------------------------------------

--
-- Table structure for table `consign_order`
--

CREATE TABLE `consign_order` (
  `code` varchar(20) NOT NULL,
  `customer_code` varchar(20) DEFAULT NULL,
  `customer_name` varchar(100) DEFAULT NULL,
  `zone_code` varchar(228) DEFAULT NULL,
  `zone_name` varchar(254) DEFAULT NULL,
  `warehouse_code` varchar(20) DEFAULT NULL,
  `ref_code` varchar(20) DEFAULT NULL COMMENT 'reference from consolidate code',
  `remark` varchar(254) DEFAULT NULL,
  `date_add` datetime NOT NULL DEFAULT CURRENT_TIMESTAMP,
  `user` varchar(50) DEFAULT NULL,
  `date_upd` timestamp NOT NULL DEFAULT CURRENT_TIMESTAMP ON UPDATE CURRENT_TIMESTAMP,
  `update_user` varchar(50) DEFAULT NULL,
  `status` tinyint(1) NOT NULL DEFAULT '0' COMMENT '0 = not save, 1 = saved, 2 = cancle'
) ENGINE=InnoDB DEFAULT CHARSET=utf8;

--
-- Dumping data for table `consign_order`
--

INSERT INTO `consign_order` (`code`, `customer_code`, `customer_name`, `zone_code`, `zone_name`, `warehouse_code`, `ref_code`, `remark`, `date_add`, `user`, `date_upd`, `update_user`, `status`) VALUES
('WM-200100001', 'C0001', 'ร้าน โปรแกรม สปอร์ต', 'C001', 'ฝากขาย ร้านโปรแกรม', 'CS001', 'WX-200100002', '', '2020-01-23 13:30:27', 'admin', '2020-01-25 08:38:11', 'admin', 2),
('WM-200100002', 'C0001', 'ร้าน โปรแกรม สปอร์ต', 'C001', 'ฝากขาย ร้านโปรแกรม', 'CS001', NULL, '', '2020-01-24 22:55:54', 'admin', '2020-01-24 15:58:13', 'admin', 1),
('WM-200100003', 'C0001', 'ร้าน โปรแกรม สปอร์ต', 'C001', 'ฝากขาย ร้านโปรแกรม', 'CS001', NULL, '', '2020-01-24 22:59:36', 'admin', '2020-01-24 16:00:20', 'admin', 1),
('WM-200100004', 'C0001', 'ร้าน โปรแกรม สปอร์ต', 'C001', 'ฝากขาย ร้านโปรแกรม', 'CS001', NULL, '', '2020-01-24 23:03:27', 'admin', '2020-01-24 16:04:53', 'admin', 1),
('WM-201000001', 'C0001', 'ร้าน โปรแกรม สปอร์ต', 'C001', 'ฝากขาย ร้านโปรแกรม', 'CS001', NULL, '', '2020-10-06 13:56:07', 'sutouch', '2020-10-28 14:04:20', 'admin', 1),
('WM-201100001', 'C0001', 'ร้าน โปรแกรม สปอร์ต', 'C001', 'ฝากขาย ร้านโปรแกรม', 'CS001', NULL, '', '2020-11-10 22:06:07', 'admin', '2020-11-10 15:06:07', NULL, 0);

-- --------------------------------------------------------

--
-- Table structure for table `consign_order_detail`
--

CREATE TABLE `consign_order_detail` (
  `id` int(11) NOT NULL,
  `consign_code` varchar(20) NOT NULL,
  `style_code` varchar(50) DEFAULT NULL,
  `product_code` varchar(50) DEFAULT NULL,
  `product_name` varchar(100) DEFAULT NULL,
  `cost` decimal(15,2) NOT NULL DEFAULT '0.00',
  `price` decimal(15,2) NOT NULL DEFAULT '0.00',
  `qty` int(11) NOT NULL DEFAULT '1',
  `discount` varchar(30) DEFAULT NULL COMMENT 'discont label ',
  `discount_amount` decimal(15,2) NOT NULL DEFAULT '0.00' COMMENT 'discount * qty',
  `amount` decimal(15,2) NOT NULL DEFAULT '0.00',
  `status` tinyint(1) NOT NULL DEFAULT '0' COMMENT '0 = not save, 1= save, 2 = cancle',
  `ref_code` varchar(20) DEFAULT NULL COMMENT 'consolidate code',
  `input_type` tinyint(1) NOT NULL DEFAULT '1' COMMENT '1 = key in, 2 = consolidate, 3 = excel'
) ENGINE=InnoDB DEFAULT CHARSET=utf8;

--
-- Dumping data for table `consign_order_detail`
--

INSERT INTO `consign_order_detail` (`id`, `consign_code`, `style_code`, `product_code`, `product_name`, `cost`, `price`, `qty`, `discount`, `discount_amount`, `amount`, `status`, `ref_code`, `input_type`) VALUES
(15, 'WM-200100002', 'WA-3315N', 'WA-3315N-DT-XS', 'เสื้อโปโลเบสิก WA-3315N-DT-XS', '227.40', '379.00', 2, '20%+5%', '181.92', '576.08', 1, NULL, 3),
(16, 'WM-200100002', 'WA-3315N', 'WA-3315N-DT-5L', 'เสื้อโปโลเบสิก WA-3315N-DT-5L', '287.40', '479.00', 2, '0', '0.00', '958.00', 1, NULL, 3),
(17, 'WM-200100003', 'WA-3315N', 'WA-3315N-DT-2L', 'เสื้อโปโลเบสิก WA-3315N-DT-2L', '227.40', '379.00', 1, '30%', '113.70', '265.30', 1, NULL, 1),
(18, 'WM-200100003', 'WA-3315N', 'WA-3315N-DT-2L', 'เสื้อโปโลเบสิก WA-3315N-DT-2L', '227.40', '379.00', 1, '20%', '75.80', '303.20', 1, NULL, 1),
(19, 'WM-200100004', 'WA-3315N', 'WA-3315N-DT-3L', 'เสื้อโปโลเบสิก WA-3315N-DT-3L', '227.40', '379.00', 1, '30%', '113.70', '265.30', 1, NULL, 1),
(20, 'WM-200100004', 'WA-3315N', 'WA-3315N-DT-3L', 'เสื้อโปโลเบสิก WA-3315N-DT-3L', '227.40', '379.00', 1, '20%', '75.80', '303.20', 1, NULL, 1),
(21, 'WM-201000001', 'WA-3315N', 'WA-3315N-DT-S', 'เสื้อโปโลเบสิก WA-3315N-DT-S', '227.40', '379.00', 2, '30%', '227.40', '530.60', 1, NULL, 1),
(22, 'WM-201000001', 'WA-3315N', 'WA-3315N-DT-M', 'เสื้อโปโลเบสิก WA-3315N-DT-M', '227.40', '379.00', 2, '30%', '227.40', '530.60', 1, NULL, 1);

-- --------------------------------------------------------

--
-- Table structure for table `customers`
--

CREATE TABLE `customers` (
  `code` varchar(15) NOT NULL,
  `name` varchar(100) NOT NULL,
  `Tax_Id` varchar(32) DEFAULT NULL,
  `group_code` varchar(15) DEFAULT NULL,
  `kind_code` varchar(15) DEFAULT NULL,
  `type_code` varchar(15) DEFAULT NULL,
  `class_code` varchar(15) DEFAULT NULL,
  `area_code` varchar(15) DEFAULT NULL,
  `sale_code` varchar(16) DEFAULT NULL,
  `credit_term` int(3) NOT NULL DEFAULT '0',
  `amount` decimal(15,2) NOT NULL DEFAULT '0.00',
  `used` decimal(15,2) NOT NULL DEFAULT '0.00',
  `balance` decimal(15,2) NOT NULL DEFAULT '0.00',
  `active` tinyint(1) NOT NULL DEFAULT '1',
  `date_upd` timestamp NOT NULL DEFAULT CURRENT_TIMESTAMP ON UPDATE CURRENT_TIMESTAMP,
  `user_upd` varchar(50) DEFAULT NULL,
  `note` text
) ENGINE=InnoDB DEFAULT CHARSET=utf8;

--
-- Dumping data for table `customers`
--

INSERT INTO `customers` (`code`, `name`, `Tax_Id`, `group_code`, `kind_code`, `type_code`, `class_code`, `area_code`, `sale_code`, `credit_term`, `amount`, `used`, `balance`, `active`, `date_upd`, `user_upd`, `note`) VALUES
('0000', 'ลูกค้าทั่วไป', '', '000', '000', '003', '000', '0000', '0000', 0, '0.00', '0.00', '0.00', 1, '2020-11-04 07:51:04', NULL, '***ไม่เอาราคา***'),
('C0001', 'ร้าน โปรแกรม สปอร์ต', '3310101764121', '001', '000', '001', '002', '002', '001', 30, '10000.00', '-368.50', '10368.50', 1, '2020-10-31 09:53:09', 'admin', NULL),
('COD-001', 'COD Flash express', '', '000', '001', '000', '000', '0000', '0000', 15, '1000000.00', '4093.20', '995906.80', 1, '2020-10-28 05:34:22', NULL, NULL),
('COD-002', 'COD Lazada', '', '000', '001', '000', '000', '0000', '0000', 15, '1000000.00', '1137.00', '998863.00', 1, '2020-10-28 06:00:16', NULL, NULL);

-- --------------------------------------------------------

--
-- Table structure for table `customer_area`
--

CREATE TABLE `customer_area` (
  `code` varchar(15) NOT NULL,
  `name` varchar(100) NOT NULL,
  `date_upd` timestamp NOT NULL DEFAULT CURRENT_TIMESTAMP ON UPDATE CURRENT_TIMESTAMP
) ENGINE=InnoDB DEFAULT CHARSET=utf8;

--
-- Dumping data for table `customer_area`
--

INSERT INTO `customer_area` (`code`, `name`, `date_upd`) VALUES
('0000', 'ทั่วไป', '2019-07-17 02:18:48'),
('001', 'กรุงเทพฯ', '2019-07-07 13:02:29'),
('002', 'ภาคกลาง', '2019-07-07 13:00:11'),
('003', 'ภาคใต้', '2019-07-07 13:00:19'),
('004', 'ภาคเหนือ', '2019-07-17 02:19:08'),
('005', 'ภาคอีสาน', '2019-07-17 02:19:16'),
('006', 'ภาคตะวันออก', '2019-07-17 02:19:26');

-- --------------------------------------------------------

--
-- Table structure for table `customer_class`
--

CREATE TABLE `customer_class` (
  `code` varchar(15) NOT NULL,
  `name` varchar(100) NOT NULL,
  `date_upd` timestamp NOT NULL DEFAULT CURRENT_TIMESTAMP ON UPDATE CURRENT_TIMESTAMP
) ENGINE=InnoDB DEFAULT CHARSET=utf8;

--
-- Dumping data for table `customer_class`
--

INSERT INTO `customer_class` (`code`, `name`, `date_upd`) VALUES
('000', 'ทั่วไป', '2019-07-17 02:19:57'),
('001', 'เกรด A', '2019-07-07 13:07:56'),
('002', 'เกรด B', '2019-07-07 13:08:05'),
('003', 'เกรด C', '2019-07-07 13:08:15');

-- --------------------------------------------------------

--
-- Table structure for table `customer_group`
--

CREATE TABLE `customer_group` (
  `code` varchar(15) NOT NULL,
  `name` varchar(100) NOT NULL,
  `date_upd` timestamp NOT NULL DEFAULT CURRENT_TIMESTAMP ON UPDATE CURRENT_TIMESTAMP
) ENGINE=InnoDB DEFAULT CHARSET=utf8;

--
-- Dumping data for table `customer_group`
--

INSERT INTO `customer_group` (`code`, `name`, `date_upd`) VALUES
('000', 'ลูกค้าทั่วไป', '2020-01-15 03:47:09'),
('001', 'ร้านค้าเครือข่าย', '2020-01-15 03:47:54'),
('002', 'องค์กรเอกชน', '2020-01-15 03:43:59'),
('003', 'หน่วยงานของรัฐ', '2020-01-15 03:44:12');

-- --------------------------------------------------------

--
-- Table structure for table `customer_kind`
--

CREATE TABLE `customer_kind` (
  `code` varchar(15) NOT NULL,
  `name` varchar(100) NOT NULL,
  `date_upd` timestamp NOT NULL DEFAULT CURRENT_TIMESTAMP ON UPDATE CURRENT_TIMESTAMP
) ENGINE=InnoDB DEFAULT CHARSET=utf8;

--
-- Dumping data for table `customer_kind`
--

INSERT INTO `customer_kind` (`code`, `name`, `date_upd`) VALUES
('000', 'เงินสด', '2020-01-23 03:24:36'),
('001', 'เครดิต', '2020-01-23 03:24:44');

-- --------------------------------------------------------

--
-- Table structure for table `customer_type`
--

CREATE TABLE `customer_type` (
  `code` varchar(15) NOT NULL,
  `name` varchar(100) NOT NULL,
  `date_upd` timestamp NOT NULL DEFAULT CURRENT_TIMESTAMP ON UPDATE CURRENT_TIMESTAMP
) ENGINE=InnoDB DEFAULT CHARSET=utf8;

--
-- Dumping data for table `customer_type`
--

INSERT INTO `customer_type` (`code`, `name`, `date_upd`) VALUES
('000', 'ทั่วไป', '2020-01-23 03:23:52'),
('001', 'ขายส่ง', '2019-07-07 13:34:38'),
('002', 'ขายปลีก', '2020-01-23 03:23:28'),
('003', 'ตัวแทน', '2020-01-23 03:23:22');

-- --------------------------------------------------------

--
-- Table structure for table `discount_logs`
--

CREATE TABLE `discount_logs` (
  `id` int(11) NOT NULL,
  `order_code` varchar(20) NOT NULL,
  `product_code` varchar(50) NOT NULL,
  `old_discount` varchar(20) NOT NULL,
  `new_discount` varchar(20) NOT NULL,
  `user` varchar(50) NOT NULL,
  `approver` varchar(50) NOT NULL,
  `date_upd` timestamp NOT NULL DEFAULT CURRENT_TIMESTAMP
) ENGINE=InnoDB DEFAULT CHARSET=utf8;

--
-- Dumping data for table `discount_logs`
--

INSERT INTO `discount_logs` (`id`, `order_code`, `product_code`, `old_discount`, `new_discount`, `user`, `approver`, `date_upd`) VALUES
(1, 'WO-200100002', 'FLEX-00-00', '0', '50', 'admin', 'admin', '2020-01-16 08:50:37'),
(2, 'WO-200100005', 'A5033-AW-M', '0', '10%', 'admin', 'admin', '2020-01-20 06:31:33'),
(3, 'WO-200100005', 'A5033-AW-L', '0', '10%+5%', 'admin', 'admin', '2020-01-20 06:31:33'),
(4, 'WO-200100005', 'A5033-AW-XL', '0', '10%+5%', 'admin', 'admin', '2020-01-20 06:31:33'),
(5, 'WO-201000002', 'WA-3315N-BB-M', '0', '10%', 'admin', 'admin', '2020-10-28 05:09:51'),
(6, 'WO-201000002', 'WA-3315N-BB-L', '0', '10%', 'admin', 'admin', '2020-10-28 05:09:51'),
(7, 'WO-201000002', 'WA-3315N-BB-XL', '0', '10%', 'admin', 'admin', '2020-10-28 05:09:51'),
(8, 'WO-201000005', 'WA-3315N-BB-M', '0', '29', 'admin', 'admin', '2020-10-31 15:39:13'),
(9, 'WO-201000005', 'WA-3315N-BB-L', '0', '29', 'admin', 'admin', '2020-10-31 15:39:13'),
(10, 'WO-201100002', 'WC-1519-AW', '20', '50%', 'admin', 'admin', '2020-11-04 05:01:18'),
(11, 'WO-201100002', 'WC-1519-GA', '20', '50%', 'admin', 'admin', '2020-11-04 05:01:18');

-- --------------------------------------------------------

--
-- Table structure for table `discount_policy`
--

CREATE TABLE `discount_policy` (
  `id` int(11) NOT NULL,
  `code` varchar(15) NOT NULL,
  `name` varchar(100) NOT NULL,
  `start_date` date NOT NULL,
  `end_date` date NOT NULL,
  `active` tinyint(1) NOT NULL DEFAULT '0',
  `date_add` datetime NOT NULL DEFAULT CURRENT_TIMESTAMP,
  `date_upd` timestamp NOT NULL DEFAULT CURRENT_TIMESTAMP ON UPDATE CURRENT_TIMESTAMP,
  `user` varchar(50) DEFAULT NULL,
  `update_user` varchar(50) DEFAULT NULL
) ENGINE=InnoDB DEFAULT CHARSET=utf8;

--
-- Dumping data for table `discount_policy`
--

INSERT INTO `discount_policy` (`id`, `code`, `name`, `start_date`, `end_date`, `active`, `date_add`, `date_upd`, `user`, `update_user`) VALUES
(1, 'PL-200100001', 'ร้านค้าตัวแทน', '2020-01-01', '2020-12-31', 1, '2020-01-15 14:04:41', '2020-01-15 07:11:18', 'sutouch', 'sutouch');

-- --------------------------------------------------------

--
-- Table structure for table `discount_rule`
--

CREATE TABLE `discount_rule` (
  `id` int(11) NOT NULL,
  `code` varchar(32) NOT NULL,
  `name` varchar(150) NOT NULL,
  `id_policy` int(11) DEFAULT NULL,
  `all_product` tinyint(1) NOT NULL DEFAULT '0',
  `all_customer` tinyint(1) NOT NULL DEFAULT '0',
  `all_channels` tinyint(1) NOT NULL DEFAULT '1',
  `all_payment` tinyint(1) NOT NULL DEFAULT '1',
  `qty` decimal(15,2) NOT NULL DEFAULT '0.00',
  `amount` decimal(15,2) NOT NULL DEFAULT '0.00',
  `canGroup` tinyint(1) NOT NULL DEFAULT '0' COMMENT 'จำนวนหรือมูลค่า สามารถรวมยอดได้หรือไม่',
  `item_price` decimal(15,2) DEFAULT '0.00',
  `item_disc` decimal(15,2) NOT NULL DEFAULT '0.00',
  `item_disc_unit` enum('percent','amount') NOT NULL DEFAULT 'percent',
  `item_disc_2` decimal(15,2) NOT NULL DEFAULT '0.00',
  `item_disc_2_unit` enum('percent','amount') NOT NULL DEFAULT 'percent',
  `item_disc_3` decimal(15,2) NOT NULL DEFAULT '0.00',
  `item_disc_3_unit` enum('percent','amount') NOT NULL DEFAULT 'percent',
  `active` tinyint(1) NOT NULL DEFAULT '1',
  `isDeleted` tinyint(1) NOT NULL DEFAULT '0',
  `user` varchar(50) NOT NULL COMMENT 'created by user',
  `date_add` datetime NOT NULL DEFAULT CURRENT_TIMESTAMP,
  `date_upd` timestamp NOT NULL DEFAULT CURRENT_TIMESTAMP ON UPDATE CURRENT_TIMESTAMP,
  `update_user` varchar(50) DEFAULT NULL
) ENGINE=InnoDB DEFAULT CHARSET=utf8;

--
-- Dumping data for table `discount_rule`
--

INSERT INTO `discount_rule` (`id`, `code`, `name`, `id_policy`, `all_product`, `all_customer`, `all_channels`, `all_payment`, `qty`, `amount`, `canGroup`, `item_price`, `item_disc`, `item_disc_unit`, `item_disc_2`, `item_disc_2_unit`, `item_disc_3`, `item_disc_3_unit`, `active`, `isDeleted`, `user`, `date_add`, `date_upd`, `update_user`) VALUES
(1, 'RL-200100001', 'เสื้อผ้าลด 35% สำหรับร้านค้าเกรด A', 1, 0, 0, 1, 1, '0.00', '0.00', 0, '0.00', '35.00', 'percent', '0.00', 'percent', '0.00', 'percent', 1, 0, 'sutouch', '2020-01-15 14:06:03', '2020-01-15 07:11:12', 'sutouch'),
(2, 'RL-200100002', 'เสื้อผ้าลด 30% ลูกค้าเกรด B', 1, 0, 0, 1, 1, '0.00', '0.00', 0, '0.00', '30.00', 'percent', '0.00', 'percent', '0.00', 'percent', 1, 0, 'sutouch', '2020-01-15 14:08:49', '2020-01-15 07:11:12', 'sutouch'),
(4, 'RL-200500001', 'ราคาเน็ต', 1, 0, 0, 1, 1, '0.00', '0.00', 0, '150.00', '0.00', 'percent', '0.00', 'percent', '0.00', 'percent', 1, 0, 'admin', '2020-05-02 15:13:43', '2020-05-02 15:28:54', 'admin'),
(5, 'RL-200500002', 'xxxx', NULL, 0, 0, 1, 1, '0.00', '0.00', 0, '85.00', '0.00', 'percent', '0.00', 'percent', '0.00', 'percent', 1, 0, 'admin', '2020-05-02 22:22:23', '2020-05-03 03:31:19', 'admin');

-- --------------------------------------------------------

--
-- Table structure for table `discount_rule_channels`
--

CREATE TABLE `discount_rule_channels` (
  `id` int(11) NOT NULL,
  `id_rule` int(11) NOT NULL,
  `channels_code` varchar(10) NOT NULL,
  `date_upd` timestamp NOT NULL DEFAULT CURRENT_TIMESTAMP ON UPDATE CURRENT_TIMESTAMP
) ENGINE=InnoDB DEFAULT CHARSET=utf8;

-- --------------------------------------------------------

--
-- Table structure for table `discount_rule_customer`
--

CREATE TABLE `discount_rule_customer` (
  `id` int(11) NOT NULL,
  `id_rule` int(11) NOT NULL,
  `customer_code` varchar(20) NOT NULL,
  `date_upd` timestamp NOT NULL DEFAULT CURRENT_TIMESTAMP ON UPDATE CURRENT_TIMESTAMP
) ENGINE=InnoDB DEFAULT CHARSET=utf8;

-- --------------------------------------------------------

--
-- Table structure for table `discount_rule_customer_area`
--

CREATE TABLE `discount_rule_customer_area` (
  `id` int(11) NOT NULL,
  `id_rule` int(11) NOT NULL,
  `area_code` varchar(20) NOT NULL,
  `date_upd` timestamp NOT NULL DEFAULT CURRENT_TIMESTAMP ON UPDATE CURRENT_TIMESTAMP
) ENGINE=InnoDB DEFAULT CHARSET=utf8;

-- --------------------------------------------------------

--
-- Table structure for table `discount_rule_customer_class`
--

CREATE TABLE `discount_rule_customer_class` (
  `id` int(11) NOT NULL,
  `id_rule` int(11) NOT NULL,
  `class_code` varchar(20) NOT NULL,
  `date_upd` timestamp NOT NULL DEFAULT CURRENT_TIMESTAMP ON UPDATE CURRENT_TIMESTAMP
) ENGINE=InnoDB DEFAULT CHARSET=utf8;

-- --------------------------------------------------------

--
-- Table structure for table `discount_rule_customer_group`
--

CREATE TABLE `discount_rule_customer_group` (
  `id` int(11) NOT NULL,
  `id_rule` int(11) NOT NULL,
  `group_code` varchar(20) NOT NULL,
  `date_upd` timestamp NOT NULL DEFAULT CURRENT_TIMESTAMP ON UPDATE CURRENT_TIMESTAMP
) ENGINE=InnoDB DEFAULT CHARSET=utf8;

--
-- Dumping data for table `discount_rule_customer_group`
--

INSERT INTO `discount_rule_customer_group` (`id`, `id_rule`, `group_code`, `date_upd`) VALUES
(1, 1, '001', '2020-01-15 07:07:02'),
(2, 2, '001', '2020-01-15 07:09:22'),
(3, 3, '001', '2020-04-27 14:04:18'),
(4, 4, '001', '2020-05-02 15:25:16');

-- --------------------------------------------------------

--
-- Table structure for table `discount_rule_customer_kind`
--

CREATE TABLE `discount_rule_customer_kind` (
  `id` int(11) NOT NULL,
  `id_rule` int(11) NOT NULL,
  `kind_code` varchar(20) NOT NULL,
  `date_upd` timestamp NOT NULL DEFAULT CURRENT_TIMESTAMP ON UPDATE CURRENT_TIMESTAMP
) ENGINE=InnoDB DEFAULT CHARSET=utf8;

-- --------------------------------------------------------

--
-- Table structure for table `discount_rule_customer_type`
--

CREATE TABLE `discount_rule_customer_type` (
  `id` int(11) NOT NULL,
  `id_rule` int(11) NOT NULL,
  `type_code` varchar(20) NOT NULL,
  `date_upd` timestamp NOT NULL DEFAULT CURRENT_TIMESTAMP ON UPDATE CURRENT_TIMESTAMP
) ENGINE=InnoDB DEFAULT CHARSET=utf8;

-- --------------------------------------------------------

--
-- Table structure for table `discount_rule_payment`
--

CREATE TABLE `discount_rule_payment` (
  `id` int(11) NOT NULL,
  `id_rule` int(11) NOT NULL,
  `payment_code` varchar(20) NOT NULL,
  `date_upd` timestamp NOT NULL DEFAULT CURRENT_TIMESTAMP ON UPDATE CURRENT_TIMESTAMP
) ENGINE=InnoDB DEFAULT CHARSET=utf8;

-- --------------------------------------------------------

--
-- Table structure for table `discount_rule_product`
--

CREATE TABLE `discount_rule_product` (
  `id` int(11) NOT NULL,
  `id_rule` int(11) NOT NULL,
  `product_code` varchar(50) NOT NULL,
  `date_upd` timestamp NOT NULL DEFAULT CURRENT_TIMESTAMP ON UPDATE CURRENT_TIMESTAMP
) ENGINE=InnoDB DEFAULT CHARSET=utf8;

--
-- Dumping data for table `discount_rule_product`
--

INSERT INTO `discount_rule_product` (`id`, `id_rule`, `product_code`, `date_upd`) VALUES
(1, 4, 'WA-3315N-AA-XS', '2020-05-02 15:20:59'),
(2, 4, 'WA-3315N-AA-S', '2020-05-02 15:20:59');

-- --------------------------------------------------------

--
-- Table structure for table `discount_rule_product_brand`
--

CREATE TABLE `discount_rule_product_brand` (
  `id` int(11) NOT NULL,
  `id_rule` int(11) NOT NULL,
  `brand_code` varchar(20) NOT NULL,
  `date_upd` timestamp NOT NULL DEFAULT CURRENT_TIMESTAMP ON UPDATE CURRENT_TIMESTAMP
) ENGINE=InnoDB DEFAULT CHARSET=utf8;

-- --------------------------------------------------------

--
-- Table structure for table `discount_rule_product_category`
--

CREATE TABLE `discount_rule_product_category` (
  `id` int(11) NOT NULL,
  `id_rule` int(11) NOT NULL,
  `category_code` varchar(20) NOT NULL,
  `date_upd` timestamp NOT NULL DEFAULT CURRENT_TIMESTAMP ON UPDATE CURRENT_TIMESTAMP
) ENGINE=InnoDB DEFAULT CHARSET=utf8;

--
-- Dumping data for table `discount_rule_product_category`
--

INSERT INTO `discount_rule_product_category` (`id`, `id_rule`, `category_code`, `date_upd`) VALUES
(1, 2, '001', '2020-01-15 07:10:02'),
(2, 1, '001', '2020-01-15 07:10:57');

-- --------------------------------------------------------

--
-- Table structure for table `discount_rule_product_group`
--

CREATE TABLE `discount_rule_product_group` (
  `id` int(11) NOT NULL,
  `id_rule` int(11) NOT NULL,
  `group_code` varchar(20) NOT NULL,
  `date_upd` timestamp NOT NULL DEFAULT CURRENT_TIMESTAMP ON UPDATE CURRENT_TIMESTAMP
) ENGINE=InnoDB DEFAULT CHARSET=utf8;

--
-- Dumping data for table `discount_rule_product_group`
--

INSERT INTO `discount_rule_product_group` (`id`, `id_rule`, `group_code`, `date_upd`) VALUES
(2, 2, 'COL', '2020-01-15 07:10:02'),
(3, 1, 'COL', '2020-01-15 07:10:57');

-- --------------------------------------------------------

--
-- Table structure for table `discount_rule_product_kind`
--

CREATE TABLE `discount_rule_product_kind` (
  `id` int(11) NOT NULL,
  `id_rule` int(11) NOT NULL,
  `kind_code` varchar(20) NOT NULL,
  `date_upd` timestamp NOT NULL DEFAULT CURRENT_TIMESTAMP ON UPDATE CURRENT_TIMESTAMP
) ENGINE=InnoDB DEFAULT CHARSET=utf8;

-- --------------------------------------------------------

--
-- Table structure for table `discount_rule_product_style`
--

CREATE TABLE `discount_rule_product_style` (
  `id` int(11) NOT NULL,
  `id_rule` int(11) NOT NULL,
  `style_code` varchar(20) NOT NULL,
  `date_upd` timestamp NOT NULL DEFAULT CURRENT_TIMESTAMP ON UPDATE CURRENT_TIMESTAMP
) ENGINE=InnoDB DEFAULT CHARSET=utf8;

-- --------------------------------------------------------

--
-- Table structure for table `discount_rule_product_sub_group`
--

CREATE TABLE `discount_rule_product_sub_group` (
  `id` int(11) NOT NULL,
  `id_rule` int(11) NOT NULL,
  `sub_group_code` varchar(20) NOT NULL,
  `date_upd` timestamp NOT NULL DEFAULT CURRENT_TIMESTAMP ON UPDATE CURRENT_TIMESTAMP
) ENGINE=InnoDB DEFAULT CHARSET=utf8;

-- --------------------------------------------------------

--
-- Table structure for table `discount_rule_product_type`
--

CREATE TABLE `discount_rule_product_type` (
  `id` int(11) NOT NULL,
  `id_rule` int(11) NOT NULL,
  `type_code` int(11) NOT NULL,
  `date_upd` timestamp NOT NULL DEFAULT CURRENT_TIMESTAMP ON UPDATE CURRENT_TIMESTAMP
) ENGINE=InnoDB DEFAULT CHARSET=utf8;

-- --------------------------------------------------------

--
-- Table structure for table `discount_rule_product_year`
--

CREATE TABLE `discount_rule_product_year` (
  `id` int(11) NOT NULL,
  `id_rule` int(11) NOT NULL,
  `year` year(4) NOT NULL,
  `date_upd` timestamp NOT NULL DEFAULT CURRENT_TIMESTAMP ON UPDATE CURRENT_TIMESTAMP
) ENGINE=InnoDB DEFAULT CHARSET=utf8;

-- --------------------------------------------------------

--
-- Table structure for table `employee`
--

CREATE TABLE `employee` (
  `code` varchar(20) NOT NULL,
  `name` varchar(250) DEFAULT NULL,
  `active` tinyint(1) NOT NULL DEFAULT '1'
) ENGINE=InnoDB DEFAULT CHARSET=utf8;

--
-- Dumping data for table `employee`
--

INSERT INTO `employee` (`code`, `name`, `active`) VALUES
('001', 'สุทัศ สังข์สวัสดิ์', 1),
('002', 'Sutouch', 1);

-- --------------------------------------------------------

--
-- Table structure for table `images`
--

CREATE TABLE `images` (
  `id` int(11) NOT NULL,
  `style` varchar(50) NOT NULL,
  `cover` tinyint(1) NOT NULL DEFAULT '0'
) ENGINE=InnoDB DEFAULT CHARSET=utf8;

--
-- Dumping data for table `images`
--

INSERT INTO `images` (`id`, `style`, `cover`) VALUES
(1, 'WA-3315N', 0),
(2, 'WA-3315N', 0),
(3, 'WA-3315N', 1),
(4, 'WA-3315N', 0),
(5, 'WA-3315N', 0),
(6, 'WA-3315N', 0),
(7, 'WA-3315N', 0),
(8, 'WA-3315N', 0),
(9, 'WA-3315N', 0),
(10, 'WA-3315N', 0),
(11, 'WA-3315N', 0),
(12, 'A5033', 0),
(13, 'A5033', 0),
(14, 'A5033', 0),
(15, 'A5033', 0),
(16, 'A5033', 1),
(17, 'A5033', 0),
(18, 'A5033', 0),
(19, 'WA-3318N', 1),
(20, 'WA-3318N', 0),
(21, 'WA-3318N', 0),
(22, 'WS-3311', 1),
(23, 'WS-3311', 0),
(24, 'WS-3311', 0),
(26, 'WA-3318NB', 1);

-- --------------------------------------------------------

--
-- Table structure for table `image_product`
--

CREATE TABLE `image_product` (
  `id` int(11) NOT NULL,
  `code` varchar(50) NOT NULL,
  `id_image` int(11) DEFAULT NULL
) ENGINE=InnoDB DEFAULT CHARSET=utf8;

--
-- Dumping data for table `image_product`
--

INSERT INTO `image_product` (`id`, `code`, `id_image`) VALUES
(1, 'WA-3315N-AA-2L', 1),
(2, 'WA-3315N-AA-3L', 1),
(3, 'WA-3315N-AA-5L', 1),
(4, 'WA-3315N-AA-7L', 1),
(5, 'WA-3315N-AA-L', 1),
(6, 'WA-3315N-AA-M', 1),
(7, 'WA-3315N-AA-S', 1),
(8, 'WA-3315N-AA-XL', 1),
(9, 'WA-3315N-AA-XS', 1),
(10, 'WA-3315N-BB-2L', 2),
(11, 'WA-3315N-BB-3L', 2),
(12, 'WA-3315N-BB-5L', 2),
(13, 'WA-3315N-BB-7L', 2),
(14, 'WA-3315N-BB-L', 2),
(15, 'WA-3315N-BB-M', 2),
(16, 'WA-3315N-BB-S', 2),
(17, 'WA-3315N-BB-XL', 2),
(18, 'WA-3315N-BB-XS', 2),
(19, 'WA-3315N-DT-2L', 3),
(20, 'WA-3315N-DT-3L', 3),
(21, 'WA-3315N-DT-5L', 3),
(22, 'WA-3315N-DT-7L', 3),
(23, 'WA-3315N-DT-L', 3),
(24, 'WA-3315N-DT-M', 3),
(25, 'WA-3315N-DT-S', 3),
(26, 'WA-3315N-DT-XL', 3),
(27, 'WA-3315N-DT-XS', 3),
(28, 'WA-3315N-EE-2L', 4),
(29, 'WA-3315N-EE-3L', 4),
(30, 'WA-3315N-EE-5L', 4),
(31, 'WA-3315N-EE-7L', 4),
(32, 'WA-3315N-EE-L', 4),
(33, 'WA-3315N-EE-M', 4),
(34, 'WA-3315N-EE-S', 4),
(35, 'WA-3315N-EE-XL', 4),
(36, 'WA-3315N-EE-XS', 4),
(37, 'WA-3315N-LL-2L', 5),
(38, 'WA-3315N-LL-3L', 5),
(39, 'WA-3315N-LL-5L', 5),
(40, 'WA-3315N-LL-7L', 5),
(41, 'WA-3315N-LL-L', 5),
(42, 'WA-3315N-LL-M', 5),
(43, 'WA-3315N-LL-S', 5),
(44, 'WA-3315N-LL-XL', 5),
(45, 'WA-3315N-LL-XS', 5),
(46, 'WA-3315N-NN-2L', 6),
(47, 'WA-3315N-NN-3L', 6),
(48, 'WA-3315N-NN-5L', 6),
(49, 'WA-3315N-NN-7L', 6),
(50, 'WA-3315N-NN-L', 6),
(51, 'WA-3315N-NN-M', 6),
(52, 'WA-3315N-NN-S', 6),
(53, 'WA-3315N-NN-XL', 6),
(54, 'WA-3315N-NN-XS', 6),
(55, 'WA-3315N-OO-2L', 7),
(56, 'WA-3315N-OO-3L', 7),
(57, 'WA-3315N-OO-5L', 7),
(58, 'WA-3315N-OO-7L', 7),
(59, 'WA-3315N-OO-L', 7),
(60, 'WA-3315N-OO-M', 7),
(61, 'WA-3315N-OO-S', 7),
(62, 'WA-3315N-OO-XL', 7),
(63, 'WA-3315N-OO-XS', 7),
(64, 'WA-3315N-RR-2L', 8),
(65, 'WA-3315N-RR-3L', 8),
(66, 'WA-3315N-RR-5L', 8),
(67, 'WA-3315N-RR-7L', 8),
(68, 'WA-3315N-RR-L', 8),
(69, 'WA-3315N-RR-M', 8),
(70, 'WA-3315N-RR-S', 8),
(71, 'WA-3315N-RR-XL', 8),
(72, 'WA-3315N-RR-XS', 8),
(73, 'WA-3315N-VV-2L', 9),
(74, 'WA-3315N-VV-3L', 9),
(75, 'WA-3315N-VV-5L', 9),
(76, 'WA-3315N-VV-7L', 9),
(77, 'WA-3315N-VV-L', 9),
(78, 'WA-3315N-VV-M', 9),
(79, 'WA-3315N-VV-S', 9),
(80, 'WA-3315N-VV-XL', 9),
(81, 'WA-3315N-VV-XS', 9),
(82, 'WA-3315N-WW-2L', 10),
(83, 'WA-3315N-WW-3L', 10),
(84, 'WA-3315N-WW-5L', 10),
(85, 'WA-3315N-WW-7L', 10),
(86, 'WA-3315N-WW-L', 10),
(87, 'WA-3315N-WW-M', 10),
(88, 'WA-3315N-WW-S', 10),
(89, 'WA-3315N-WW-XL', 10),
(90, 'WA-3315N-WW-XS', 10),
(91, 'WA-3315N-YY-2L', 11),
(92, 'WA-3315N-YY-3L', 11),
(93, 'WA-3315N-YY-5L', 11),
(94, 'WA-3315N-YY-7L', 11),
(95, 'WA-3315N-YY-L', 11),
(96, 'WA-3315N-YY-M', 11),
(97, 'WA-3315N-YY-S', 11),
(98, 'WA-3315N-YY-XL', 11),
(99, 'WA-3315N-YY-XS', 11),
(100, 'A5033-AW-3XL', 12),
(101, 'A5033-AW-L', 12),
(102, 'A5033-AW-M', 12),
(103, 'A5033-AW-S', 12),
(104, 'A5033-AW-XL', 12),
(105, 'A5033-AW-XXL', 12),
(106, 'A5033-BA-3XL', 13),
(107, 'A5033-BA-L', 13),
(108, 'A5033-BA-M', 13),
(109, 'A5033-BA-S', 13),
(110, 'A5033-BA-XL', 13),
(111, 'A5033-BA-XXL', 13),
(112, 'A5033-LA-3XL', 14),
(113, 'A5033-LA-L', 14),
(114, 'A5033-LA-M', 14),
(115, 'A5033-LA-S', 14),
(116, 'A5033-LA-XL', 14),
(117, 'A5033-LA-XXL', 14),
(118, 'A5033-RA-3XL', 15),
(119, 'A5033-RA-L', 15),
(120, 'A5033-RA-M', 15),
(121, 'A5033-RA-S', 15),
(122, 'A5033-RA-XL', 15),
(123, 'A5033-RA-XXL', 15),
(124, 'A5033-WA-3XL', 16),
(125, 'A5033-WA-L', 16),
(126, 'A5033-WA-M', 16),
(127, 'A5033-WA-S', 16),
(128, 'A5033-WA-XL', 16),
(129, 'A5033-WA-XXL', 16),
(130, 'A5033-YA-3XL', 17),
(131, 'A5033-YA-L', 17),
(132, 'A5033-YA-M', 17),
(133, 'A5033-YA-S', 17),
(134, 'A5033-YA-XL', 17),
(135, 'A5033-YA-XXL', 17),
(136, 'A5033-RR-3XL', 18),
(137, 'A5033-RR-L', 18),
(138, 'A5033-RR-M', 18),
(139, 'A5033-RR-S', 18),
(140, 'A5033-RR-XL', 18),
(141, 'A5033-RR-XXL', 18),
(142, 'WA-3318N-BB.-L', 19),
(143, 'WA-3318N-BB.-M', 19),
(144, 'WA-3318N-BB.-S', 19),
(145, 'WA-3318N-BB.-XS', 19),
(146, 'WA-3318N-EE.-L', 20),
(147, 'WA-3318N-EE.-M', 20),
(148, 'WA-3318N-EE.-S', 20),
(149, 'WA-3318N-EE.-XS', 20),
(150, 'WA-3318N-AA.-L', 21),
(151, 'WA-3318N-AA.-M', 21),
(152, 'WA-3318N-AA.-S', 21),
(153, 'WA-3318N-AA.-XS', 21),
(154, 'WA-3318N-BB-L', 19),
(155, 'WA-3318N-BB-M', 19),
(156, 'WA-3318N-BB-S', 19),
(157, 'WA-3318N-BB-XS', 19),
(158, 'WA-3318N-EE-L', 20),
(159, 'WA-3318N-EE-M', 20),
(160, 'WA-3318N-EE-S', 20),
(161, 'WA-3318N-EE-XS', 20),
(166, 'WS-3311-AA-L', 23),
(167, 'WS-3311-AA-M', 23),
(168, 'WS-3311-AA-S', 23),
(169, 'WS-3311-BE-L', 24),
(170, 'WS-3311-BE-M', 24),
(171, 'WS-3311-BE-S', 24),
(172, 'WA-3318N-AA-2L', 21),
(173, 'WA-3318N-AA-3L', 21),
(174, 'WA-3318N-AA-5L', 21),
(175, 'WA-3318N-AA-7L', 21),
(176, 'WA-3318N-AA-L', 21),
(177, 'WA-3318N-AA-M', 21),
(178, 'WA-3318N-AA-S', 21),
(179, 'WA-3318N-AA-XL', 21),
(180, 'WA-3318N-AA-XS', 21),
(181, 'WA-3318NB-YW-XS', 26),
(182, 'WA-3318NB-YW-S', 26),
(183, 'WA-3318NB-YW-M', 26),
(184, 'WA-3318NB-YW-L', 26),
(185, 'WA-3318NB-YW-XL', 26),
(186, 'WA-3318NB-YW-2L', 26),
(187, 'WA-3318NB-YW-3L', 26),
(188, 'WA-3318NB-YW-5L', 26),
(189, 'WA-3318NB-YW-7L', 26);

-- --------------------------------------------------------

--
-- Table structure for table `keys`
--

CREATE TABLE `keys` (
  `id` int(11) NOT NULL,
  `user_id` int(11) NOT NULL,
  `key` varchar(40) NOT NULL,
  `level` int(2) NOT NULL,
  `ignore_limits` tinyint(1) NOT NULL DEFAULT '0',
  `is_private_key` tinyint(1) NOT NULL DEFAULT '0',
  `ip_addresses` text,
  `date_created` int(11) NOT NULL
) ENGINE=InnoDB DEFAULT CHARSET=utf8;

--
-- Dumping data for table `keys`
--

INSERT INTO `keys` (`id`, `user_id`, `key`, `level`, `ignore_limits`, `is_private_key`, `ip_addresses`, `date_created`) VALUES
(1, 1, 'adbd64b022fbb54d22e4d59437338740', 1, 0, 0, NULL, 1549696881);

-- --------------------------------------------------------

--
-- Table structure for table `menu`
--

CREATE TABLE `menu` (
  `code` varchar(10) NOT NULL,
  `name` varchar(50) NOT NULL,
  `url` varchar(250) DEFAULT NULL,
  `group_code` varchar(10) NOT NULL,
  `sub_group` varchar(50) DEFAULT NULL,
  `active` tinyint(1) NOT NULL DEFAULT '1',
  `position` int(3) NOT NULL DEFAULT '1',
  `valid` tinyint(1) NOT NULL DEFAULT '1' COMMENT '1 = check permission'
) ENGINE=InnoDB DEFAULT CHARSET=utf8;

--
-- Dumping data for table `menu`
--

INSERT INTO `menu` (`code`, `name`, `url`, `group_code`, `sub_group`, `active`, `position`, `valid`) VALUES
('ACCSOD', 'ตัดยอดฝากขาย', 'account/consign_order', 'AC', NULL, 1, 2, 1),
('ACODCR', 'ตรวจสอบลูกหนี้ค้างรับ', 'account/order_credit', 'AC', NULL, 1, 5, 1),
('ACODRP', 'รับชำระหนี้', 'account/order_repay', 'AC', NULL, 1, 3, 1),
('ACPMCF', 'ตรวจสอบยอดชำระเงิน', 'orders/order_payment', 'AC', NULL, 1, 1, 1),
('ACPMRC', 'ตรวจสอบรายการรับเงิน', 'account/payment_receive', 'AC', NULL, 1, 4, 1),
('APOVPO', 'อนุมัติรับสินค้าเกินใบสั่งซื้อ', NULL, 'AP', NULL, 1, 1, 1),
('DBADDR', 'เพิ่ม/แก้ไข ที่อยู่ลูกค้า', NULL, 'DB', NULL, 0, 18, 1),
('DBBANK', 'เพิ่ม/แก้ไข บัญชีธนาคาร', 'masters/bank', 'DB', NULL, 1, 26, 1),
('DBCARE', 'เพิ่ม/แก้ไข เขตลูกค้า', 'masters/customer_area', 'DB', 'CUSTOMER', 1, 17, 1),
('DBCGRP', 'เพิ่ม/แก้ไข กลุ่มลูกค้า', 'masters/customer_group', 'DB', 'CUSTOMER', 1, 13, 1),
('DBCHAN', 'เพิ่ม/แก้ไข ช่องทางขาย', 'masters/channels', 'DB', NULL, 1, 19, 1),
('DBCKIN', 'เพิ่ม/แก้ไข ประเภทลูกค้า', 'masters/customer_kind', 'DB', 'CUSTOMER', 1, 15, 1),
('DBCLAS', 'เพิ่ม/แก้ไข เกรดลูกค้า', 'masters/customer_class', 'DB', 'CUSTOMER', 1, 16, 1),
('DBCTYP', 'เพิ่ม/แก้ไข ชนิดลูกค้า', 'masters/customer_type', 'DB', 'CUSTOMER', 1, 14, 1),
('DBCUST', 'เพิ่ม/แก้ไข ลูกค้า', 'masters/customers', 'DB', 'CUSTOMER', 1, 12, 1),
('DBEMPL', 'เพิ่ม/แก้ไข พนักงาน', 'masters/employee', 'DB', NULL, 1, 10, 1),
('DBITEM', 'เพิ่ม/แก้ไข รายการสินค้า', 'masters/items', 'DB', 'PRODUCT', 1, 2, 1),
('DBPAYM', 'เพิ่ม/แก้ไข ช่องทางชำระเงิน', 'masters/payment_methods', 'DB', NULL, 1, 20, 1),
('DBPDBR', 'เพิ่ม/แก้ไข ยี่ห้อสินค้า', 'masters/product_brand', 'DB', 'PRODUCT', 1, 8, 1),
('DBPDCL', 'เพิ่ม/แก้ไข สี', 'masters/product_color', 'DB', 'PRODUCT', 1, 9, 1),
('DBPDCR', 'เพิ่ม/แก้ไข หมวดหมู่สินค้า', 'masters/product_category', 'DB', 'PRODUCT', 1, 5, 1),
('DBPDGP', 'เพิ่ม/แก้ไข กลุ่มสินค้า', 'masters/product_group', 'DB', 'PRODUCT', 1, 3, 1),
('DBPDKN', 'เพิ่ม/แก้ไข ประเภทสินค้า', 'masters/product_kind', 'DB', 'PRODUCT', 1, 7, 1),
('DBPDSG', 'เพิ่ม/แก้ไข กลุ่มย่อยสินค้า', 'masters/product_sub_group', 'DB', 'PRODUCT', 1, 4, 1),
('DBPDSI', 'เพิ่ม/แก้ไข ไซส์', 'masters/product_size', 'DB', 'PRODUCT', 1, 10, 1),
('DBPDST', 'เพิ่ม/แก้ไข รุ่นสินค้า', NULL, 'DB', NULL, 0, 2, 1),
('DBPDTY', 'เพิ่ม/แก้ไข ชนิดสินค้า', 'masters/product_type', 'DB', 'PRODUCT', 1, 6, 1),
('DBPROD', 'เพิ่ม/แก้ไข สินค้า', 'masters/products', 'DB', 'PRODUCT', 1, 1, 1),
('DBPROF', 'เพิ่ม/แก้ไข โปรไฟล์', 'users/profiles', 'DB', NULL, 1, 25, 1),
('DBPTAB', 'เพิ่ม/แก้ไข แถบแสดงสินค้า', 'masters/product_tab', 'DB', 'PRODUCT', 1, 11, 1),
('DBSALE', 'ข้อมูลพนักงานขาย', 'masters/saleman', 'DB', NULL, 1, 23, 1),
('DBSEND', 'เพิ่ม/แก้ไข ผู้ให้บริการจัดส่ง', 'masters/sender', 'DB', 'TRANSPORT', 1, 24, 1),
('DBTRSP', 'เชื่อมโยง การจัดส่ง', 'masters/transport', 'DB', 'TRANSPORT', 1, 25, 1),
('DBUSER', 'เพิ่ม/แก้ไข ชื่อผู้ใช้งาน', 'users/users', 'DB', NULL, 1, 24, 1),
('DBVEND', 'เพิ่ม/แก้ไข ผู้จำหน่าย', 'masters/vender', 'DB', NULL, 1, 18, 1),
('DBWRHS', 'เพิ่ม/แก้ไข คลังสินค้า', 'masters/warehouse', 'DB', 'WAREHOUSE', 1, 21, 1),
('DBZONE', 'เพิ่ม/แก้ไข โซน', 'masters/zone', 'DB', 'WAREHOUSE', 1, 22, 1),
('ICCKBF', 'ตรวจสอบ BUFFER', 'inventory/buffer', 'IC', 'CHECK', 1, 11, 1),
('ICCKCN', 'ตรวจสอบ CANCLE', 'inventory/cancle', 'IC', 'CHECK', 1, 12, 1),
('ICCKMV', 'ตรวจสอบ MOVEMENT', 'inventory/movement', 'IC', 'CHECK', 1, 13, 1),
('ICCKST', 'ตรวจสอบ STOCK', 'inventory/stock', 'IC', 'CHECK', 1, 10, 1),
('ICCSRC', 'กระทบยอดสินค้า', 'inventory/consign_check', 'IC', NULL, 1, 10, 1),
('ICLEND', 'ยืมสินค้า', 'inventory/lend', 'IC', 'REQUEST', 0, 3, 1),
('ICODDO', 'ออเดอร์รอการจัดส่ง', 'inventory/delivery_order', 'IC', 'PICKPACK', 1, 9, 1),
('ICODIV', 'ออเดอร์จัดส่งแล้ว', 'inventory/invoice', 'IC', 'PICKPACK', 1, 10, 1),
('ICODPR', 'จัดสินค้า', 'inventory/prepare', 'IC', 'PICKPACK', 1, 7, 1),
('ICODQC', 'ตรวจสินค้า', 'inventory/qc', 'IC', 'PICKPACK', 1, 8, 1),
('ICPDRC', 'รับสินค้าจากใบสั่งซื้อ', 'inventory/receive_product', 'IC', 'RECEIVE', 0, 4, 1),
('ICPURC', 'รับสินค้าจากการสั่งซื้อ', 'inventory/receive_po', 'IC', 'RECEIVE', 1, 4, 1),
('ICRTLD', 'คืนสินค้าจากการยืม', 'inventory/return_lend', 'IC', 'RETURN', 0, 16, 1),
('ICRTOR', 'รับคืนสินค้า(ลดหนี้ขาย)', 'inventory/return_order', 'IC', 'RETURN', 0, 16, 1),
('ICSTAJ', 'ปรับปรุงสต็อก', 'inventory/adjust', 'IC', NULL, 1, 17, 1),
('ICSUPP', 'เบิกอภินันท์', 'inventory/support', 'IC', 'REQUEST', 0, 2, 1),
('ICTRFM', 'เบิกสินค้าไปผลิต', 'inventory/transform', 'IC', 'REQUEST', 1, 1, 1),
('ICTRFS', 'เบิกสินค้าเพื่อแปรสภาพ(สต็อก)', 'inventory/transform_stock', 'IC', 'REQUEST', 0, 1, 1),
('ICTRMV', 'ย้ายพื้นที่จัดเก็บ', 'inventory/move', 'IC', 'TRANSFER', 1, 6, 1),
('ICTRRC', 'รับสินค้าจากการผลิต', 'inventory/receive_transform', 'IC', 'RECEIVE', 1, 5, 1),
('ICTRWH', 'โอน สินค้าระหว่างคลัง', 'inventory/transfer', 'IC', 'TRANSFER', 1, 6, 1),
('POPURC', 'ใบสั่งซื้อ', 'purchase/po', 'PO', NULL, 1, 1, 1),
('RICSBZ', 'รายงานสินค้าคงเหลือ แยกตามโซน', 'report/inventory/stock_balance_zone', 'RE', 'REINVT', 1, 2, 0),
('RICSTB', 'รายงานสินค้าคงเหลือ', 'report/inventory/stock_balance', 'RE', 'REINVT', 1, 1, 0),
('RPUPOB', 'รายงาน ใบสั่งซื้อค้างรับ', 'report/purchase/po_backlogs', 'RE', 'REPO', 1, 1, 0),
('RSCSBL', 'รายงานยอดขาย แยกตามลูกค้า แสดงยอดค้างรับ', 'report/sales/order_sold_by_customer_and_payment', 'RE', 'RESALE', 1, 2, 0),
('RSCSPD', 'รายงานยอดขายแยกตามลูกค้าแสดงรายการสินค้า', 'report/sales/order_sold_by_customer_and_product', 'RE', 'RESALE', 1, 1, 0),
('SCCONF', 'การกำหนดค่า', 'setting/configs', 'SC', NULL, 1, 1, 1),
('SCPERM', 'กำหนดสิทธิ์', 'users/permission', 'SC', NULL, 1, 3, 1),
('SCPOLI', 'นโยบายส่วนลด', 'discount/discount_policy', 'SC', NULL, 1, 5, 1),
('SCRULE', 'เงื่อนไขส่วนลด', 'discount/discount_rule', 'SC', NULL, 1, 6, 1),
('SCSYSC', 'ปิดปรับปรุงระบบ', NULL, 'SC', NULL, 1, 7, 1),
('SOCCSO', 'ฝากขาย(ใบกำกับ)', 'orders/consign_so', 'SO', NULL, 1, 3, 1),
('SOCCTR', 'ฝากขาย(โอนคลัง)', 'orders/consign_tr', 'SO', NULL, 1, 4, 1),
('SODISC', 'แก้ไขส่วนลดสินค้า(ในออเดอร์)', NULL, 'SO', NULL, 1, 10, 1),
('SOFNST', 'ค้นหาสินค้าคงเหลือ', 'find_stock', 'SO', NULL, 1, 1, 1),
('SOODQT', 'ใบเสนอราคา', 'orders/quotation', 'SO', NULL, 1, 1, 1),
('SOODSO', 'ออเดอร์', 'orders/orders', 'SO', NULL, 1, 1, 1),
('SOODSP', 'สปอนเซอร์', 'orders/sponsor', 'SO', NULL, 1, 2, 1),
('SOPRIC', 'แก้ไขราคาสินค้า(ในออเดอร์)', NULL, 'SO', NULL, 1, 10, 1),
('SORECT', 'ย้อนสถานะออเดอร์ที่เปิดบิลแล้ว', NULL, 'SO', NULL, 1, 10, 1),
('SOREST', 'ย้อนสถานะออเดอร์', NULL, 'SO', NULL, 1, 10, 1),
('SOREUP', 'ปล่อยออเดอร์ที่ยังไม่ชำระเงิน', NULL, 'SO', NULL, 1, 10, 1),
('SOVIEW', 'สต็อกคงเหลือ', 'view_stock', 'SO', NULL, 1, 10, 1);

-- --------------------------------------------------------

--
-- Table structure for table `menu_group`
--

CREATE TABLE `menu_group` (
  `code` varchar(10) NOT NULL,
  `name` varchar(50) NOT NULL,
  `position` int(5) NOT NULL,
  `active` tinyint(1) NOT NULL DEFAULT '1',
  `type` enum('side','top') NOT NULL DEFAULT 'side',
  `icon` varchar(20) DEFAULT NULL,
  `valid` tinyint(1) NOT NULL DEFAULT '1'
) ENGINE=InnoDB DEFAULT CHARSET=utf8;

--
-- Dumping data for table `menu_group`
--

INSERT INTO `menu_group` (`code`, `name`, `position`, `active`, `type`, `icon`, `valid`) VALUES
('AC', 'ระบบบัญชี', 3, 1, 'side', 'fa-calculator', 1),
('AP', 'การอนุมัติ', 7, 0, 'side', NULL, 1),
('DB', 'ระบบฐานข้อมูล', 6, 1, 'side', 'fa-database', 1),
('IC', 'ระบบคลังสินค้า', 1, 1, 'side', 'fa-home', 1),
('PO', 'ระบบซื้อ', 4, 1, 'side', 'fa-shopping-bag', 1),
('RE', 'รายงาน', 10, 1, 'top', 'fa-bar-chart', 0),
('SC', 'การกำหนดค่า', 5, 1, 'side', 'fa-cogs', 1),
('SO', 'ระบบขาย', 2, 1, 'side', 'fa-shopping-basket', 1);

-- --------------------------------------------------------

--
-- Table structure for table `menu_sub_group`
--

CREATE TABLE `menu_sub_group` (
  `code` varchar(20) NOT NULL,
  `name` varchar(100) NOT NULL,
  `group_code` varchar(10) DEFAULT NULL,
  `active` tinyint(1) NOT NULL DEFAULT '1',
  `position` int(11) NOT NULL DEFAULT '0'
) ENGINE=InnoDB DEFAULT CHARSET=utf8;

--
-- Dumping data for table `menu_sub_group`
--

INSERT INTO `menu_sub_group` (`code`, `name`, `group_code`, `active`, `position`) VALUES
('CHECK', 'ตรวจสอบ', 'IC', 1, 0),
('CUSTOMER', 'ฐานข้อมูลลูกค้า', 'DB', 1, 0),
('PICKPACK', 'จัดการออเดอร์', 'IC', 1, 0),
('PRODUCT', 'ฐานข้อมูลสินค้า', 'DB', 1, 0),
('RECEIVE', 'รับเข้า', 'IC', 1, 0),
('REINVT', 'รายงาน ระบบคลัง', 'RE', 1, 1),
('REPO', 'รายงาน ระบบซื้อ', 'RE', 1, 3),
('REQUEST', 'เบิกสินค้า', 'IC', 1, 0),
('RESALE', 'รายงาน ระบบขาย', 'RE', 1, 2),
('RETURN', 'รับคืน', 'IC', 1, 0),
('TRANSFER', 'โอนสินค้า', 'IC', 1, 0),
('TRANSPORT', 'ฐานข้อมูลขนส่ง', 'DB', 1, 0),
('WAREHOUSE', 'ฐานข้อมูลคลังสินค้า', 'DB', 1, 0);

-- --------------------------------------------------------

--
-- Table structure for table `move`
--

CREATE TABLE `move` (
  `code` varchar(20) NOT NULL,
  `bookcode` varchar(5) DEFAULT NULL,
  `from_warehouse` varchar(20) DEFAULT NULL,
  `to_warehouse` varchar(20) DEFAULT NULL,
  `remark` varchar(254) DEFAULT NULL,
  `user` varchar(50) DEFAULT NULL,
  `date_add` datetime NOT NULL DEFAULT CURRENT_TIMESTAMP,
  `update_user` varchar(50) DEFAULT NULL,
  `date_upd` timestamp NOT NULL DEFAULT CURRENT_TIMESTAMP ON UPDATE CURRENT_TIMESTAMP,
  `status` tinyint(1) NOT NULL DEFAULT '0' COMMENT '0 = not save 1 = saved 2 = cancle',
  `is_approve` tinyint(1) NOT NULL DEFAULT '0',
  `approver` varchar(50) DEFAULT NULL,
  `inv_code` varchar(20) DEFAULT NULL
) ENGINE=InnoDB DEFAULT CHARSET=utf8;

--
-- Dumping data for table `move`
--

INSERT INTO `move` (`code`, `bookcode`, `from_warehouse`, `to_warehouse`, `remark`, `user`, `date_add`, `update_user`, `date_upd`, `status`, `is_approve`, `approver`, `inv_code`) VALUES
('MV-200100001', NULL, '0000', '0000', '', 'admin', '2020-01-27 14:13:31', NULL, '2020-10-06 04:26:11', 0, 0, NULL, NULL);

-- --------------------------------------------------------

--
-- Table structure for table `move_detail`
--

CREATE TABLE `move_detail` (
  `id` int(11) NOT NULL,
  `move_code` varchar(20) NOT NULL,
  `product_code` varchar(50) DEFAULT NULL,
  `product_name` varchar(254) DEFAULT NULL,
  `from_zone` varchar(228) DEFAULT NULL,
  `to_zone` varchar(228) DEFAULT NULL,
  `qty` decimal(15,2) DEFAULT NULL,
  `valid` tinyint(1) NOT NULL DEFAULT '0',
  `date_upd` timestamp NOT NULL DEFAULT CURRENT_TIMESTAMP
) ENGINE=InnoDB DEFAULT CHARSET=utf8;

--
-- Dumping data for table `move_detail`
--

INSERT INTO `move_detail` (`id`, `move_code`, `product_code`, `product_name`, `from_zone`, `to_zone`, `qty`, `valid`, `date_upd`) VALUES
(1, 'MV-200100001', 'WA-3315N-AA-XS', 'เสื้อโปโลเบสิก WA-3315N-AA-XS', '0000', '0001', '4.00', 0, '2020-01-27 07:14:27'),
(2, 'MV-200100001', 'WA-3315N-AA-S', 'เสื้อโปโลเบสิก WA-3315N-AA-S', '0000', '0001', '4.00', 0, '2020-01-27 07:14:27'),
(3, 'MV-200100001', 'WA-3315N-AA-XS', 'เสื้อโปโลเบสิก WA-3315N-AA-XS', '0000', '0002', '2.00', 0, '2020-01-27 07:16:13'),
(4, 'MV-200100001', 'WA-3315N-AA-S', 'เสื้อโปโลเบสิก WA-3315N-AA-S', '0000', '0002', '2.00', 0, '2020-01-27 07:16:13');

-- --------------------------------------------------------

--
-- Table structure for table `move_temp`
--

CREATE TABLE `move_temp` (
  `id` int(11) NOT NULL,
  `move_code` varchar(20) DEFAULT NULL,
  `product_code` varchar(50) DEFAULT NULL,
  `zone_code` varchar(228) DEFAULT NULL,
  `qty` decimal(15,2) NOT NULL DEFAULT '0.00'
) ENGINE=InnoDB DEFAULT CHARSET=utf8;

-- --------------------------------------------------------

--
-- Table structure for table `orders`
--

CREATE TABLE `orders` (
  `code` varchar(20) NOT NULL,
  `role` varchar(1) NOT NULL DEFAULT 'S',
  `bookcode` varchar(5) NOT NULL,
  `qt_no` varchar(20) DEFAULT NULL,
  `reference` varchar(20) DEFAULT NULL COMMENT 'เลขที่ภายนอก',
  `customer_code` varchar(16) NOT NULL,
  `customer_ref` varchar(50) DEFAULT NULL COMMENT 'รหัสลูกค้าภายนอก',
  `channels_code` varchar(10) DEFAULT NULL,
  `payment_code` varchar(10) DEFAULT NULL,
  `sale_code` varchar(16) DEFAULT NULL,
  `state` tinyint(2) NOT NULL DEFAULT '1',
  `is_paid` tinyint(1) NOT NULL DEFAULT '0',
  `is_expired` tinyint(1) NOT NULL DEFAULT '0',
  `is_term` tinyint(1) NOT NULL DEFAULT '1',
  `bDiscText` varchar(20) NOT NULL DEFAULT '0' COMMENT 'ส่วนลดท้ายบิล',
  `bDiscAmount` decimal(15,2) NOT NULL DEFAULT '0.00' COMMENT 'ส่วนลดท้ายบิล',
  `sender_id` int(11) DEFAULT NULL,
  `shipping_code` varchar(32) DEFAULT NULL,
  `shipping_fee` decimal(15,2) NOT NULL DEFAULT '0.00',
  `service_fee` decimal(15,2) NOT NULL DEFAULT '0.00',
  `user` varchar(50) DEFAULT NULL,
  `update_user` varchar(50) DEFAULT NULL COMMENT 'last update by user',
  `budget_code` varchar(15) DEFAULT NULL,
  `rule_code` varchar(15) DEFAULT NULL COMMENT 'เลขที่ของนโยบายส่วนลดท้ายบิล',
  `gp` varchar(30) NOT NULL DEFAULT '0.00',
  `never_expire` tinyint(1) NOT NULL DEFAULT '0' COMMENT '1 = ยกเว้นการหมดอายุ, 0 = ตามเงื่อนไข',
  `status` tinyint(1) NOT NULL DEFAULT '0' COMMENT '0 = not save, 1 = saved, 2 = cancled',
  `remark` text NOT NULL,
  `date_add` datetime NOT NULL DEFAULT CURRENT_TIMESTAMP,
  `date_upd` timestamp NOT NULL DEFAULT CURRENT_TIMESTAMP ON UPDATE CURRENT_TIMESTAMP,
  `user_ref` varchar(254) DEFAULT NULL,
  `zone_code` varchar(20) DEFAULT NULL,
  `warehouse_code` varchar(20) DEFAULT NULL,
  `address_id` int(11) DEFAULT NULL,
  `total_amount` decimal(15,2) NOT NULL DEFAULT '0.00',
  `deposit` decimal(15,2) NOT NULL DEFAULT '0.00',
  `balance` decimal(15,2) NOT NULL DEFAULT '0.00'
) ENGINE=InnoDB DEFAULT CHARSET=utf8;

--
-- Dumping data for table `orders`
--

INSERT INTO `orders` (`code`, `role`, `bookcode`, `qt_no`, `reference`, `customer_code`, `customer_ref`, `channels_code`, `payment_code`, `sale_code`, `state`, `is_paid`, `is_expired`, `is_term`, `bDiscText`, `bDiscAmount`, `sender_id`, `shipping_code`, `shipping_fee`, `service_fee`, `user`, `update_user`, `budget_code`, `rule_code`, `gp`, `never_expire`, `status`, `remark`, `date_add`, `date_upd`, `user_ref`, `zone_code`, `warehouse_code`, `address_id`, `total_amount`, `deposit`, `balance`) VALUES
('WC-200400001', 'C', 'CS', NULL, NULL, 'C0001', NULL, NULL, NULL, NULL, 1, 0, 0, 1, '0', '0.00', NULL, NULL, '0.00', '0.00', 'admin', NULL, NULL, NULL, '32', 0, 0, '', '2020-04-02 12:20:26', '2020-04-02 05:20:26', NULL, 'C001', 'CS001', NULL, '0.00', '0.00', '0.00'),
('WO-200100001', 'S', 'SO', NULL, '', 'C0001', '', '002', '001', '001', 8, 0, 0, 1, '0', '0.00', NULL, 'XA-123456', '100.00', '0.00', 'admin', 'admin', NULL, NULL, '0.00', 0, 1, '', '2020-01-15 18:55:48', '2020-01-18 05:45:24', NULL, NULL, NULL, NULL, '2872.00', '0.00', '2872.00'),
('WO-200100002', 'S', 'SO', NULL, '', '0000', 'XA1', '003', '005', '0000', 8, 1, 0, 0, '0', '0.00', 2, 'RDNW000027159', '100.00', '0.00', 'admin', 'admin', NULL, NULL, '0.00', 0, 1, '', '2020-01-16 15:56:20', '2020-01-20 14:57:00', NULL, NULL, NULL, 3, '2495.00', '0.00', '2495.00'),
('WO-200100003', 'S', 'SO', NULL, '', '0000', 'XA2', '003', '005', '0000', 8, 1, 0, 0, '0', '0.00', 1, NULL, '0.00', '0.00', 'admin', 'admin', NULL, NULL, '0.00', 0, 1, 'ส่งไปรษณีย์', '2020-01-16 16:14:14', '2020-10-28 04:49:45', NULL, NULL, NULL, NULL, '5685.00', '0.00', '5685.00'),
('WO-200100004', 'S', 'SO', NULL, '', '0000', 'Someone', '004', '003', '0000', 8, 1, 0, 0, '0', '0.00', 3, NULL, '0.00', '0.00', 'admin', 'sutouch', NULL, NULL, '0.00', 0, 1, '', '2020-01-20 14:38:49', '2020-10-07 03:58:25', NULL, NULL, NULL, NULL, '594.00', '594.00', '0.00'),
('WO-200100005', 'S', 'SO', NULL, '', '0000', 'Someone', '004', '003', '0000', 8, 1, 0, 0, '0', '0.00', 3, NULL, '60.00', '0.00', 'admin', 'admin', NULL, NULL, '0.00', 0, 1, '', '2020-01-20 13:30:52', '2020-01-21 06:22:28', NULL, NULL, NULL, 4, '988.26', '990.00', '-1.74'),
('WO-200100006', 'S', 'SO', NULL, '', 'C0001', '', '002', '001', '001', 8, 0, 0, 1, '0', '0.00', NULL, NULL, '0.00', '0.00', 'admin', 'admin', NULL, NULL, '0.00', 0, 1, '', '2020-01-22 12:18:40', '2020-01-22 05:19:56', NULL, NULL, NULL, NULL, '2633.40', '0.00', '2633.40'),
('WO-200100007', 'S', 'SO', NULL, '', 'C0001', '', '002', '001', '001', 8, 0, 0, 1, '0', '0.00', 1, NULL, '0.00', '0.00', 'admin', 'admin', NULL, NULL, '0.00', 0, 1, '', '2020-01-23 13:32:19', '2020-01-23 06:35:07', NULL, NULL, NULL, NULL, '2387.70', '0.00', '2387.70'),
('WO-200500001', 'S', 'SO', NULL, '', 'C0001', '', '002', '001', '001', 8, 0, 0, 1, '0', '0.00', NULL, NULL, '0.00', '0.00', 'admin', 'sutouch', NULL, NULL, '0.00', 0, 1, '', '2020-05-02 22:35:37', '2020-09-22 03:56:22', NULL, NULL, NULL, NULL, '5463.50', '0.00', '5463.50'),
('WO-201000001', 'S', 'SO', NULL, '', 'C0001', 'Sutouch', '002', '001', '001', 8, 0, 0, 1, '0', '0.00', 2, NULL, '0.00', '0.00', 'admin', 'admin', NULL, NULL, '0.00', 0, 1, 'ปปปปป', '2020-10-14 01:09:01', '2020-10-28 06:35:38', NULL, NULL, NULL, 6, '492.70', '200.00', '292.70'),
('WO-201000002', 'S', 'SO', NULL, '', 'COD-001', 'IX123', '004', '005', '0000', 8, 0, 0, 1, '0', '0.00', 2, NULL, '100.00', '0.00', 'admin', 'admin', NULL, NULL, '0.00', 0, 1, '', '2020-10-28 11:54:05', '2020-10-28 05:34:22', NULL, NULL, NULL, 7, '2146.60', '0.00', '2146.60'),
('WO-201000003', 'S', 'SO', NULL, '', 'COD-002', 'XXX2', '003', '005', '0000', 8, 1, 0, 1, '0', '0.00', 2, NULL, '0.00', '0.00', 'admin', 'admin', NULL, NULL, '0.00', 0, 1, '', '2020-10-28 12:57:37', '2020-10-28 06:26:49', NULL, NULL, NULL, NULL, '0.00', '600.00', '-600.00'),
('WO-201000004', 'S', 'SO', 'QT-200400001', '', '0000', 'Pla', '004', '003', '0000', 3, 0, 0, 0, '0', '0.00', 3, NULL, '0.00', '0.00', 'admin', 'admin', NULL, NULL, '0.00', 0, 1, 'มัดจำ 50%', '2020-10-28 23:13:26', '2020-11-11 16:52:27', NULL, NULL, NULL, NULL, '4187.95', '800.00', '3387.95'),
('WO-201000005', 'S', 'SO', NULL, '', '0000', 'ปปปปป', '004', '003', '0000', 8, 1, 0, 0, '0', '0.00', 3, NULL, '100.00', '20.00', 'admin', 'admin', NULL, NULL, '0.00', 0, 1, '', '2020-10-31 22:37:48', '2020-10-31 15:42:15', NULL, NULL, NULL, NULL, '1520.00', '1520.00', '0.00'),
('WO-201000006', 'S', 'SO', NULL, '', 'C0001', '', '002', '001', '001', 1, 0, 0, 1, '0', '0.00', NULL, NULL, '0.00', '0.00', 'admin', NULL, NULL, NULL, '0.00', 0, 0, '', '2020-10-31 22:46:38', '2020-10-31 15:46:38', NULL, NULL, NULL, NULL, '0.00', '0.00', '0.00'),
('WO-201100001', 'S', 'SO', 'QT-201100001', '', 'C0001', '', '002', '001', '001', 1, 0, 0, 1, '0', '0.00', NULL, NULL, '0.00', '0.00', 'admin', NULL, NULL, NULL, '0.00', 0, 0, '', '2020-11-03 20:00:21', '2020-11-03 13:00:21', NULL, NULL, NULL, NULL, '0.00', '0.00', '0.00'),
('WO-201100002', 'S', 'SO', 'QT-200400002', '', 'C0001', '', '002', '001', '001', 1, 0, 0, 1, '0', '0.00', 2, NULL, '100.00', '200.00', 'admin', NULL, NULL, NULL, '0.00', 0, 0, 'ดปปปปปปป', '2020-11-03 23:05:23', '2020-11-09 16:05:23', NULL, NULL, NULL, NULL, '2890.00', '0.00', '2890.00'),
('WT-200100001', 'N', 'CT', NULL, NULL, 'C0001', NULL, NULL, NULL, NULL, 8, 0, 0, 1, '0', '0.00', NULL, NULL, '0.00', '0.00', 'admin', 'admin', NULL, NULL, '30%', 0, 1, 'ฝากขายถึงสิ้นปี', '2020-01-16 15:24:11', '2020-01-19 15:04:14', NULL, 'C001', 'CS001', NULL, '5055.40', '0.00', '5055.40');

-- --------------------------------------------------------

--
-- Table structure for table `order_credit`
--

CREATE TABLE `order_credit` (
  `id` int(11) NOT NULL,
  `order_code` varchar(20) NOT NULL,
  `customer_code` varchar(15) NOT NULL,
  `delivery_date` date DEFAULT NULL,
  `due_date` date DEFAULT NULL,
  `over_due_date` date DEFAULT NULL,
  `amount` decimal(15,2) NOT NULL DEFAULT '0.00',
  `paid` decimal(15,2) NOT NULL DEFAULT '0.00',
  `balance` decimal(15,2) NOT NULL DEFAULT '0.00',
  `valid` tinyint(1) NOT NULL DEFAULT '0',
  `date_upd` timestamp NOT NULL DEFAULT CURRENT_TIMESTAMP ON UPDATE CURRENT_TIMESTAMP,
  `user_upd` varchar(50) DEFAULT NULL
) ENGINE=InnoDB DEFAULT CHARSET=utf8;

--
-- Dumping data for table `order_credit`
--

INSERT INTO `order_credit` (`id`, `order_code`, `customer_code`, `delivery_date`, `due_date`, `over_due_date`, `amount`, `paid`, `balance`, `valid`, `date_upd`, `user_upd`) VALUES
(1, 'WO-200100001', 'C0001', '2020-01-18', '2020-02-17', '2020-03-18', '2772.00', '2772.00', '0.00', 1, '2020-06-02 07:26:57', NULL),
(2, 'WO-200100006', 'C0001', '2020-01-22', '2020-02-21', '2020-03-22', '2633.40', '2633.40', '0.00', 1, '2020-10-28 14:05:16', NULL),
(3, 'WO-200100007', 'C0001', '2020-01-23', '2020-02-22', '2020-03-23', '2387.70', '2387.70', '0.00', 1, '2020-01-25 15:57:28', NULL),
(4, 'WO-200500001', 'C0001', '2020-09-22', '2020-10-22', '2020-11-21', '5463.50', '5463.50', '0.00', 1, '2020-10-28 06:36:44', NULL),
(6, 'WO-201000002', 'COD-001', '2020-10-28', '2020-11-12', '2020-12-12', '2146.60', '0.00', '2146.60', 0, '2020-10-28 05:34:22', NULL),
(8, 'WO-201000003', 'COD-002', '2020-10-28', '2020-11-12', '2020-12-12', '1137.00', '0.00', '1137.00', 0, '2020-10-28 06:00:16', NULL),
(9, 'WO-201000001', 'C0001', '2020-10-28', '2020-11-27', '2020-12-27', '492.70', '492.70', '0.00', 1, '2020-10-28 06:36:44', NULL),
(11, 'WM-201000001', 'C0001', '2020-10-28', '2020-11-27', '2020-12-27', '1061.20', '1061.20', '0.00', 1, '2020-10-31 09:53:09', NULL),
(12, 'WO-201000005', '0000', '2020-10-31', '2020-10-31', '2020-11-30', '1520.00', '1520.00', '0.00', 1, '2020-10-31 15:42:15', NULL);

-- --------------------------------------------------------

--
-- Table structure for table `order_details`
--

CREATE TABLE `order_details` (
  `id` int(11) NOT NULL,
  `order_code` varchar(32) NOT NULL,
  `style_code` varchar(50) NOT NULL,
  `product_code` varchar(50) NOT NULL,
  `product_name` varchar(100) NOT NULL,
  `cost` decimal(15,2) NOT NULL DEFAULT '0.00',
  `price` decimal(15,2) NOT NULL DEFAULT '0.00',
  `qty` decimal(15,2) NOT NULL DEFAULT '0.00',
  `unit_code` varchar(20) DEFAULT NULL,
  `discount1` varchar(10) NOT NULL,
  `discount2` varchar(10) NOT NULL,
  `discount3` varchar(10) NOT NULL,
  `discount_amount` decimal(15,2) NOT NULL DEFAULT '0.00',
  `total_amount` decimal(15,2) NOT NULL DEFAULT '0.00',
  `id_rule` int(11) DEFAULT NULL,
  `valid` tinyint(1) NOT NULL DEFAULT '0' COMMENT 'จัดของครบแล้ว',
  `is_expired` tinyint(1) NOT NULL DEFAULT '0',
  `is_complete` tinyint(1) NOT NULL DEFAULT '0' COMMENT 'เปิดบิลแล้ว ไม่เอายอดมาคำนวน',
  `is_count` tinyint(1) NOT NULL DEFAULT '1',
  `date_add` datetime NOT NULL DEFAULT CURRENT_TIMESTAMP,
  `date_upd` timestamp NOT NULL DEFAULT CURRENT_TIMESTAMP ON UPDATE CURRENT_TIMESTAMP,
  `update_user` varchar(50) DEFAULT NULL
) ENGINE=InnoDB DEFAULT CHARSET=utf8;

--
-- Dumping data for table `order_details`
--

INSERT INTO `order_details` (`id`, `order_code`, `style_code`, `product_code`, `product_name`, `cost`, `price`, `qty`, `unit_code`, `discount1`, `discount2`, `discount3`, `discount_amount`, `total_amount`, `id_rule`, `valid`, `is_expired`, `is_complete`, `is_count`, `date_add`, `date_upd`, `update_user`) VALUES
(1, 'WO-200100001', 'A5033', 'A5033-AW-M', 'เสื้อกีฬา Eureka A5033-AW-M', '118.80', '198.00', '2.00', NULL, '30.00 %', '0.00 %', '0.00 %', '118.80', '277.20', 2, 1, 0, 1, 1, '2020-01-15 18:54:46', '2020-01-18 05:45:24', NULL),
(2, 'WO-200100001', 'A5033', 'A5033-BA-M', 'เสื้อกีฬา Eureka A5033-BA-M', '118.80', '198.00', '2.00', NULL, '30.00 %', '0.00 %', '0.00 %', '118.80', '277.20', 2, 1, 0, 1, 1, '2020-01-15 18:54:46', '2020-01-18 05:45:24', NULL),
(3, 'WO-200100001', 'A5033', 'A5033-AW-L', 'เสื้อกีฬา Eureka A5033-AW-L', '118.80', '198.00', '5.00', NULL, '30.00 %', '0.00 %', '0.00 %', '297.00', '693.00', 2, 1, 0, 1, 1, '2020-01-15 18:54:46', '2020-01-18 05:45:24', NULL),
(4, 'WO-200100001', 'A5033', 'A5033-BA-L', 'เสื้อกีฬา Eureka A5033-BA-L', '118.80', '198.00', '5.00', NULL, '30.00 %', '0.00 %', '0.00 %', '297.00', '693.00', 2, 1, 0, 1, 1, '2020-01-15 18:54:46', '2020-01-18 05:45:24', NULL),
(5, 'WO-200100001', 'A5033', 'A5033-AW-XL', 'เสื้อกีฬา Eureka A5033-AW-XL', '118.80', '198.00', '2.00', NULL, '30.00 %', '0.00 %', '0.00 %', '118.80', '277.20', 2, 1, 0, 1, 1, '2020-01-15 18:54:46', '2020-01-18 05:45:24', NULL),
(6, 'WO-200100001', 'A5033', 'A5033-BA-XL', 'เสื้อกีฬา Eureka A5033-BA-XL', '118.80', '198.00', '2.00', NULL, '30.00 %', '0.00 %', '0.00 %', '118.80', '277.20', 2, 1, 0, 1, 1, '2020-01-15 18:54:46', '2020-01-18 05:45:24', NULL),
(7, 'WO-200100001', 'A5033', 'A5033-AW-XXL', 'เสื้อกีฬา Eureka A5033-AW-XXL', '118.80', '198.00', '1.00', NULL, '30.00 %', '0.00 %', '0.00 %', '59.40', '138.60', 2, 1, 0, 1, 1, '2020-01-15 18:54:46', '2020-01-18 05:45:24', NULL),
(8, 'WO-200100001', 'A5033', 'A5033-BA-XXL', 'เสื้อกีฬา Eureka A5033-BA-XXL', '118.80', '198.00', '1.00', NULL, '30.00 %', '0.00 %', '0.00 %', '59.40', '138.60', 2, 1, 0, 1, 1, '2020-01-15 18:54:46', '2020-01-18 05:45:24', NULL),
(9, 'WO-200100002', 'WA-3315N', 'WA-3315N-AA-M', 'เสื้อโปโลเบสิก WA-3315N-AA-M', '227.40', '379.00', '2.00', NULL, '0', '0', '0', '0.00', '758.00', NULL, 1, 0, 1, 1, '2020-01-16 15:23:35', '2020-01-20 14:17:27', NULL),
(10, 'WO-200100002', 'WA-3315N', 'WA-3315N-AA-L', 'เสื้อโปโลเบสิก WA-3315N-AA-L', '227.40', '379.00', '3.00', NULL, '0', '0', '0', '0.00', '1137.00', NULL, 1, 0, 1, 1, '2020-01-16 15:23:35', '2020-01-20 14:17:27', NULL),
(11, 'WO-200100002', 'FLEX', 'FLEX-00-00', 'ค่าบริการเฟล็ก FLEX-00-00', '50.00', '150.00', '5.00', NULL, '50', '0', '0', '250.00', '500.00', NULL, 1, 0, 1, 0, '2020-01-16 15:49:33', '2020-01-20 14:17:27', 'admin'),
(12, 'WO-200100003', 'WA-3315N', 'WA-3315N-BB-M', 'เสื้อโปโลเบสิก WA-3315N-BB-M', '227.40', '379.00', '5.00', NULL, '0', '0', '0', '0.00', '1895.00', NULL, 1, 0, 1, 1, '2020-01-19 13:57:42', '2020-01-19 07:05:49', NULL),
(13, 'WO-200100003', 'WA-3315N', 'WA-3315N-BB-L', 'เสื้อโปโลเบสิก WA-3315N-BB-L', '227.40', '379.00', '5.00', NULL, '0', '0', '0', '0.00', '1895.00', NULL, 1, 0, 1, 1, '2020-01-19 13:57:42', '2020-01-19 07:05:49', NULL),
(15, 'WO-200100003', 'WA-3315N', 'WA-3315N-BB-XL', 'เสื้อโปโลเบสิก WA-3315N-BB-XL', '227.40', '379.00', '3.00', NULL, '0', '0', '0', '0.00', '1137.00', NULL, 1, 0, 1, 1, '2020-01-19 13:59:30', '2020-01-19 07:05:49', NULL),
(25, 'WT-200100001', 'WA-3315N', 'WA-3315N-DT-XS', 'เสื้อโปโลเบสิก WA-3315N-DT-XS', '227.40', '379.00', '2.00', NULL, '30%', '0', '0', '227.40', '530.60', NULL, 1, 0, 1, 1, '2020-01-19 15:24:28', '2020-01-19 15:04:14', NULL),
(26, 'WT-200100001', 'WA-3315N', 'WA-3315N-DT-S', 'เสื้อโปโลเบสิก WA-3315N-DT-S', '227.40', '379.00', '2.00', NULL, '30%', '0', '0', '227.40', '530.60', NULL, 1, 0, 1, 1, '2020-01-19 15:24:28', '2020-01-19 15:04:14', NULL),
(27, 'WT-200100001', 'WA-3315N', 'WA-3315N-DT-M', 'เสื้อโปโลเบสิก WA-3315N-DT-M', '227.40', '379.00', '2.00', NULL, '30%', '0', '0', '227.40', '530.60', NULL, 1, 0, 1, 1, '2020-01-19 15:24:28', '2020-01-19 15:04:14', NULL),
(28, 'WT-200100001', 'WA-3315N', 'WA-3315N-DT-L', 'เสื้อโปโลเบสิก WA-3315N-DT-L', '227.40', '379.00', '2.00', NULL, '30%', '0', '0', '227.40', '530.60', NULL, 1, 0, 1, 1, '2020-01-19 15:24:28', '2020-01-19 15:04:14', NULL),
(29, 'WT-200100001', 'WA-3315N', 'WA-3315N-DT-XL', 'เสื้อโปโลเบสิก WA-3315N-DT-XL', '227.40', '379.00', '2.00', NULL, '30%', '0', '0', '227.40', '530.60', NULL, 1, 0, 1, 1, '2020-01-19 15:24:28', '2020-01-19 15:04:14', NULL),
(30, 'WT-200100001', 'WA-3315N', 'WA-3315N-DT-2L', 'เสื้อโปโลเบสิก WA-3315N-DT-2L', '227.40', '379.00', '2.00', NULL, '30%', '0', '0', '227.40', '530.60', NULL, 1, 0, 1, 1, '2020-01-19 15:24:28', '2020-01-19 15:04:14', NULL),
(31, 'WT-200100001', 'WA-3315N', 'WA-3315N-DT-3L', 'เสื้อโปโลเบสิก WA-3315N-DT-3L', '227.40', '379.00', '2.00', NULL, '30%', '0', '0', '227.40', '530.60', NULL, 1, 0, 1, 1, '2020-01-19 15:24:28', '2020-01-19 15:04:14', NULL),
(32, 'WT-200100001', 'WA-3315N', 'WA-3315N-DT-5L', 'เสื้อโปโลเบสิก WA-3315N-DT-5L', '287.40', '479.00', '2.00', NULL, '30%', '0', '0', '287.40', '670.60', NULL, 1, 0, 1, 1, '2020-01-19 15:24:28', '2020-01-19 15:04:14', NULL),
(33, 'WT-200100001', 'WA-3315N', 'WA-3315N-DT-7L', 'เสื้อโปโลเบสิก WA-3315N-DT-7L', '287.40', '479.00', '2.00', NULL, '30%', '0', '0', '287.40', '670.60', NULL, 1, 0, 1, 1, '2020-01-19 15:24:28', '2020-01-19 15:04:14', NULL),
(34, 'WO-200100005', 'A5033', 'A5033-AW-M', 'เสื้อกีฬา Eureka A5033-AW-M', '118.80', '168.00', '2.00', NULL, '10%', '0', '0', '33.60', '302.40', NULL, 1, 0, 1, 1, '2020-01-20 13:31:04', '2020-01-21 06:22:29', 'admin'),
(35, 'WO-200100005', 'A5033', 'A5033-AW-L', 'เสื้อกีฬา Eureka A5033-AW-L', '118.80', '168.00', '2.00', NULL, '10%', '5%', '0', '48.72', '287.28', NULL, 1, 0, 1, 1, '2020-01-20 13:31:04', '2020-01-21 06:22:29', 'admin'),
(36, 'WO-200100005', 'A5033', 'A5033-AW-XL', 'เสื้อกีฬา Eureka A5033-AW-XL', '118.80', '198.00', '2.00', NULL, '10%', '5%', '0', '57.42', '338.58', NULL, 1, 0, 1, 1, '2020-01-20 13:31:04', '2020-01-21 06:22:29', 'admin'),
(37, 'WO-200100006', 'A5033', 'A5033-YA-S', 'เสื้อกีฬา Eureka A5033-YA-S', '118.80', '198.00', '2.00', NULL, '30.00 %', '0.00 %', '0.00 %', '118.80', '277.20', 2, 1, 0, 1, 1, '2020-01-22 12:19:02', '2020-01-22 05:19:56', NULL),
(38, 'WO-200100006', 'A5033', 'A5033-YA-M', 'เสื้อกีฬา Eureka A5033-YA-M', '118.80', '198.00', '5.00', NULL, '30.00 %', '0.00 %', '0.00 %', '297.00', '693.00', 2, 1, 0, 1, 1, '2020-01-22 12:19:02', '2020-01-22 05:19:56', NULL),
(39, 'WO-200100006', 'A5033', 'A5033-YA-L', 'เสื้อกีฬา Eureka A5033-YA-L', '118.80', '198.00', '5.00', NULL, '30.00 %', '0.00 %', '0.00 %', '297.00', '693.00', 2, 1, 0, 1, 1, '2020-01-22 12:19:02', '2020-01-22 05:19:56', NULL),
(40, 'WO-200100006', 'A5033', 'A5033-YA-XL', 'เสื้อกีฬา Eureka A5033-YA-XL', '118.80', '198.00', '3.00', NULL, '30.00 %', '0.00 %', '0.00 %', '178.20', '415.80', 2, 1, 0, 1, 1, '2020-01-22 12:19:02', '2020-01-22 05:19:56', NULL),
(41, 'WO-200100006', 'A5033', 'A5033-YA-XXL', 'เสื้อกีฬา Eureka A5033-YA-XXL', '118.80', '198.00', '2.00', NULL, '30.00 %', '0.00 %', '0.00 %', '118.80', '277.20', 2, 1, 0, 1, 1, '2020-01-22 12:19:02', '2020-01-22 05:19:56', NULL),
(42, 'WO-200100006', 'A5033', 'A5033-YA-3XL', 'เสื้อกีฬา Eureka A5033-YA-3XL', '118.80', '198.00', '2.00', NULL, '30.00 %', '0.00 %', '0.00 %', '118.80', '277.20', 2, 1, 0, 1, 1, '2020-01-22 12:19:02', '2020-01-22 05:19:56', NULL),
(43, 'WO-200100007', 'WA-3315N', 'WA-3315N-DT-L', 'เสื้อโปโลเบสิก WA-3315N-DT-L', '227.40', '379.00', '3.00', NULL, '30.00 %', '0.00 %', '0.00 %', '341.10', '795.90', 2, 1, 0, 1, 1, '2020-01-23 13:33:12', '2020-01-23 06:35:07', NULL),
(44, 'WO-200100007', 'WA-3315N', 'WA-3315N-DT-XL', 'เสื้อโปโลเบสิก WA-3315N-DT-XL', '227.40', '379.00', '3.00', NULL, '30.00 %', '0.00 %', '0.00 %', '341.10', '795.90', 2, 1, 0, 1, 1, '2020-01-23 13:33:12', '2020-01-23 06:35:07', NULL),
(45, 'WO-200100007', 'WA-3315N', 'WA-3315N-DT-2L', 'เสื้อโปโลเบสิก WA-3315N-DT-2L', '227.40', '379.00', '2.00', NULL, '30.00 %', '0.00 %', '0.00 %', '227.40', '530.60', 2, 1, 0, 1, 1, '2020-01-23 13:33:12', '2020-01-23 06:35:07', NULL),
(46, 'WO-200100007', 'WA-3315N', 'WA-3315N-DT-3L', 'เสื้อโปโลเบสิก WA-3315N-DT-3L', '227.40', '379.00', '1.00', NULL, '30.00 %', '0.00 %', '0.00 %', '113.70', '265.30', 2, 1, 0, 1, 1, '2020-01-23 13:33:12', '2020-01-23 06:35:07', NULL),
(48, 'WO-200100004', 'A5033', 'A5033-AW-3XL', 'เสื้อกีฬา Eureka A5033-AW-3XL', '118.80', '198.00', '2.00', NULL, '0', '0', '0', '0.00', '396.00', NULL, 1, 0, 1, 1, '2020-04-02 12:51:49', '2020-10-07 03:58:25', NULL),
(49, 'WO-200100004', 'A5033', 'A5033-BA-3XL', 'เสื้อกีฬา Eureka A5033-BA-3XL', '118.80', '198.00', '2.00', NULL, '0', '0', '0', '0.00', '396.00', NULL, 1, 0, 1, 1, '2020-04-02 12:51:49', '2020-10-07 03:58:25', NULL),
(54, 'WO-200500001', 'WA-3315N', 'WA-3315N-AA-XS', 'เสื้อโปโลเบสิก WA-3315N-AA-XS', '227.40', '379.00', '10.00', NULL, '229', '0.00 %', '0.00 %', '2290.00', '1500.00', 4, 1, 0, 1, 1, '2020-09-22 10:53:27', '2020-09-22 03:56:22', NULL),
(55, 'WO-200500001', 'WA-3315N', 'WA-3315N-AA-S', 'เสื้อโปโลเบสิก WA-3315N-AA-S', '227.40', '379.00', '10.00', NULL, '229', '0.00 %', '0.00 %', '2290.00', '1500.00', 4, 1, 0, 1, 1, '2020-09-22 10:53:27', '2020-09-22 03:56:22', NULL),
(56, 'WO-200500001', 'WA-3315N', 'WA-3315N-AA-M', 'เสื้อโปโลเบสิก WA-3315N-AA-M', '227.40', '379.00', '10.00', NULL, '35.00 %', '0.00 %', '0.00 %', '1326.50', '2463.50', 1, 1, 0, 1, 1, '2020-09-22 10:53:27', '2020-09-22 03:56:22', NULL),
(57, 'WO-201000001', 'WA-3315N', 'WA-3315N-AA-M', 'เสื้อโปโลเบสิก WA-3315N-AA-M', '227.40', '379.00', '2.00', NULL, '35.00 %', '0.00 %', '0.00 %', '265.30', '492.70', 1, 1, 0, 1, 1, '2020-10-14 10:34:01', '2020-10-28 06:35:38', NULL),
(58, 'WO-201000002', 'WA-3315N', 'WA-3315N-BB-M', 'เสื้อโปโลเบสิก WA-3315N-BB-M', '227.40', '379.00', '2.00', NULL, '10%', '0', '0', '75.80', '682.20', NULL, 1, 0, 1, 1, '2020-10-28 11:54:40', '2020-10-28 05:34:22', 'admin'),
(59, 'WO-201000002', 'WA-3315N', 'WA-3315N-BB-L', 'เสื้อโปโลเบสิก WA-3315N-BB-L', '227.40', '379.00', '2.00', NULL, '10%', '0', '0', '75.80', '682.20', NULL, 1, 0, 1, 1, '2020-10-28 11:54:40', '2020-10-28 05:34:22', 'admin'),
(60, 'WO-201000002', 'WA-3315N', 'WA-3315N-BB-XL', 'เสื้อโปโลเบสิก WA-3315N-BB-XL', '227.40', '379.00', '2.00', NULL, '10%', '0', '0', '75.80', '682.20', NULL, 1, 0, 1, 1, '2020-10-28 11:54:40', '2020-10-28 05:34:22', 'admin'),
(61, 'WO-201000003', 'WA-3315N', 'WA-3315N-AA-S', 'เสื้อโปโลเบสิก WA-3315N-AA-S', '227.40', '379.00', '1.00', NULL, '0', '0', '0', '0.00', '379.00', NULL, 1, 0, 1, 1, '2020-10-28 12:57:59', '2020-10-28 06:00:16', NULL),
(62, 'WO-201000003', 'WA-3315N', 'WA-3315N-AA-M', 'เสื้อโปโลเบสิก WA-3315N-AA-M', '227.40', '379.00', '1.00', NULL, '0', '0', '0', '0.00', '379.00', NULL, 1, 0, 1, 1, '2020-10-28 12:57:59', '2020-10-28 06:00:16', NULL),
(63, 'WO-201000003', 'WA-3315N', 'WA-3315N-AA-L', 'เสื้อโปโลเบสิก WA-3315N-AA-L', '227.40', '379.00', '1.00', NULL, '0', '0', '0', '0.00', '379.00', NULL, 1, 0, 1, 1, '2020-10-28 12:57:59', '2020-10-28 06:00:16', NULL),
(66, 'WO-201000005', 'WA-3315N', 'WA-3315N-BB-M', 'เสื้อโปโลเบสิก WA-3315N-BB-M', '227.40', '379.00', '2.00', NULL, '29', '0', '0', '58.00', '700.00', NULL, 1, 0, 1, 1, '2020-10-31 22:37:58', '2020-10-31 15:42:15', 'admin'),
(67, 'WO-201000005', 'WA-3315N', 'WA-3315N-BB-L', 'เสื้อโปโลเบสิก WA-3315N-BB-L', '227.40', '379.00', '2.00', NULL, '29', '0', '0', '58.00', '700.00', NULL, 1, 0, 1, 1, '2020-10-31 22:37:58', '2020-10-31 15:42:15', 'admin'),
(83, 'WO-201100002', 'WC-1519', 'WC-1519-AW', 'ถุงเท้าเบสิก WC-1519-AW', '0.00', '99.00', '2.00', 'PCS', '20', '0', '0', '40.00', '158.00', NULL, 0, 0, 0, 1, '2020-11-09 23:05:21', '2020-11-09 16:05:21', NULL),
(84, 'WO-201100002', 'WC-1519', 'WC-1519-GA', 'ถุงเท้าเบสิก WC-1519-GA', '0.00', '99.00', '2.00', 'PCS', '20', '0', '0', '40.00', '158.00', NULL, 0, 0, 0, 1, '2020-11-09 23:05:21', '2020-11-09 16:05:21', NULL),
(85, 'WO-201100002', 'WA-3315N', 'WA-3315N-AA-S', 'เสื้อโปโลเบสิก WA-3315N-AA-S', '227.40', '379.00', '2.00', 'PCS', '0', '0', '0', '0.00', '758.00', NULL, 0, 0, 0, 1, '2020-11-09 23:05:21', '2020-11-09 16:05:21', NULL),
(86, 'WO-201100002', 'WA-3315N', 'WA-3315N-AA-M', 'เสื้อโปโลเบสิก WA-3315N-AA-M', '227.40', '379.00', '2.00', 'PCS', '0', '0', '0', '0.00', '758.00', NULL, 0, 0, 0, 1, '2020-11-09 23:05:21', '2020-11-09 16:05:21', NULL),
(87, 'WO-201100002', 'WA-3315N', 'WA-3315N-AA-L', 'เสื้อโปโลเบสิก WA-3315N-AA-L', '227.40', '379.00', '2.00', 'PCS', '0', '0', '0', '0.00', '758.00', NULL, 0, 0, 0, 1, '2020-11-09 23:05:21', '2020-11-09 16:05:21', NULL),
(97, 'WO-201000004', 'WA-3315N', 'WA-3315N-AA-S', 'เสื้อโปโลเบสิก WA-3315N-AA-S', '227.40', '379.00', '5.00', 'PCS', '15%', '0', '0', '284.25', '1610.75', NULL, 0, 0, 0, 1, '2020-11-11 23:52:25', '2020-11-11 16:52:25', NULL),
(98, 'WO-201000004', 'WA-3315N', 'WA-3315N-AA-M', 'เสื้อโปโลเบสิก WA-3315N-AA-M', '227.40', '379.00', '4.00', 'PCS', '15%', '0', '0', '227.40', '1288.60', NULL, 0, 0, 0, 1, '2020-11-11 23:52:25', '2020-11-11 16:52:25', NULL),
(99, 'WO-201000004', 'WA-3315N', 'WA-3315N-AA-L', 'เสื้อโปโลเบสิก WA-3315N-AA-L', '227.40', '379.00', '4.00', 'PCS', '15%', '0', '0', '227.40', '1288.60', NULL, 0, 0, 0, 1, '2020-11-11 23:52:25', '2020-11-11 16:52:25', NULL);

-- --------------------------------------------------------

--
-- Table structure for table `order_lend_detail`
--

CREATE TABLE `order_lend_detail` (
  `id` int(11) NOT NULL,
  `order_code` varchar(20) NOT NULL,
  `product_code` varchar(50) NOT NULL,
  `product_name` varchar(100) DEFAULT NULL,
  `qty` decimal(15,2) NOT NULL DEFAULT '0.00',
  `receive` decimal(15,2) NOT NULL DEFAULT '0.00',
  `customer_code` varchar(50) DEFAULT NULL,
  `valid` tinyint(1) NOT NULL DEFAULT '0'
) ENGINE=InnoDB DEFAULT CHARSET=utf8;

-- --------------------------------------------------------

--
-- Table structure for table `order_payment`
--

CREATE TABLE `order_payment` (
  `id` int(11) NOT NULL,
  `order_code` varchar(20) NOT NULL,
  `order_amount` decimal(15,2) NOT NULL DEFAULT '0.00',
  `pay_amount` decimal(15,2) NOT NULL DEFAULT '0.00',
  `pay_date` datetime NOT NULL,
  `id_account` int(11) NOT NULL,
  `acc_no` varchar(20) NOT NULL,
  `reference` varchar(32) NOT NULL,
  `valid` tinyint(1) NOT NULL DEFAULT '0',
  `date_upd` timestamp NOT NULL DEFAULT CURRENT_TIMESTAMP ON UPDATE CURRENT_TIMESTAMP,
  `user` varchar(50) NOT NULL,
  `is_deposit` tinyint(1) NOT NULL DEFAULT '0',
  `img` varchar(50) DEFAULT NULL
) ENGINE=InnoDB DEFAULT CHARSET=utf8;

--
-- Dumping data for table `order_payment`
--

INSERT INTO `order_payment` (`id`, `order_code`, `order_amount`, `pay_amount`, `pay_date`, `id_account`, `acc_no`, `reference`, `valid`, `date_upd`, `user`, `is_deposit`, `img`) VALUES
(3, 'WO-200100005', '988.26', '600.00', '2020-01-20 15:17:00', 1, '439-1-01549-5', '', 1, '2020-01-20 15:23:41', 'admin', 1, 'WO-200100005-20200120101634'),
(4, 'WO-200100005', '388.26', '390.00', '2020-01-20 12:08:00', 1, '439-1-01549-5', '', 1, '2020-01-20 15:37:58', 'admin', 0, 'WO-200100005-20200120102858'),
(5, 'WO-200100004', '792.00', '500.00', '2020-10-06 00:00:00', 1, '439-1-01549-5', '', 1, '2020-10-07 03:54:29', 'sutouch', 1, 'WO-200100004-20201007105400'),
(6, 'WO-200100004', '94.00', '94.00', '2020-10-06 00:00:00', 1, '439-1-01549-5', '', 1, '2020-10-07 03:58:19', 'sutouch', 0, 'WO-200100004-20201007105808'),
(7, 'WO-201000001', '492.70', '200.00', '2020-10-27 00:00:00', 1, '439-1-01549-5', '', 1, '2020-10-28 05:41:53', 'admin', 1, 'WO-201000001-20201028124129'),
(8, 'WO-201000003', '1137.00', '600.00', '2020-10-28 00:00:00', 2, '239-3-02018-1', '', 1, '2020-10-28 06:26:49', 'admin', 1, 'WO-201000003-20201028125838'),
(9, 'WO-201000004', '1516.00', '800.00', '2020-10-28 00:00:00', 1, '439-1-01549-5', '', 1, '2020-10-28 06:26:37', 'admin', 1, 'WO-201000004-20201028012608'),
(10, 'WO-201000005', '1520.00', '1520.00', '2020-10-31 00:00:00', 1, '439-1-01549-5', '', 1, '2020-10-31 15:40:54', 'admin', 0, 'WO-201000005-20201031104026');

-- --------------------------------------------------------

--
-- Table structure for table `order_quotation`
--

CREATE TABLE `order_quotation` (
  `code` varchar(20) NOT NULL,
  `reference` varchar(20) DEFAULT NULL COMMENT 'เลขที่ SO',
  `customer_code` varchar(20) NOT NULL,
  `customer_name` varchar(100) DEFAULT NULL,
  `contact` varchar(50) DEFAULT NULL COMMENT 'ชื่อลูกค้าภายนอก',
  `is_term` tinyint(1) NOT NULL DEFAULT '0',
  `credit_term` int(3) NOT NULL DEFAULT '0',
  `valid_days` int(3) DEFAULT NULL,
  `bDiscText` varchar(20) NOT NULL DEFAULT '0' COMMENT 'ส่วนลดท้ายบิล',
  `bDiscAmount` decimal(15,2) NOT NULL DEFAULT '0.00' COMMENT 'ส่วนลดท้ายบิล',
  `user` varchar(50) DEFAULT NULL,
  `update_user` varchar(50) DEFAULT NULL COMMENT 'last update by user',
  `status` tinyint(1) NOT NULL DEFAULT '0' COMMENT '0 = not save, 1 = saved, 2 = cancled',
  `is_closed` tinyint(1) NOT NULL DEFAULT '0' COMMENT 'ดึงไปเปิดออเดอร์แล้วหรือยัง',
  `title` varchar(250) DEFAULT NULL,
  `remark` text NOT NULL,
  `date_add` datetime NOT NULL DEFAULT CURRENT_TIMESTAMP,
  `date_upd` timestamp NOT NULL DEFAULT CURRENT_TIMESTAMP ON UPDATE CURRENT_TIMESTAMP
) ENGINE=InnoDB DEFAULT CHARSET=utf8;

--
-- Dumping data for table `order_quotation`
--

INSERT INTO `order_quotation` (`code`, `reference`, `customer_code`, `customer_name`, `contact`, `is_term`, `credit_term`, `valid_days`, `bDiscText`, `bDiscAmount`, `user`, `update_user`, `status`, `is_closed`, `title`, `remark`, `date_add`, `date_upd`) VALUES
('QT-200400001', 'WO-201000004', 'C0001', 'ร้าน โปรแกรม สปอร์ต', 'K. สุทัศ', 0, 30, 30, '0', '0.00', 'admin', 'admin', 1, 1, 'งานอะไรก็ไม่รู้', 'ยืนราคา 30 วัน', '2020-04-04 22:58:34', '2020-11-11 16:52:27'),
('QT-200400002', 'WO-201100002', 'C0001', 'ร้าน โปรแกรม สปอร์ต', 'K. สุทัศ', 0, 30, 30, '0', '0.00', 'admin', 'admin', 1, 1, 'โปรแกรม FLEX', 'ส่งของก่อนสิ้นเดือน', '2020-04-03 15:03:27', '2020-11-11 13:31:25'),
('QT-201100001', NULL, '0000', 'ลูกค้าทั่วไป', 'xxxxxxx', 1, 30, NULL, '0', '0.00', 'admin', 'admin', 2, 0, NULL, 'xsxsxsssss', '2020-11-01 20:12:43', '2020-11-10 03:25:06');

-- --------------------------------------------------------

--
-- Table structure for table `order_quotation_detail`
--

CREATE TABLE `order_quotation_detail` (
  `id` int(11) NOT NULL,
  `quotation_code` varchar(32) NOT NULL,
  `style_code` varchar(50) DEFAULT NULL,
  `product_code` varchar(50) NOT NULL,
  `product_name` varchar(100) DEFAULT NULL,
  `cost` decimal(15,2) NOT NULL DEFAULT '0.00',
  `price` decimal(15,2) NOT NULL DEFAULT '0.00',
  `qty` decimal(15,2) NOT NULL DEFAULT '0.00',
  `unit_code` varchar(20) DEFAULT NULL,
  `discount1` varchar(10) NOT NULL,
  `discount2` varchar(10) NOT NULL,
  `discount3` varchar(10) NOT NULL,
  `discount_amount` decimal(15,2) NOT NULL DEFAULT '0.00',
  `total_amount` decimal(15,2) NOT NULL DEFAULT '0.00',
  `count_stock` tinyint(1) NOT NULL DEFAULT '1' COMMENT 'this item is count stock ? 1 = yes , 0 = no',
  `valid` tinyint(1) NOT NULL DEFAULT '0' COMMENT 'ดึงไปเป็น SO',
  `is_cancle` tinyint(1) NOT NULL DEFAULT '0',
  `date_add` datetime NOT NULL DEFAULT CURRENT_TIMESTAMP,
  `date_upd` timestamp NOT NULL DEFAULT CURRENT_TIMESTAMP ON UPDATE CURRENT_TIMESTAMP,
  `update_user` varchar(50) DEFAULT NULL
) ENGINE=InnoDB DEFAULT CHARSET=utf8;

--
-- Dumping data for table `order_quotation_detail`
--

INSERT INTO `order_quotation_detail` (`id`, `quotation_code`, `style_code`, `product_code`, `product_name`, `cost`, `price`, `qty`, `unit_code`, `discount1`, `discount2`, `discount3`, `discount_amount`, `total_amount`, `count_stock`, `valid`, `is_cancle`, `date_add`, `date_upd`, `update_user`) VALUES
(1, 'QT-200400002', 'WC-1519', 'WC-1519-AW', 'ถุงเท้าเบสิก WC-1519-AW', '0.00', '99.00', '2.00', 'PCS', '20', '0', '0', '40.00', '158.00', 1, 0, 0, '2020-04-03 21:34:39', '2020-11-03 12:37:06', NULL),
(2, 'QT-200400002', 'WC-1519', 'WC-1519-GA', 'ถุงเท้าเบสิก WC-1519-GA', '0.00', '99.00', '2.00', 'PCS', '20', '0', '0', '40.00', '158.00', 1, 0, 0, '2020-04-03 21:34:39', '2020-11-03 12:37:09', NULL),
(3, 'QT-200400002', 'WA-3315N', 'WA-3315N-AA-S', 'เสื้อโปโลเบสิก WA-3315N-AA-S', '227.40', '379.00', '2.00', 'PCS', '0', '0', '0', '0.00', '758.00', 1, 0, 0, '2020-04-03 15:03:27', '2020-11-09 12:48:35', NULL),
(4, 'QT-200400002', 'WA-3315N', 'WA-3315N-AA-M', 'เสื้อโปโลเบสิก WA-3315N-AA-M', '227.40', '379.00', '2.00', 'PCS', '0', '0', '0', '0.00', '758.00', 1, 0, 0, '2020-04-03 15:03:27', '2020-11-09 12:48:35', NULL),
(5, 'QT-200400002', 'WA-3315N', 'WA-3315N-AA-L', 'เสื้อโปโลเบสิก WA-3315N-AA-L', '227.40', '379.00', '2.00', 'PCS', '0', '0', '0', '0.00', '758.00', 1, 0, 0, '2020-04-03 15:03:27', '2020-11-09 12:48:35', NULL),
(6, 'QT-201100001', 'WA-3318NB', 'WA-3318NB-YW-XS', 'เสื้อโปโล WA-3318NB สีเหลือง', '164.00', '399.00', '2.00', 'PCS', '0', '0', '0', '0.00', '798.00', 1, 0, 1, '2020-11-01 20:12:43', '2020-11-10 03:25:06', NULL),
(7, 'QT-201100001', 'WA-3318NB', 'WA-3318NB-YW-S', 'เสื้อโปโล WA-3318NB สีเหลือง', '164.00', '399.00', '2.00', 'PCS', '0', '0', '0', '0.00', '798.00', 1, 0, 1, '2020-11-01 20:12:43', '2020-11-10 03:25:06', NULL),
(8, 'QT-201100001', 'WA-3318NB', 'WA-3318NB-YW-M', 'เสื้อโปโล WA-3318NB สีเหลือง', '164.00', '399.00', '2.00', 'PCS', '0', '0', '0', '0.00', '798.00', 1, 0, 1, '2020-11-01 20:12:43', '2020-11-10 03:25:06', NULL),
(25, 'QT-200400001', 'WA-3315N', 'WA-3315N-AA-S', 'เสื้อโปโลเบสิก WA-3315N-AA-S', '227.40', '379.00', '5.00', 'PCS', '15%', '0', '0', '284.25', '1610.75', 1, 0, 0, '2020-04-04 22:58:34', '2020-11-11 16:05:16', NULL),
(26, 'QT-200400001', 'WA-3315N', 'WA-3315N-AA-M', 'เสื้อโปโลเบสิก WA-3315N-AA-M', '227.40', '379.00', '4.00', 'PCS', '15%', '0', '0', '227.40', '1288.60', 1, 0, 0, '2020-04-04 22:58:34', '2020-11-11 16:05:16', NULL),
(27, 'QT-200400001', 'WA-3315N', 'WA-3315N-AA-L', 'เสื้อโปโลเบสิก WA-3315N-AA-L', '227.40', '379.00', '4.00', 'PCS', '15%', '0', '0', '227.40', '1288.60', 1, 0, 0, '2020-04-04 22:58:34', '2020-11-11 16:05:16', NULL);

-- --------------------------------------------------------

--
-- Table structure for table `order_repay`
--

CREATE TABLE `order_repay` (
  `code` varchar(20) NOT NULL,
  `customer_code` varchar(50) NOT NULL,
  `pay_type` varchar(3) DEFAULT NULL,
  `date_add` datetime NOT NULL DEFAULT CURRENT_TIMESTAMP,
  `user` varchar(50) DEFAULT NULL,
  `date_upd` timestamp NOT NULL DEFAULT CURRENT_TIMESTAMP ON UPDATE CURRENT_TIMESTAMP,
  `update_user` varchar(50) DEFAULT NULL,
  `status` tinyint(1) NOT NULL DEFAULT '0' COMMENT '0 = not save, 1= saved, 2 = cancle',
  `remark` text NOT NULL
) ENGINE=InnoDB DEFAULT CHARSET=utf8;

--
-- Dumping data for table `order_repay`
--

INSERT INTO `order_repay` (`code`, `customer_code`, `pay_type`, `date_add`, `user`, `date_upd`, `update_user`, `status`, `remark`) VALUES
('RI-200100001', 'C0001', 'TR', '2020-01-21 14:22:35', 'admin', '2020-01-23 15:41:58', NULL, 2, 'Test'),
('RI-200100002', 'C0001', 'CQ', '2020-01-22 13:21:28', 'admin', '2020-01-23 06:36:51', 'admin', 1, 'cqx'),
('RI-200600001', 'C0001', 'CA', '2020-06-02 14:26:46', 'sutouch', '2020-06-02 07:26:57', NULL, 1, ''),
('RI-201000001', 'C0001', 'TR', '2020-10-28 13:36:32', 'admin', '2020-10-28 06:36:44', NULL, 1, ''),
('RI-201000002', 'C0001', 'CQ', '2020-10-28 21:04:57', 'admin', '2020-10-28 14:05:16', NULL, 1, ''),
('RI-201000003', 'C0001', 'TR', '2020-10-31 16:52:53', 'admin', '2020-10-31 09:53:09', NULL, 1, '');

-- --------------------------------------------------------

--
-- Table structure for table `order_repay_detail`
--

CREATE TABLE `order_repay_detail` (
  `id` int(11) NOT NULL,
  `repay_code` varchar(20) NOT NULL,
  `reference` varchar(20) DEFAULT NULL COMMENT 'อ้างอิงเอกสาร',
  `due_date` date NOT NULL,
  `pay_date` date NOT NULL COMMENT 'วันที่ชำระ',
  `amount` decimal(15,2) NOT NULL DEFAULT '0.00' COMMENT 'ยอดเงิน',
  `balance` decimal(15,2) NOT NULL DEFAULT '0.00' COMMENT 'ค้างชำระ',
  `pay_amount` decimal(15,2) NOT NULL DEFAULT '0.00' COMMENT 'ยอดชำระ',
  `valid` tinyint(1) NOT NULL DEFAULT '0' COMMENT '0 = not save, 1=  saved, 2 = cancle',
  `date_upd` timestamp NOT NULL DEFAULT CURRENT_TIMESTAMP ON UPDATE CURRENT_TIMESTAMP
) ENGINE=InnoDB DEFAULT CHARSET=utf8;

--
-- Dumping data for table `order_repay_detail`
--

INSERT INTO `order_repay_detail` (`id`, `repay_code`, `reference`, `due_date`, `pay_date`, `amount`, `balance`, `pay_amount`, `valid`, `date_upd`) VALUES
(1, 'RI-200100001', 'WO-200100001', '2020-02-17', '2020-01-21', '2772.00', '2772.00', '2772.00', 2, '2020-01-23 15:41:58'),
(3, 'RI-200100001', 'WO-200100006', '2020-02-21', '2020-01-21', '2633.40', '2633.40', '2633.40', 2, '2020-01-23 15:41:58'),
(4, 'RI-200100002', 'WO-200100007', '2020-02-22', '2020-01-22', '2387.70', '2387.70', '2387.70', 1, '2020-01-23 06:36:51'),
(5, 'RI-200600001', 'WO-200100001', '2020-02-17', '2020-06-02', '2772.00', '2772.00', '2772.00', 1, '2020-06-02 07:26:57'),
(6, 'RI-201000001', 'WO-200500001', '2020-10-22', '2020-10-28', '5463.50', '5463.50', '5463.50', 1, '2020-10-28 06:36:44'),
(7, 'RI-201000001', 'WO-201000001', '2020-11-27', '2020-10-28', '492.70', '292.70', '292.70', 1, '2020-10-28 06:36:44'),
(8, 'RI-201000002', 'WO-200100006', '2020-02-21', '2020-10-28', '2633.40', '2633.40', '2633.40', 1, '2020-10-28 14:05:16'),
(9, 'RI-201000002', 'WM-201000001', '2020-11-27', '2020-10-28', '1061.20', '1061.20', '500.00', 1, '2020-10-28 14:05:16'),
(10, 'RI-201000003', 'WM-201000001', '2020-11-27', '2020-10-31', '1061.20', '561.20', '561.20', 1, '2020-10-31 09:53:09');

-- --------------------------------------------------------

--
-- Table structure for table `order_role`
--

CREATE TABLE `order_role` (
  `code` varchar(1) NOT NULL,
  `name` varchar(20) NOT NULL
) ENGINE=InnoDB DEFAULT CHARSET=utf8;

--
-- Dumping data for table `order_role`
--

INSERT INTO `order_role` (`code`, `name`) VALUES
('C', 'ฝากขาย(SO)'),
('L', 'ยืม'),
('M', 'ตัดยอดฝากขาย'),
('N', 'ฝากขายโอนคลัง'),
('P', 'สปอนเซอร์'),
('Q', 'แปรสภาพ(สต็อก)'),
('R', 'เบิก'),
('S', 'ขาย'),
('T', 'แปรสภาพ(ขาย)'),
('U', 'อภินันท์');

-- --------------------------------------------------------

--
-- Table structure for table `order_sold`
--

CREATE TABLE `order_sold` (
  `id` int(11) NOT NULL,
  `reference` varchar(32) NOT NULL,
  `role` varchar(1) NOT NULL DEFAULT 'S',
  `payment_code` varchar(20) DEFAULT NULL,
  `channels_code` varchar(20) DEFAULT NULL,
  `product_code` varchar(50) NOT NULL,
  `product_name` varchar(70) NOT NULL,
  `product_style` varchar(50) NOT NULL,
  `cost` decimal(15,2) NOT NULL DEFAULT '0.00',
  `price` decimal(15,2) NOT NULL DEFAULT '0.00',
  `sell` decimal(15,2) NOT NULL DEFAULT '0.00',
  `qty` decimal(15,2) NOT NULL DEFAULT '1.00',
  `discount_label` varchar(50) NOT NULL DEFAULT '0.00',
  `discount_amount` decimal(15,2) NOT NULL DEFAULT '0.00',
  `total_amount` decimal(15,2) NOT NULL DEFAULT '0.00',
  `total_cost` decimal(15,2) NOT NULL DEFAULT '0.00',
  `margin` decimal(15,2) NOT NULL DEFAULT '0.00',
  `id_policy` int(11) DEFAULT NULL,
  `id_rule` int(11) DEFAULT NULL,
  `customer_code` varchar(20) DEFAULT NULL,
  `customer_ref` varchar(50) DEFAULT NULL,
  `sale_code` varchar(20) DEFAULT NULL,
  `user` varchar(50) DEFAULT NULL,
  `date_add` datetime NOT NULL DEFAULT CURRENT_TIMESTAMP,
  `date_upd` datetime NOT NULL DEFAULT CURRENT_TIMESTAMP,
  `zone_code` varchar(20) DEFAULT NULL,
  `warehouse_code` varchar(20) DEFAULT NULL,
  `update_user` varchar(50) DEFAULT NULL,
  `budget_code` varchar(20) DEFAULT NULL,
  `is_count` tinyint(1) NOT NULL DEFAULT '1',
  `inv_code` varchar(20) DEFAULT NULL
) ENGINE=InnoDB DEFAULT CHARSET=utf8;

--
-- Dumping data for table `order_sold`
--

INSERT INTO `order_sold` (`id`, `reference`, `role`, `payment_code`, `channels_code`, `product_code`, `product_name`, `product_style`, `cost`, `price`, `sell`, `qty`, `discount_label`, `discount_amount`, `total_amount`, `total_cost`, `margin`, `id_policy`, `id_rule`, `customer_code`, `customer_ref`, `sale_code`, `user`, `date_add`, `date_upd`, `zone_code`, `warehouse_code`, `update_user`, `budget_code`, `is_count`, `inv_code`) VALUES
(15, 'WO-200100001', 'S', '001', '002', 'A5033-AW-L', 'เสื้อกีฬา Eureka A5033-AW-L', 'A5033', '118.80', '198.00', '138.60', '5.00', '30.00%', '297.00', '693.00', '594.00', '99.00', 1, 2, 'C0001', '', '001', 'admin', '2020-01-15 18:55:48', '2020-01-18 12:45:24', '0000', '0000', 'admin', NULL, 1, NULL),
(16, 'WO-200100001', 'S', '001', '002', 'A5033-AW-M', 'เสื้อกีฬา Eureka A5033-AW-M', 'A5033', '118.80', '198.00', '138.60', '2.00', '30.00%', '118.80', '277.20', '237.60', '39.60', 1, 2, 'C0001', '', '001', 'admin', '2020-01-15 18:55:48', '2020-01-18 12:45:24', '0000', '0000', 'admin', NULL, 1, NULL),
(17, 'WO-200100001', 'S', '001', '002', 'A5033-AW-XL', 'เสื้อกีฬา Eureka A5033-AW-XL', 'A5033', '118.80', '198.00', '138.60', '2.00', '30.00%', '118.80', '277.20', '237.60', '39.60', 1, 2, 'C0001', '', '001', 'admin', '2020-01-15 18:55:48', '2020-01-18 12:45:24', '0000', '0000', 'admin', NULL, 1, NULL),
(18, 'WO-200100001', 'S', '001', '002', 'A5033-AW-XXL', 'เสื้อกีฬา Eureka A5033-AW-XXL', 'A5033', '118.80', '198.00', '138.60', '1.00', '30.00%', '59.40', '138.60', '118.80', '19.80', 1, 2, 'C0001', '', '001', 'admin', '2020-01-15 18:55:48', '2020-01-18 12:45:24', '0000', '0000', 'admin', NULL, 1, NULL),
(19, 'WO-200100001', 'S', '001', '002', 'A5033-BA-L', 'เสื้อกีฬา Eureka A5033-BA-L', 'A5033', '118.80', '198.00', '138.60', '5.00', '30.00%', '297.00', '693.00', '594.00', '99.00', 1, 2, 'C0001', '', '001', 'admin', '2020-01-15 18:55:48', '2020-01-18 12:45:24', '0000', '0000', 'admin', NULL, 1, NULL),
(20, 'WO-200100001', 'S', '001', '002', 'A5033-BA-M', 'เสื้อกีฬา Eureka A5033-BA-M', 'A5033', '118.80', '198.00', '138.60', '2.00', '30.00%', '118.80', '277.20', '237.60', '39.60', 1, 2, 'C0001', '', '001', 'admin', '2020-01-15 18:55:48', '2020-01-18 12:45:24', '0000', '0000', 'admin', NULL, 1, NULL),
(21, 'WO-200100001', 'S', '001', '002', 'A5033-BA-XL', 'เสื้อกีฬา Eureka A5033-BA-XL', 'A5033', '118.80', '198.00', '138.60', '2.00', '30.00%', '118.80', '277.20', '237.60', '39.60', 1, 2, 'C0001', '', '001', 'admin', '2020-01-15 18:55:48', '2020-01-18 12:45:24', '0000', '0000', 'admin', NULL, 1, NULL),
(22, 'WO-200100001', 'S', '001', '002', 'A5033-BA-XXL', 'เสื้อกีฬา Eureka A5033-BA-XXL', 'A5033', '118.80', '198.00', '138.60', '1.00', '30.00%', '59.40', '138.60', '118.80', '19.80', 1, 2, 'C0001', '', '001', 'admin', '2020-01-15 18:55:48', '2020-01-18 12:45:24', '0000', '0000', 'admin', NULL, 1, NULL),
(26, 'WO-200100003', 'S', '005', '003', 'WA-3315N-BB-L', 'เสื้อโปโลเบสิก WA-3315N-BB-L', 'WA-3315N', '227.40', '379.00', '379.00', '5.00', '0', '0.00', '1895.00', '1137.00', '758.00', NULL, NULL, '0000', 'XA2', '0000', 'admin', '2020-01-16 16:14:14', '2020-01-19 14:05:49', '0000', '0000', 'admin', NULL, 1, NULL),
(27, 'WO-200100003', 'S', '005', '003', 'WA-3315N-BB-M', 'เสื้อโปโลเบสิก WA-3315N-BB-M', 'WA-3315N', '227.40', '379.00', '379.00', '5.00', '0', '0.00', '1895.00', '1137.00', '758.00', NULL, NULL, '0000', 'XA2', '0000', 'admin', '2020-01-16 16:14:14', '2020-01-19 14:05:49', '0000', '0000', 'admin', NULL, 1, NULL),
(28, 'WO-200100003', 'S', '005', '003', 'WA-3315N-BB-XL', 'เสื้อโปโลเบสิก WA-3315N-BB-XL', 'WA-3315N', '227.40', '379.00', '379.00', '3.00', '0', '0.00', '1137.00', '682.20', '454.80', NULL, NULL, '0000', 'XA2', '0000', 'admin', '2020-01-16 16:14:14', '2020-01-19 14:05:49', '0000', '0000', 'admin', NULL, 1, NULL),
(47, 'WT-200100001', 'N', NULL, NULL, 'WA-3315N-DT-2L', 'เสื้อโปโลเบสิก WA-3315N-DT-2L', 'WA-3315N', '227.40', '379.00', '265.30', '2.00', '30%', '227.40', '530.60', '454.80', '75.80', NULL, NULL, 'C0001', NULL, NULL, 'admin', '2020-01-16 15:24:11', '2020-01-19 22:04:14', '0000', '0000', 'admin', NULL, 1, NULL),
(48, 'WT-200100001', 'N', NULL, NULL, 'WA-3315N-DT-3L', 'เสื้อโปโลเบสิก WA-3315N-DT-3L', 'WA-3315N', '227.40', '379.00', '265.30', '2.00', '30%', '227.40', '530.60', '454.80', '75.80', NULL, NULL, 'C0001', NULL, NULL, 'admin', '2020-01-16 15:24:11', '2020-01-19 22:04:14', '0000', '0000', 'admin', NULL, 1, NULL),
(49, 'WT-200100001', 'N', NULL, NULL, 'WA-3315N-DT-5L', 'เสื้อโปโลเบสิก WA-3315N-DT-5L', 'WA-3315N', '287.40', '479.00', '335.30', '2.00', '30%', '287.40', '670.60', '574.80', '95.80', NULL, NULL, 'C0001', NULL, NULL, 'admin', '2020-01-16 15:24:11', '2020-01-19 22:04:14', '0000', '0000', 'admin', NULL, 1, NULL),
(50, 'WT-200100001', 'N', NULL, NULL, 'WA-3315N-DT-7L', 'เสื้อโปโลเบสิก WA-3315N-DT-7L', 'WA-3315N', '287.40', '479.00', '335.30', '2.00', '30%', '287.40', '670.60', '574.80', '95.80', NULL, NULL, 'C0001', NULL, NULL, 'admin', '2020-01-16 15:24:11', '2020-01-19 22:04:14', '0000', '0000', 'admin', NULL, 1, NULL),
(51, 'WT-200100001', 'N', NULL, NULL, 'WA-3315N-DT-L', 'เสื้อโปโลเบสิก WA-3315N-DT-L', 'WA-3315N', '227.40', '379.00', '265.30', '2.00', '30%', '227.40', '530.60', '454.80', '75.80', NULL, NULL, 'C0001', NULL, NULL, 'admin', '2020-01-16 15:24:11', '2020-01-19 22:04:14', '0000', '0000', 'admin', NULL, 1, NULL),
(52, 'WT-200100001', 'N', NULL, NULL, 'WA-3315N-DT-M', 'เสื้อโปโลเบสิก WA-3315N-DT-M', 'WA-3315N', '227.40', '379.00', '265.30', '2.00', '30%', '227.40', '530.60', '454.80', '75.80', NULL, NULL, 'C0001', NULL, NULL, 'admin', '2020-01-16 15:24:11', '2020-01-19 22:04:14', '0000', '0000', 'admin', NULL, 1, NULL),
(53, 'WT-200100001', 'N', NULL, NULL, 'WA-3315N-DT-S', 'เสื้อโปโลเบสิก WA-3315N-DT-S', 'WA-3315N', '227.40', '379.00', '265.30', '2.00', '30%', '227.40', '530.60', '454.80', '75.80', NULL, NULL, 'C0001', NULL, NULL, 'admin', '2020-01-16 15:24:11', '2020-01-19 22:04:14', '0000', '0000', 'admin', NULL, 1, NULL),
(54, 'WT-200100001', 'N', NULL, NULL, 'WA-3315N-DT-XL', 'เสื้อโปโลเบสิก WA-3315N-DT-XL', 'WA-3315N', '227.40', '379.00', '265.30', '2.00', '30%', '227.40', '530.60', '454.80', '75.80', NULL, NULL, 'C0001', NULL, NULL, 'admin', '2020-01-16 15:24:11', '2020-01-19 22:04:14', '0000', '0000', 'admin', NULL, 1, NULL),
(55, 'WT-200100001', 'N', NULL, NULL, 'WA-3315N-DT-XS', 'เสื้อโปโลเบสิก WA-3315N-DT-XS', 'WA-3315N', '227.40', '379.00', '265.30', '2.00', '30%', '227.40', '530.60', '454.80', '75.80', NULL, NULL, 'C0001', NULL, NULL, 'admin', '2020-01-16 15:24:11', '2020-01-19 22:04:14', '0000', '0000', 'admin', NULL, 1, NULL),
(56, 'WO-200100002', 'S', '005', '003', 'WA-3315N-AA-L', 'เสื้อโปโลเบสิก WA-3315N-AA-L', 'WA-3315N', '227.40', '379.00', '379.00', '3.00', '0', '0.00', '1137.00', '682.20', '454.80', NULL, NULL, '0000', 'XA1', '0000', 'admin', '2020-01-16 15:56:20', '2020-01-20 21:17:27', '0000', '0000', 'admin', NULL, 1, NULL),
(57, 'WO-200100002', 'S', '005', '003', 'WA-3315N-AA-M', 'เสื้อโปโลเบสิก WA-3315N-AA-M', 'WA-3315N', '227.40', '379.00', '379.00', '2.00', '0', '0.00', '758.00', '454.80', '303.20', NULL, NULL, '0000', 'XA1', '0000', 'admin', '2020-01-16 15:56:20', '2020-01-20 21:17:27', '0000', '0000', 'admin', NULL, 1, NULL),
(58, 'WO-200100002', 'S', '005', '003', 'FLEX-00-00', 'ค่าบริการเฟล็ก FLEX-00-00', 'FLEX', '50.00', '150.00', '100.00', '5.00', '50', '250.00', '500.00', '250.00', '250.00', NULL, NULL, '0000', 'XA1', '0000', 'admin', '2020-01-16 15:56:20', '2020-01-20 21:17:27', NULL, NULL, 'admin', NULL, 0, NULL),
(59, 'WO-200100005', 'S', '003', '004', 'A5033-AW-L', 'เสื้อกีฬา Eureka A5033-AW-L', 'A5033', '118.80', '168.00', '143.64', '2.00', '10%+5%', '48.72', '287.28', '237.60', '49.68', NULL, NULL, '0000', 'Someone', '0000', 'admin', '2020-01-20 13:30:52', '2020-01-21 13:22:28', '0000', '0000', 'admin', NULL, 1, NULL),
(60, 'WO-200100005', 'S', '003', '004', 'A5033-AW-M', 'เสื้อกีฬา Eureka A5033-AW-M', 'A5033', '118.80', '168.00', '151.20', '2.00', '10%', '33.60', '302.40', '237.60', '64.80', NULL, NULL, '0000', 'Someone', '0000', 'admin', '2020-01-20 13:30:52', '2020-01-21 13:22:29', '0000', '0000', 'admin', NULL, 1, NULL),
(61, 'WO-200100005', 'S', '003', '004', 'A5033-AW-XL', 'เสื้อกีฬา Eureka A5033-AW-XL', 'A5033', '118.80', '198.00', '169.29', '2.00', '10%+5%', '57.42', '338.58', '237.60', '100.98', NULL, NULL, '0000', 'Someone', '0000', 'admin', '2020-01-20 13:30:52', '2020-01-21 13:22:29', '0000', '0000', 'admin', NULL, 1, NULL),
(62, 'WO-200100006', 'S', '001', '002', 'A5033-YA-3XL', 'เสื้อกีฬา Eureka A5033-YA-3XL', 'A5033', '118.80', '198.00', '138.60', '2.00', '30.00%', '118.80', '277.20', '237.60', '39.60', 1, 2, 'C0001', '', '001', 'admin', '2020-01-22 12:18:40', '2020-01-22 12:19:56', '0000', '0000', 'admin', NULL, 1, NULL),
(63, 'WO-200100006', 'S', '001', '002', 'A5033-YA-L', 'เสื้อกีฬา Eureka A5033-YA-L', 'A5033', '118.80', '198.00', '138.60', '5.00', '30.00%', '297.00', '693.00', '594.00', '99.00', 1, 2, 'C0001', '', '001', 'admin', '2020-01-22 12:18:40', '2020-01-22 12:19:56', '0000', '0000', 'admin', NULL, 1, NULL),
(64, 'WO-200100006', 'S', '001', '002', 'A5033-YA-M', 'เสื้อกีฬา Eureka A5033-YA-M', 'A5033', '118.80', '198.00', '138.60', '5.00', '30.00%', '297.00', '693.00', '594.00', '99.00', 1, 2, 'C0001', '', '001', 'admin', '2020-01-22 12:18:40', '2020-01-22 12:19:56', '0000', '0000', 'admin', NULL, 1, NULL),
(65, 'WO-200100006', 'S', '001', '002', 'A5033-YA-S', 'เสื้อกีฬา Eureka A5033-YA-S', 'A5033', '118.80', '198.00', '138.60', '2.00', '30.00%', '118.80', '277.20', '237.60', '39.60', 1, 2, 'C0001', '', '001', 'admin', '2020-01-22 12:18:40', '2020-01-22 12:19:56', '0000', '0000', 'admin', NULL, 1, NULL),
(66, 'WO-200100006', 'S', '001', '002', 'A5033-YA-XL', 'เสื้อกีฬา Eureka A5033-YA-XL', 'A5033', '118.80', '198.00', '138.60', '3.00', '30.00%', '178.20', '415.80', '356.40', '59.40', 1, 2, 'C0001', '', '001', 'admin', '2020-01-22 12:18:40', '2020-01-22 12:19:56', '0000', '0000', 'admin', NULL, 1, NULL),
(67, 'WO-200100006', 'S', '001', '002', 'A5033-YA-XXL', 'เสื้อกีฬา Eureka A5033-YA-XXL', 'A5033', '118.80', '198.00', '138.60', '2.00', '30.00%', '118.80', '277.20', '237.60', '39.60', 1, 2, 'C0001', '', '001', 'admin', '2020-01-22 12:18:40', '2020-01-22 12:19:56', '0000', '0000', 'admin', NULL, 1, NULL),
(68, 'WO-200100007', 'S', '001', '002', 'WA-3315N-DT-2L', 'เสื้อโปโลเบสิก WA-3315N-DT-2L', 'WA-3315N', '227.40', '379.00', '265.30', '2.00', '30.00%', '227.40', '530.60', '454.80', '75.80', 1, 2, 'C0001', '', '001', 'admin', '2020-01-23 13:32:19', '2020-01-23 13:35:07', '0000', '0000', 'admin', NULL, 1, NULL),
(69, 'WO-200100007', 'S', '001', '002', 'WA-3315N-DT-3L', 'เสื้อโปโลเบสิก WA-3315N-DT-3L', 'WA-3315N', '227.40', '379.00', '265.30', '1.00', '30.00%', '113.70', '265.30', '227.40', '37.90', 1, 2, 'C0001', '', '001', 'admin', '2020-01-23 13:32:19', '2020-01-23 13:35:07', '0000', '0000', 'admin', NULL, 1, NULL),
(70, 'WO-200100007', 'S', '001', '002', 'WA-3315N-DT-L', 'เสื้อโปโลเบสิก WA-3315N-DT-L', 'WA-3315N', '227.40', '379.00', '265.30', '3.00', '30.00%', '341.10', '795.90', '682.20', '113.70', 1, 2, 'C0001', '', '001', 'admin', '2020-01-23 13:32:19', '2020-01-23 13:35:07', '0000', '0000', 'admin', NULL, 1, NULL),
(71, 'WO-200100007', 'S', '001', '002', 'WA-3315N-DT-XL', 'เสื้อโปโลเบสิก WA-3315N-DT-XL', 'WA-3315N', '227.40', '379.00', '265.30', '3.00', '30.00%', '341.10', '795.90', '682.20', '113.70', 1, 2, 'C0001', '', '001', 'admin', '2020-01-23 13:32:19', '2020-01-23 13:35:07', '0000', '0000', 'admin', NULL, 1, NULL),
(82, 'WM-200100002', 'M', NULL, NULL, 'WA-3315N-DT-XS', 'เสื้อโปโลเบสิก WA-3315N-DT-XS', 'WA-3315N', '227.40', '379.00', '288.04', '2.00', '20%+5%', '181.92', '576.08', '454.80', '121.28', NULL, NULL, 'C0001', NULL, NULL, 'admin', '2020-01-24 22:55:54', '2020-01-24 22:58:13', 'C001', 'CS001', 'admin', NULL, 1, NULL),
(83, 'WM-200100002', 'M', NULL, NULL, 'WA-3315N-DT-5L', 'เสื้อโปโลเบสิก WA-3315N-DT-5L', 'WA-3315N', '287.40', '479.00', '479.00', '2.00', '0', '0.00', '958.00', '574.80', '383.20', NULL, NULL, 'C0001', NULL, NULL, 'admin', '2020-01-24 22:55:54', '2020-01-24 22:58:13', 'C001', 'CS001', 'admin', NULL, 1, NULL),
(84, 'WM-200100003', 'M', NULL, NULL, 'WA-3315N-DT-2L', 'เสื้อโปโลเบสิก WA-3315N-DT-2L', 'WA-3315N', '227.40', '379.00', '265.30', '1.00', '30%', '113.70', '265.30', '227.40', '37.90', NULL, NULL, 'C0001', NULL, NULL, 'admin', '2020-01-24 22:59:36', '2020-01-24 23:00:20', 'C001', 'CS001', 'admin', NULL, 1, NULL),
(85, 'WM-200100003', 'M', NULL, NULL, 'WA-3315N-DT-2L', 'เสื้อโปโลเบสิก WA-3315N-DT-2L', 'WA-3315N', '227.40', '379.00', '303.20', '1.00', '20%', '75.80', '303.20', '227.40', '75.80', NULL, NULL, 'C0001', NULL, NULL, 'admin', '2020-01-24 22:59:36', '2020-01-24 23:00:20', 'C001', 'CS001', 'admin', NULL, 1, NULL),
(87, 'WM-200100004', 'M', NULL, NULL, 'WA-3315N-DT-3L', 'เสื้อโปโลเบสิก WA-3315N-DT-3L', 'WA-3315N', '227.40', '379.00', '265.30', '1.00', '30%', '113.70', '265.30', '227.40', '37.90', NULL, NULL, 'C0001', NULL, NULL, 'admin', '2020-01-24 23:03:27', '2020-01-24 23:04:53', 'C001', 'CS001', 'admin', NULL, 1, NULL),
(88, 'WM-200100004', 'M', NULL, NULL, 'WA-3315N-DT-3L', 'เสื้อโปโลเบสิก WA-3315N-DT-3L', 'WA-3315N', '227.40', '379.00', '303.20', '1.00', '20%', '75.80', '303.20', '227.40', '75.80', NULL, NULL, 'C0001', NULL, NULL, 'admin', '2020-01-24 23:03:27', '2020-01-24 23:04:53', 'C001', 'CS001', 'admin', NULL, 1, NULL),
(89, 'WO-200500001', 'S', '001', '002', 'WA-3315N-AA-M', 'เสื้อโปโลเบสิก WA-3315N-AA-M', 'WA-3315N', '227.40', '379.00', '246.35', '10.00', '35.00%', '1326.50', '2463.50', '2274.00', '189.50', 1, 1, 'C0001', '', '001', 'admin', '2020-05-02 22:35:37', '2020-09-22 10:56:22', '0000', '0000', 'sutouch', NULL, 1, NULL),
(90, 'WO-200500001', 'S', '001', '002', 'WA-3315N-AA-S', 'เสื้อโปโลเบสิก WA-3315N-AA-S', 'WA-3315N', '227.40', '379.00', '150.00', '10.00', '229', '2290.00', '1500.00', '2274.00', '-774.00', 1, 4, 'C0001', '', '001', 'admin', '2020-05-02 22:35:37', '2020-09-22 10:56:22', '0000', '0000', 'sutouch', NULL, 1, NULL),
(91, 'WO-200500001', 'S', '001', '002', 'WA-3315N-AA-XS', 'เสื้อโปโลเบสิก WA-3315N-AA-XS', 'WA-3315N', '227.40', '379.00', '150.00', '10.00', '229', '2290.00', '1500.00', '2274.00', '-774.00', 1, 4, 'C0001', '', '001', 'admin', '2020-05-02 22:35:37', '2020-09-22 10:56:22', '0000', '0000', 'sutouch', NULL, 1, NULL),
(92, 'WO-200100004', 'S', '003', '004', 'A5033-AW-3XL', 'เสื้อกีฬา Eureka A5033-AW-3XL', 'A5033', '118.80', '198.00', '198.00', '2.00', '0', '0.00', '396.00', '237.60', '158.40', NULL, NULL, '0000', 'Someone', '0000', 'admin', '2020-01-20 14:38:49', '2020-10-07 10:58:25', '0000', '0000', 'sutouch', NULL, 1, NULL),
(93, 'WO-200100004', 'S', '003', '004', 'A5033-BA-3XL', 'เสื้อกีฬา Eureka A5033-BA-3XL', 'A5033', '118.80', '198.00', '198.00', '1.00', '0', '0.00', '198.00', '118.80', '79.20', NULL, NULL, '0000', 'Someone', '0000', 'admin', '2020-01-20 14:38:49', '2020-10-07 10:58:25', '0000', '0000', 'sutouch', NULL, 1, NULL),
(97, 'WO-201000002', 'S', '005', '004', 'WA-3315N-BB-L', 'เสื้อโปโลเบสิก WA-3315N-BB-L', 'WA-3315N', '227.40', '379.00', '341.10', '2.00', '10%', '75.80', '682.20', '454.80', '227.40', NULL, NULL, 'COD-001', 'IX123', '0000', 'admin', '2020-10-28 11:54:05', '2020-10-28 12:34:22', '0000', '0000', 'admin', NULL, 1, NULL),
(98, 'WO-201000002', 'S', '005', '004', 'WA-3315N-BB-M', 'เสื้อโปโลเบสิก WA-3315N-BB-M', 'WA-3315N', '227.40', '379.00', '341.10', '2.00', '10%', '75.80', '682.20', '454.80', '227.40', NULL, NULL, 'COD-001', 'IX123', '0000', 'admin', '2020-10-28 11:54:05', '2020-10-28 12:34:22', '0000', '0000', 'admin', NULL, 1, NULL),
(99, 'WO-201000002', 'S', '005', '004', 'WA-3315N-BB-XL', 'เสื้อโปโลเบสิก WA-3315N-BB-XL', 'WA-3315N', '227.40', '379.00', '341.10', '2.00', '10%', '75.80', '682.20', '454.80', '227.40', NULL, NULL, 'COD-001', 'IX123', '0000', 'admin', '2020-10-28 11:54:05', '2020-10-28 12:34:22', '0000', '0000', 'admin', NULL, 1, NULL),
(101, 'WO-201000003', 'S', '005', '003', 'WA-3315N-AA-L', 'เสื้อโปโลเบสิก WA-3315N-AA-L', 'WA-3315N', '227.40', '379.00', '379.00', '1.00', '0', '0.00', '379.00', '227.40', '151.60', NULL, NULL, 'COD-002', 'XXX2', '0000', 'admin', '2020-10-28 12:57:37', '2020-10-28 13:00:16', '0000', '0000', 'admin', NULL, 1, NULL),
(102, 'WO-201000003', 'S', '005', '003', 'WA-3315N-AA-M', 'เสื้อโปโลเบสิก WA-3315N-AA-M', 'WA-3315N', '227.40', '379.00', '379.00', '1.00', '0', '0.00', '379.00', '227.40', '151.60', NULL, NULL, 'COD-002', 'XXX2', '0000', 'admin', '2020-10-28 12:57:37', '2020-10-28 13:00:16', '0000', '0000', 'admin', NULL, 1, NULL),
(103, 'WO-201000003', 'S', '005', '003', 'WA-3315N-AA-S', 'เสื้อโปโลเบสิก WA-3315N-AA-S', 'WA-3315N', '227.40', '379.00', '379.00', '1.00', '0', '0.00', '379.00', '227.40', '151.60', NULL, NULL, 'COD-002', 'XXX2', '0000', 'admin', '2020-10-28 12:57:37', '2020-10-28 13:00:16', '0000', '0000', 'admin', NULL, 1, NULL),
(104, 'WO-201000001', 'S', '001', '002', 'WA-3315N-AA-M', 'เสื้อโปโลเบสิก WA-3315N-AA-M', 'WA-3315N', '227.40', '379.00', '246.35', '2.00', '35.00%', '265.30', '492.70', '454.80', '37.90', 1, 1, 'C0001', 'Sutouch', '001', 'admin', '2020-10-14 01:09:01', '2020-10-28 13:35:38', '0000', '0000', 'admin', NULL, 1, NULL),
(107, 'WM-201000001', 'M', NULL, NULL, 'WA-3315N-DT-S', 'เสื้อโปโลเบสิก WA-3315N-DT-S', 'WA-3315N', '227.40', '379.00', '265.30', '2.00', '30%', '227.40', '530.60', '454.80', '75.80', NULL, NULL, 'C0001', NULL, NULL, 'sutouch', '2020-10-06 13:56:07', '2020-10-28 20:53:32', 'C001', 'CS001', 'admin', NULL, 1, NULL),
(108, 'WM-201000001', 'M', NULL, NULL, 'WA-3315N-DT-M', 'เสื้อโปโลเบสิก WA-3315N-DT-M', 'WA-3315N', '227.40', '379.00', '265.30', '2.00', '30%', '227.40', '530.60', '454.80', '75.80', NULL, NULL, 'C0001', NULL, NULL, 'sutouch', '2020-10-06 13:56:07', '2020-10-28 20:53:32', 'C001', 'CS001', 'admin', NULL, 1, NULL),
(109, 'WM-201000001', 'M', NULL, NULL, 'WA-3315N-DT-S', 'เสื้อโปโลเบสิก WA-3315N-DT-S', 'WA-3315N', '227.40', '379.00', '265.30', '2.00', '30%', '227.40', '530.60', '454.80', '75.80', NULL, NULL, 'C0001', NULL, NULL, 'sutouch', '2020-10-06 13:56:07', '2020-10-28 21:04:20', 'C001', 'CS001', 'admin', NULL, 1, NULL),
(110, 'WM-201000001', 'M', NULL, NULL, 'WA-3315N-DT-M', 'เสื้อโปโลเบสิก WA-3315N-DT-M', 'WA-3315N', '227.40', '379.00', '265.30', '2.00', '30%', '227.40', '530.60', '454.80', '75.80', NULL, NULL, 'C0001', NULL, NULL, 'sutouch', '2020-10-06 13:56:07', '2020-10-28 21:04:20', 'C001', 'CS001', 'admin', NULL, 1, NULL),
(111, 'WO-201000005', 'S', '003', '004', 'WA-3315N-BB-L', 'เสื้อโปโลเบสิก WA-3315N-BB-L', 'WA-3315N', '227.40', '379.00', '350.00', '2.00', '29', '58.00', '700.00', '454.80', '245.20', NULL, NULL, '0000', 'ปปปปป', '0000', 'admin', '2020-10-31 22:37:48', '2020-10-31 22:42:15', '0000', '0000', 'admin', NULL, 1, NULL),
(112, 'WO-201000005', 'S', '003', '004', 'WA-3315N-BB-M', 'เสื้อโปโลเบสิก WA-3315N-BB-M', 'WA-3315N', '227.40', '379.00', '350.00', '2.00', '29', '58.00', '700.00', '454.80', '245.20', NULL, NULL, '0000', 'ปปปปป', '0000', 'admin', '2020-10-31 22:37:48', '2020-10-31 22:42:15', '0000', '0000', 'admin', NULL, 1, NULL);

-- --------------------------------------------------------

--
-- Table structure for table `order_state`
--

CREATE TABLE `order_state` (
  `state` int(2) NOT NULL,
  `name` varchar(20) NOT NULL
) ENGINE=InnoDB DEFAULT CHARSET=utf8;

--
-- Dumping data for table `order_state`
--

INSERT INTO `order_state` (`state`, `name`) VALUES
(1, 'รอดำเนินการ'),
(2, 'รอชำระเงิน'),
(3, 'รอจัดสินค้า'),
(4, 'กำลังจัดสินค้า'),
(5, 'รอตรวจสินค้า'),
(6, 'กำลังตรวจสินค้า'),
(7, 'รอการจัดส่ง'),
(8, 'จัดส่งแล้ว'),
(9, 'ยกเลิก');

-- --------------------------------------------------------

--
-- Table structure for table `order_state_change`
--

CREATE TABLE `order_state_change` (
  `id` int(11) NOT NULL,
  `order_code` varchar(20) NOT NULL,
  `state` int(2) NOT NULL DEFAULT '1',
  `update_user` varchar(50) NOT NULL,
  `date_upd` timestamp NOT NULL DEFAULT CURRENT_TIMESTAMP
) ENGINE=InnoDB DEFAULT CHARSET=utf8;

--
-- Dumping data for table `order_state_change`
--

INSERT INTO `order_state_change` (`id`, `order_code`, `state`, `update_user`, `date_upd`) VALUES
(1, 'WO-200100001', 1, 'admin', '2020-01-15 11:51:41'),
(2, 'WO-200100001', 3, 'admin', '2020-01-15 12:34:19'),
(3, 'WO-200100001', 4, 'admin', '2020-01-15 12:34:29'),
(4, 'WO-200100001', 7, 'admin', '2020-01-15 12:35:06'),
(5, 'WO-200100001', 8, 'admin', '2020-01-15 12:36:26'),
(6, 'WO-200100002', 1, 'admin', '2020-01-16 08:23:15'),
(7, 'WO-200100002', 3, 'admin', '2020-01-16 08:55:59'),
(8, 'WO-200100002', 4, 'admin', '2020-01-16 08:56:37'),
(9, 'WO-200100002', 7, 'admin', '2020-01-16 08:57:26'),
(10, 'WO-200100002', 8, 'admin', '2020-01-16 08:57:56'),
(11, 'WO-200100003', 1, 'admin', '2020-01-16 09:14:14'),
(12, 'WO-200100002', 2, 'admin', '2020-01-16 10:13:28'),
(13, 'WO-200100002', 2, 'admin', '2020-01-16 10:14:28'),
(14, 'WO-200100002', 3, 'admin', '2020-01-16 10:14:58'),
(15, 'WO-200100002', 4, 'admin', '2020-01-16 10:15:10'),
(16, 'WO-200100002', 7, 'admin', '2020-01-16 10:46:33'),
(17, 'WO-200100002', 8, 'admin', '2020-01-16 10:46:39'),
(18, 'WT-200100001', 1, 'admin', '2020-01-16 11:11:19'),
(19, 'WO-200100002', 1, 'admin', '2020-01-16 11:27:51'),
(20, 'WO-200100002', 1, 'admin', '2020-01-16 11:27:51'),
(21, 'WO-200100001', 1, 'admin', '2020-01-16 11:40:07'),
(22, 'WO-200100001', 3, 'admin', '2020-01-16 11:41:02'),
(23, 'WO-200100001', 4, 'admin', '2020-01-16 11:41:08'),
(24, 'WO-200100001', 7, 'admin', '2020-01-18 05:44:47'),
(25, 'WO-200100001', 8, 'admin', '2020-01-18 05:45:24'),
(26, 'WO-200100002', 3, 'admin', '2020-01-18 05:52:37'),
(27, 'WO-200100002', 4, 'admin', '2020-01-19 06:55:27'),
(28, 'WO-200100002', 7, 'admin', '2020-01-19 06:55:52'),
(29, 'WO-200100002', 8, 'admin', '2020-01-19 06:56:16'),
(30, 'WO-200100003', 3, 'admin', '2020-01-19 06:57:50'),
(31, 'WO-200100003', 4, 'admin', '2020-01-19 06:57:58'),
(32, 'WO-200100003', 7, 'admin', '2020-01-19 06:59:04'),
(33, 'WO-200100003', 3, 'admin', '2020-01-19 06:59:14'),
(34, 'WO-200100003', 4, 'admin', '2020-01-19 07:00:01'),
(35, 'WO-200100003', 7, 'admin', '2020-01-19 07:05:41'),
(36, 'WO-200100003', 8, 'admin', '2020-01-19 07:05:49'),
(37, 'WT-200100001', 3, 'admin', '2020-01-19 08:24:50'),
(38, 'WT-200100001', 4, 'admin', '2020-01-19 08:25:07'),
(39, 'WT-200100001', 7, 'admin', '2020-01-19 08:26:04'),
(40, 'WT-200100001', 8, 'admin', '2020-01-19 14:34:53'),
(41, 'WT-200100001', 3, 'admin', '2020-01-19 14:47:37'),
(42, 'WT-200100001', 4, 'admin', '2020-01-19 15:02:19'),
(43, 'WT-200100001', 7, 'admin', '2020-01-19 15:02:23'),
(44, 'WT-200100001', 8, 'admin', '2020-01-19 15:02:28'),
(45, 'WT-200100001', 3, 'admin', '2020-01-19 15:03:26'),
(46, 'WT-200100001', 4, 'admin', '2020-01-19 15:04:09'),
(47, 'WT-200100001', 7, 'admin', '2020-01-19 15:04:10'),
(48, 'WT-200100001', 8, 'admin', '2020-01-19 15:04:14'),
(49, 'WO-200100004', 1, 'admin', '2020-01-20 06:30:52'),
(50, 'WO-200100005', 1, 'admin', '2020-01-20 06:30:52'),
(51, 'WO-200100005', 2, 'admin', '2020-01-20 06:35:09'),
(52, 'WO-200100005', 3, 'admin', '2020-01-20 06:39:32'),
(53, 'WO-200100005', 2, 'admin', '2020-01-20 08:21:16'),
(55, 'WO-200100005', 1, 'admin', '2020-01-20 08:23:19'),
(58, 'WO-200100002', 3, 'admin', '2020-01-20 14:15:01'),
(59, 'WO-200100002', 4, 'admin', '2020-01-20 14:16:36'),
(60, 'WO-200100002', 7, 'admin', '2020-01-20 14:16:54'),
(61, 'WO-200100002', 8, 'admin', '2020-01-20 14:17:27'),
(62, 'WO-200100005', 2, 'admin', '2020-01-20 15:16:34'),
(63, 'WO-200100005', 3, 'admin', '2020-01-20 15:23:41'),
(64, 'WO-200100005', 4, 'admin', '2020-01-20 15:25:31'),
(65, 'WO-200100005', 7, 'admin', '2020-01-20 15:25:41'),
(66, 'WO-200100005', 2, 'admin', '2020-01-20 15:28:58'),
(67, 'WO-200100005', 8, 'admin', '2020-01-21 06:22:28'),
(68, 'WO-200100006', 1, 'admin', '2020-01-22 05:18:40'),
(69, 'WO-200100006', 3, 'admin', '2020-01-22 05:19:13'),
(70, 'WO-200100006', 4, 'admin', '2020-01-22 05:19:21'),
(71, 'WO-200100006', 7, 'admin', '2020-01-22 05:19:49'),
(72, 'WO-200100006', 8, 'admin', '2020-01-22 05:19:56'),
(73, 'WO-200100007', 1, 'admin', '2020-01-23 06:32:19'),
(74, 'WO-200100007', 3, 'admin', '2020-01-23 06:34:32'),
(75, 'WO-200100007', 4, 'admin', '2020-01-23 06:34:47'),
(76, 'WO-200100007', 7, 'admin', '2020-01-23 06:35:01'),
(77, 'WO-200100007', 8, 'admin', '2020-01-23 06:35:07'),
(78, 'WC-200400001', 1, 'admin', '2020-04-02 05:20:26'),
(79, 'WO-200500001', 1, 'admin', '2020-05-02 15:27:36'),
(80, 'WO-200500001', 3, 'sutouch', '2020-09-22 03:53:52'),
(81, 'WO-200500001', 4, 'sutouch', '2020-09-22 03:54:06'),
(82, 'WO-200500001', 7, 'sutouch', '2020-09-22 03:55:28'),
(83, 'WO-200500001', 8, 'sutouch', '2020-09-22 03:56:22'),
(84, 'WO-200100004', 2, 'sutouch', '2020-10-07 03:54:00'),
(85, 'WO-200100004', 3, 'sutouch', '2020-10-07 03:54:29'),
(86, 'WO-200100004', 4, 'sutouch', '2020-10-07 03:54:52'),
(87, 'WO-200100004', 5, 'sutouch', '2020-10-07 03:55:49'),
(88, 'WO-200100004', 6, 'sutouch', '2020-10-07 03:55:57'),
(89, 'WO-200100004', 7, 'sutouch', '2020-10-07 03:57:08'),
(90, 'WO-200100004', 2, 'sutouch', '2020-10-07 03:58:08'),
(91, 'WO-200100004', 8, 'sutouch', '2020-10-07 03:58:25'),
(92, 'WO-201000001', 1, 'admin', '2020-10-14 03:32:06'),
(93, 'WO-201000001', 3, 'admin', '2020-10-25 18:26:26'),
(94, 'WO-201000001', 4, 'admin', '2020-10-25 18:26:31'),
(95, 'WO-201000001', 5, 'admin', '2020-10-25 18:52:41'),
(96, 'WO-201000001', 6, 'admin', '2020-10-25 19:22:47'),
(97, 'WO-201000001', 7, 'admin', '2020-10-25 19:50:46'),
(98, 'WO-201000002', 1, 'admin', '2020-10-28 04:54:05'),
(99, 'WO-201000002', 3, 'admin', '2020-10-28 05:18:22'),
(100, 'WO-201000002', 4, 'admin', '2020-10-28 05:19:04'),
(101, 'WO-201000002', 5, 'admin', '2020-10-28 05:19:24'),
(102, 'WO-201000002', 6, 'admin', '2020-10-28 05:19:38'),
(103, 'WO-201000002', 7, 'admin', '2020-10-28 05:19:53'),
(104, 'WO-201000002', 8, 'admin', '2020-10-28 05:20:10'),
(105, 'WO-201000002', 3, 'admin', '2020-10-28 05:28:04'),
(106, 'WO-201000002', 4, 'admin', '2020-10-28 05:32:23'),
(107, 'WO-201000002', 5, 'admin', '2020-10-28 05:32:24'),
(108, 'WO-201000002', 6, 'admin', '2020-10-28 05:32:28'),
(109, 'WO-201000002', 7, 'admin', '2020-10-28 05:32:34'),
(110, 'WO-201000002', 8, 'admin', '2020-10-28 05:34:22'),
(111, 'WO-201000001', 2, 'admin', '2020-10-28 05:41:29'),
(112, 'WO-201000001', 3, 'admin', '2020-10-28 05:42:06'),
(113, 'WO-201000001', 4, 'admin', '2020-10-28 05:42:49'),
(114, 'WO-201000001', 5, 'admin', '2020-10-28 05:42:51'),
(115, 'WO-201000001', 6, 'admin', '2020-10-28 05:42:56'),
(116, 'WO-201000001', 7, 'admin', '2020-10-28 05:43:06'),
(117, 'WO-201000001', 8, 'admin', '2020-10-28 05:48:47'),
(118, 'WO-201000003', 1, 'admin', '2020-10-28 05:57:37'),
(119, 'WO-201000003', 2, 'admin', '2020-10-28 05:58:38'),
(120, 'WO-201000003', 3, 'admin', '2020-10-28 05:58:57'),
(121, 'WO-201000003', 4, 'admin', '2020-10-28 05:59:23'),
(122, 'WO-201000003', 5, 'admin', '2020-10-28 05:59:35'),
(123, 'WO-201000003', 6, 'admin', '2020-10-28 05:59:44'),
(124, 'WO-201000003', 7, 'admin', '2020-10-28 05:59:51'),
(125, 'WO-201000003', 8, 'admin', '2020-10-28 06:00:16'),
(126, 'WO-201000004', 1, 'admin', '2020-10-28 06:25:33'),
(127, 'WO-201000004', 2, 'admin', '2020-10-28 06:26:08'),
(128, 'WO-201000004', 3, 'admin', '2020-10-28 06:26:37'),
(129, 'WO-201000001', 3, 'admin', '2020-10-28 06:35:13'),
(130, 'WO-201000001', 4, 'admin', '2020-10-28 06:35:26'),
(131, 'WO-201000001', 5, 'admin', '2020-10-28 06:35:27'),
(132, 'WO-201000001', 6, 'admin', '2020-10-28 06:35:31'),
(133, 'WO-201000001', 7, 'admin', '2020-10-28 06:35:32'),
(134, 'WO-201000001', 8, 'admin', '2020-10-28 06:35:38'),
(135, 'WO-201000005', 1, 'admin', '2020-10-31 15:37:48'),
(136, 'WO-201000005', 2, 'admin', '2020-10-31 15:40:26'),
(137, 'WO-201000005', 3, 'admin', '2020-10-31 15:40:54'),
(138, 'WO-201000005', 4, 'admin', '2020-10-31 15:41:20'),
(139, 'WO-201000005', 5, 'admin', '2020-10-31 15:41:30'),
(140, 'WO-201000005', 6, 'admin', '2020-10-31 15:41:36'),
(141, 'WO-201000005', 7, 'admin', '2020-10-31 15:41:45'),
(142, 'WO-201000005', 8, 'admin', '2020-10-31 15:42:15'),
(143, 'WO-201000006', 1, 'admin', '2020-10-31 15:46:38'),
(144, 'WO-201100001', 1, 'admin', '2020-11-03 13:00:21'),
(145, 'WO-201100002', 1, 'admin', '2020-11-03 13:01:35');

-- --------------------------------------------------------

--
-- Table structure for table `order_transform`
--

CREATE TABLE `order_transform` (
  `order_code` varchar(20) NOT NULL,
  `is_closed` tinyint(1) NOT NULL DEFAULT '0'
) ENGINE=InnoDB DEFAULT CHARSET=utf8;

-- --------------------------------------------------------

--
-- Table structure for table `order_transform_detail`
--

CREATE TABLE `order_transform_detail` (
  `id` int(11) NOT NULL,
  `order_code` varchar(20) NOT NULL,
  `id_order_detail` int(11) NOT NULL,
  `original_code` varchar(50) NOT NULL,
  `product_code` varchar(50) NOT NULL,
  `order_qty` decimal(15,2) NOT NULL DEFAULT '0.00',
  `sold_qty` decimal(15,2) NOT NULL DEFAULT '0.00',
  `receive_qty` decimal(15,2) NOT NULL DEFAULT '0.00',
  `valid` tinyint(1) NOT NULL DEFAULT '0'
) ENGINE=InnoDB DEFAULT CHARSET=utf8;

-- --------------------------------------------------------

--
-- Table structure for table `payment_method`
--

CREATE TABLE `payment_method` (
  `code` varchar(10) NOT NULL,
  `name` varchar(50) NOT NULL,
  `is_default` tinyint(1) NOT NULL DEFAULT '0',
  `has_term` tinyint(1) NOT NULL DEFAULT '0',
  `role` int(2) NOT NULL DEFAULT '1',
  `date_add` datetime NOT NULL DEFAULT CURRENT_TIMESTAMP,
  `date_upd` datetime NOT NULL DEFAULT CURRENT_TIMESTAMP ON UPDATE CURRENT_TIMESTAMP
) ENGINE=InnoDB DEFAULT CHARSET=utf8;

--
-- Dumping data for table `payment_method`
--

INSERT INTO `payment_method` (`code`, `name`, `is_default`, `has_term`, `role`, `date_add`, `date_upd`) VALUES
('001', 'เครดิต', 1, 1, 1, '2019-08-14 13:48:12', '2019-08-14 13:50:04'),
('002', 'เงินสด', 0, 0, 2, '2019-08-14 13:48:19', '2020-01-12 09:57:22'),
('003', 'เงินโอน', 0, 0, 3, '2020-01-15 10:22:07', '2020-01-16 15:55:34'),
('004', 'บัตรเครดิต', 0, 0, 5, '2020-01-15 10:22:22', '2020-01-16 15:55:45'),
('005', 'COD', 0, 1, 4, '2020-01-15 10:22:45', '2020-10-28 11:49:25');

-- --------------------------------------------------------

--
-- Table structure for table `payment_receive`
--

CREATE TABLE `payment_receive` (
  `id` int(11) NOT NULL,
  `reference` varchar(20) DEFAULT NULL COMMENT 'อ้างอิงเอกสาร',
  `customer_code` varchar(20) DEFAULT NULL,
  `pay_date` date NOT NULL COMMENT 'วันที่ชำระ',
  `amount` decimal(15,2) NOT NULL DEFAULT '0.00' COMMENT 'ยอดเงิน',
  `payment_type` varchar(2) DEFAULT NULL,
  `valid` tinyint(1) NOT NULL DEFAULT '0' COMMENT '0 = not save, 1=  saved',
  `date_upd` timestamp NOT NULL DEFAULT CURRENT_TIMESTAMP ON UPDATE CURRENT_TIMESTAMP
) ENGINE=InnoDB DEFAULT CHARSET=utf8;

--
-- Dumping data for table `payment_receive`
--

INSERT INTO `payment_receive` (`id`, `reference`, `customer_code`, `pay_date`, `amount`, `payment_type`, `valid`, `date_upd`) VALUES
(2, 'WO-200100005', '0000', '2020-01-20', '989.00', 'TR', 1, '2020-01-20 06:39:32'),
(3, 'WO-200100005', '0000', '2020-01-20', '-989.00', 'TR', 1, '2020-01-20 08:21:16'),
(6, 'WO-200100002', '0000', '2020-01-20', '2495.00', 'TR', 1, '2020-01-20 14:47:16'),
(7, 'WO-200100002', '0000', '2020-01-20', '-2495.00', 'TR', 1, '2020-01-20 14:52:08'),
(8, 'WO-200100002', '0000', '2020-01-20', '2495.00', 'TR', 1, '2020-01-20 14:56:05'),
(9, 'WO-200100005', '0000', '2020-01-20', '600.00', 'TR', 1, '2020-01-20 15:23:41'),
(10, 'WO-200100005', '0000', '2020-01-20', '390.00', 'TR', 1, '2020-01-20 15:37:58'),
(11, 'RI-200100001', 'C0001', '2020-01-21', '5405.40', 'TR', 1, '2020-01-23 06:38:13'),
(12, 'RI-200100002', 'C0001', '2020-01-22', '2387.70', 'CQ', 1, '2020-01-23 06:36:51'),
(13, 'WM-200100001', 'C0001', '2020-01-23', '1246.91', 'CA', 1, '2020-01-24 15:41:52'),
(14, 'WM-200100002', 'C0001', '2020-01-24', '1534.08', 'CA', 1, '2020-01-24 15:58:13'),
(15, 'WM-200100003', 'C0001', '2020-01-24', '568.50', 'CA', 1, '2020-01-24 16:00:20'),
(16, 'WM-200100004', 'C0001', '2020-01-24', '568.50', 'CA', 1, '2020-01-24 16:04:53'),
(17, 'WM-200100001', 'C0001', '2020-01-23', '-1246.91', 'CA', 1, '2020-01-25 07:35:02'),
(18, 'RI-200600001', 'C0001', '2020-06-02', '2772.00', 'CA', 1, '2020-06-02 07:26:57'),
(19, 'WO-200100004', '0000', '2020-10-06', '500.00', 'TR', 1, '2020-10-07 03:54:29'),
(20, 'WO-200100004', '0000', '2020-10-06', '94.00', 'TR', 1, '2020-10-07 03:58:19'),
(21, 'WO-200100003', '0000', '2020-10-28', '5685.00', 'TR', 1, '2020-10-28 04:49:45'),
(22, 'WO-201000001', 'C0001', '2020-10-27', '200.00', 'TR', 1, '2020-10-28 05:41:53'),
(23, 'WO-201000004', '0000', '2020-10-28', '800.00', 'TR', 1, '2020-10-28 06:26:37'),
(24, 'WO-201000003', 'COD-002', '2020-10-28', '600.00', 'TR', 1, '2020-10-28 06:26:49'),
(25, 'RI-201000001', 'C0001', '2020-10-28', '5756.20', 'TR', 1, '2020-10-28 06:36:44'),
(26, 'RI-201000002', 'C0001', '2020-10-28', '3133.40', 'CQ', 1, '2020-10-28 14:05:16'),
(27, 'RI-201000003', 'C0001', '2020-10-31', '561.20', 'TR', 1, '2020-10-31 09:53:09'),
(28, 'WO-201000005', '0000', '2020-10-31', '1520.00', 'TR', 1, '2020-10-31 15:40:54');

-- --------------------------------------------------------

--
-- Table structure for table `payment_role`
--

CREATE TABLE `payment_role` (
  `id` int(2) NOT NULL,
  `name` varchar(100) NOT NULL
) ENGINE=InnoDB DEFAULT CHARSET=utf8;

--
-- Dumping data for table `payment_role`
--

INSERT INTO `payment_role` (`id`, `name`) VALUES
(1, 'เครดิต'),
(2, 'เงินสด'),
(3, 'เงินโอน'),
(4, 'เก็บเงินปลายทาง'),
(5, 'บัตรเครดิต');

-- --------------------------------------------------------

--
-- Table structure for table `payment_type`
--

CREATE TABLE `payment_type` (
  `code` varchar(2) NOT NULL,
  `name` varchar(50) NOT NULL
) ENGINE=InnoDB DEFAULT CHARSET=utf8 COMMENT='ประเภทการจ่าย เช่น เช็ค, เงินสด, เงินโอน';

--
-- Dumping data for table `payment_type`
--

INSERT INTO `payment_type` (`code`, `name`) VALUES
('CA', 'เงินสด'),
('CQ', 'เช็ค'),
('TR', 'โอนเงิน');

-- --------------------------------------------------------

--
-- Table structure for table `permission`
--

CREATE TABLE `permission` (
  `id` int(11) NOT NULL,
  `menu` varchar(10) NOT NULL,
  `uid` varchar(32) DEFAULT NULL,
  `id_profile` int(11) DEFAULT NULL,
  `can_view` tinyint(1) NOT NULL DEFAULT '0',
  `can_add` tinyint(1) NOT NULL DEFAULT '0',
  `can_edit` tinyint(1) NOT NULL DEFAULT '0',
  `can_delete` tinyint(1) NOT NULL DEFAULT '0',
  `can_approve` tinyint(1) NOT NULL DEFAULT '0'
) ENGINE=InnoDB DEFAULT CHARSET=utf8;

--
-- Dumping data for table `permission`
--

INSERT INTO `permission` (`id`, `menu`, `uid`, `id_profile`, `can_view`, `can_add`, `can_edit`, `can_delete`, `can_approve`) VALUES
(2146, 'ICTRFS', NULL, 5, 0, 0, 0, 0, 0),
(2147, 'ICTRFM', NULL, 5, 0, 0, 0, 0, 0),
(2148, 'ICSUPP', NULL, 5, 0, 0, 0, 0, 0),
(2149, 'ICLEND', NULL, 5, 0, 0, 0, 0, 0),
(2150, 'ICPURC', NULL, 5, 0, 0, 0, 0, 0),
(2151, 'ICTRRC', NULL, 5, 0, 0, 0, 0, 0),
(2152, 'ICTRWH', NULL, 5, 0, 0, 0, 0, 0),
(2153, 'ICODPR', NULL, 5, 0, 0, 0, 0, 0),
(2154, 'ICODQC', NULL, 5, 0, 0, 0, 0, 0),
(2155, 'ICODDO', NULL, 5, 0, 0, 0, 0, 0),
(2156, 'ICODIV', NULL, 5, 0, 0, 0, 0, 0),
(2157, 'ICCSRC', NULL, 5, 0, 0, 0, 0, 0),
(2158, 'ICCKBF', NULL, 5, 0, 0, 0, 0, 0),
(2159, 'ICCKCN', NULL, 5, 0, 0, 0, 0, 0),
(2160, 'ICCKMV', NULL, 5, 0, 0, 0, 0, 0),
(2161, 'ICRTLD', NULL, 5, 0, 0, 0, 0, 0),
(2162, 'ICRTOR', NULL, 5, 0, 0, 0, 0, 0),
(2163, 'SOODSO', NULL, 5, 1, 1, 1, 0, 0),
(2164, 'SOODSP', NULL, 5, 0, 0, 0, 0, 0),
(2165, 'SOCCSO', NULL, 5, 0, 0, 0, 0, 0),
(2166, 'SOCCTR', NULL, 5, 0, 0, 0, 0, 0),
(2167, 'SODISC', NULL, 5, 0, 0, 0, 0, 0),
(2168, 'SOPRIC', NULL, 5, 0, 0, 0, 0, 0),
(2169, 'SORECT', NULL, 5, 0, 0, 0, 0, 0),
(2170, 'SOREST', NULL, 5, 0, 0, 0, 0, 0),
(2171, 'SOREUP', NULL, 5, 0, 0, 0, 0, 0),
(2172, 'ACPMCF', NULL, 5, 0, 0, 0, 0, 0),
(2173, 'ACCSOD', NULL, 5, 0, 0, 0, 0, 0),
(2174, 'SCCONF', NULL, 5, 0, 0, 0, 0, 0),
(2175, 'DBUSER', NULL, 5, 0, 0, 0, 0, 0),
(2176, 'DBPROF', NULL, 5, 0, 0, 0, 0, 0),
(2177, 'SCPERM', NULL, 5, 0, 0, 0, 0, 0),
(2178, 'SCPOLI', NULL, 5, 0, 0, 0, 0, 0),
(2179, 'SCRULE', NULL, 5, 0, 0, 0, 0, 0),
(2180, 'SCSYSC', NULL, 5, 0, 0, 0, 0, 0),
(2181, 'DBPROD', NULL, 5, 0, 0, 0, 0, 0),
(2182, 'DBPDST', NULL, 5, 0, 0, 0, 0, 0),
(2183, 'DBPDGP', NULL, 5, 0, 0, 0, 0, 0),
(2184, 'DBPDSG', NULL, 5, 0, 0, 0, 0, 0),
(2185, 'DBPDCR', NULL, 5, 0, 0, 0, 0, 0),
(2186, 'DBPDTY', NULL, 5, 0, 0, 0, 0, 0),
(2187, 'DBPDKN', NULL, 5, 0, 0, 0, 0, 0),
(2188, 'DBPDBR', NULL, 5, 0, 0, 0, 0, 0),
(2189, 'DBPDCL', NULL, 5, 0, 0, 0, 0, 0),
(2190, 'DBPDSI', NULL, 5, 0, 0, 0, 0, 0),
(2191, 'DBPTAB', NULL, 5, 0, 0, 0, 0, 0),
(2192, 'DBCUST', NULL, 5, 0, 0, 0, 0, 0),
(2193, 'DBCGRP', NULL, 5, 0, 0, 0, 0, 0),
(2194, 'DBCTYP', NULL, 5, 0, 0, 0, 0, 0),
(2195, 'DBCKIN', NULL, 5, 0, 0, 0, 0, 0),
(2196, 'DBCLAS', NULL, 5, 0, 0, 0, 0, 0),
(2197, 'DBCARE', NULL, 5, 0, 0, 0, 0, 0),
(2198, 'DBADDR', NULL, 5, 0, 0, 0, 0, 0),
(2199, 'DBCHAN', NULL, 5, 0, 0, 0, 0, 0),
(2200, 'DBPAYM', NULL, 5, 0, 0, 0, 0, 0),
(2201, 'DBWRHS', NULL, 5, 0, 0, 0, 0, 0),
(2202, 'DBZONE', NULL, 5, 0, 0, 0, 0, 0),
(2203, 'DBSALE', NULL, 5, 0, 0, 0, 0, 0),
(2204, 'APOVPO', NULL, 5, 0, 0, 0, 0, 0),
(3618, 'ICPURC', NULL, 1, 1, 1, 1, 1, 1),
(3619, 'ICTRMV', NULL, 1, 1, 1, 1, 1, 1),
(3620, 'ICTRWH', NULL, 1, 1, 1, 1, 1, 1),
(3621, 'ICODPR', NULL, 1, 1, 1, 1, 1, 1),
(3622, 'ICODQC', NULL, 1, 1, 1, 1, 1, 1),
(3623, 'ICODDO', NULL, 1, 1, 1, 1, 1, 1),
(3624, 'ICCKST', NULL, 1, 1, 1, 1, 1, 1),
(3625, 'ICCSRC', NULL, 1, 1, 1, 1, 1, 1),
(3626, 'ICODIV', NULL, 1, 1, 1, 1, 1, 1),
(3627, 'ICCKBF', NULL, 1, 1, 1, 1, 1, 1),
(3628, 'ICCKCN', NULL, 1, 1, 1, 1, 1, 1),
(3629, 'ICCKMV', NULL, 1, 1, 1, 1, 1, 1),
(3630, 'ICSTAJ', NULL, 1, 1, 1, 1, 1, 1),
(3631, 'SOODQT', NULL, 1, 1, 1, 1, 1, 1),
(3632, 'SOODSO', NULL, 1, 1, 1, 1, 1, 1),
(3633, 'SOODSP', NULL, 1, 1, 1, 1, 1, 1),
(3634, 'SOCCSO', NULL, 1, 1, 1, 1, 1, 1),
(3635, 'SODISC', NULL, 1, 1, 1, 1, 1, 1),
(3636, 'SOPRIC', NULL, 1, 1, 1, 1, 1, 1),
(3637, 'SORECT', NULL, 1, 1, 1, 1, 1, 1),
(3638, 'SOREST', NULL, 1, 1, 1, 1, 1, 1),
(3639, 'SOREUP', NULL, 1, 1, 1, 1, 1, 1),
(3640, 'SOVIEW', NULL, 1, 1, 1, 1, 1, 1),
(3641, 'ACPMCF', NULL, 1, 1, 1, 1, 1, 1),
(3642, 'ACCSOD', NULL, 1, 1, 1, 1, 1, 1),
(3643, 'ACODRP', NULL, 1, 1, 1, 1, 1, 1),
(3644, 'ACPMRC', NULL, 1, 1, 1, 1, 1, 1),
(3645, 'ACODCR', NULL, 1, 1, 1, 1, 1, 1),
(3646, 'POPURC', NULL, 1, 1, 1, 1, 1, 1),
(3647, 'SCCONF', NULL, 1, 1, 1, 1, 1, 1),
(3648, 'SCPERM', NULL, 1, 1, 1, 1, 1, 1),
(3649, 'SCPOLI', NULL, 1, 1, 1, 1, 1, 1),
(3650, 'SCRULE', NULL, 1, 1, 1, 1, 1, 1),
(3651, 'SCSYSC', NULL, 1, 1, 1, 1, 1, 1),
(3652, 'DBPROD', NULL, 1, 1, 1, 1, 1, 1),
(3653, 'DBITEM', NULL, 1, 1, 1, 1, 1, 1),
(3654, 'DBPDGP', NULL, 1, 1, 1, 1, 1, 1),
(3655, 'DBPDSG', NULL, 1, 1, 1, 1, 1, 1),
(3656, 'DBPDCR', NULL, 1, 1, 1, 1, 1, 1),
(3657, 'DBPDTY', NULL, 1, 1, 1, 1, 1, 1),
(3658, 'DBPDKN', NULL, 1, 1, 1, 1, 1, 1),
(3659, 'DBPDBR', NULL, 1, 1, 1, 1, 1, 1),
(3660, 'DBPDCL', NULL, 1, 1, 1, 1, 1, 1),
(3661, 'DBEMPL', NULL, 1, 1, 1, 1, 1, 1),
(3662, 'DBPDSI', NULL, 1, 1, 1, 1, 1, 1),
(3663, 'DBPTAB', NULL, 1, 1, 1, 1, 1, 1),
(3664, 'DBCUST', NULL, 1, 1, 1, 1, 1, 1),
(3665, 'DBCGRP', NULL, 1, 1, 1, 1, 1, 1),
(3666, 'DBCTYP', NULL, 1, 1, 1, 1, 1, 1),
(3667, 'DBCKIN', NULL, 1, 1, 1, 1, 1, 1),
(3668, 'DBCLAS', NULL, 1, 1, 1, 1, 1, 1),
(3669, 'DBCARE', NULL, 1, 1, 1, 1, 1, 1),
(3670, 'DBVEND', NULL, 1, 1, 1, 1, 1, 1),
(3671, 'DBCHAN', NULL, 1, 1, 1, 1, 1, 1),
(3672, 'DBPAYM', NULL, 1, 1, 1, 1, 1, 1),
(3673, 'DBWRHS', NULL, 1, 1, 1, 1, 1, 1),
(3674, 'DBZONE', NULL, 1, 1, 1, 1, 1, 1),
(3675, 'DBSALE', NULL, 1, 1, 1, 1, 1, 1),
(3676, 'DBSEND', NULL, 1, 1, 1, 1, 1, 1),
(3677, 'DBUSER', NULL, 1, 1, 1, 1, 1, 1),
(3678, 'DBPROF', NULL, 1, 1, 1, 1, 1, 1),
(3679, 'DBTRSP', NULL, 1, 1, 1, 1, 1, 1),
(3680, 'APOVPO', NULL, 1, 1, 1, 1, 1, 1);

-- --------------------------------------------------------

--
-- Table structure for table `po`
--

CREATE TABLE `po` (
  `code` varchar(20) NOT NULL,
  `vender_code` varchar(20) DEFAULT NULL,
  `vender_name` varchar(250) DEFAULT NULL,
  `credit_term` int(3) NOT NULL DEFAULT '0',
  `user` varchar(50) DEFAULT NULL,
  `require_date` date DEFAULT NULL,
  `due_date` date DEFAULT NULL,
  `date_add` date DEFAULT NULL,
  `date_upd` timestamp NOT NULL DEFAULT CURRENT_TIMESTAMP ON UPDATE CURRENT_TIMESTAMP,
  `update_user` varchar(50) DEFAULT NULL,
  `status` tinyint(1) NOT NULL DEFAULT '0' COMMENT '0 = not save, 1 = saved, 2 = partail received, 3 = closed, 4 = cancle',
  `remark` text
) ENGINE=InnoDB DEFAULT CHARSET=utf8;

--
-- Dumping data for table `po`
--

INSERT INTO `po` (`code`, `vender_code`, `vender_name`, `credit_term`, `user`, `require_date`, `due_date`, `date_add`, `date_upd`, `update_user`, `status`, `remark`) VALUES
('PO-200100001', 'WARRIX', 'บจก. วอริกซ์ สปอร์ต', 30, 'sutouch', '2020-01-15', '2020-02-14', '2020-01-15', '2020-01-15 07:55:04', NULL, 2, ''),
('PO-200400001', 'EUREKA', 'บจก. ยูเรก้า', 30, 'admin', '2020-04-02', '2020-05-02', '2020-04-02', '2020-10-13 13:37:09', NULL, 1, '');

-- --------------------------------------------------------

--
-- Table structure for table `po_detail`
--

CREATE TABLE `po_detail` (
  `id` int(11) NOT NULL,
  `po_code` varchar(20) NOT NULL,
  `product_code` varchar(50) NOT NULL,
  `product_name` varchar(250) DEFAULT NULL,
  `style_code` varchar(50) NOT NULL,
  `price` decimal(15,2) NOT NULL DEFAULT '0.00',
  `qty` decimal(15,2) NOT NULL DEFAULT '1.00',
  `total_amount` decimal(15,2) NOT NULL DEFAULT '0.00',
  `received` decimal(15,2) NOT NULL DEFAULT '0.00',
  `valid` tinyint(1) NOT NULL DEFAULT '0' COMMENT '0 = open, 1 = closed'
) ENGINE=InnoDB DEFAULT CHARSET=utf8;

--
-- Dumping data for table `po_detail`
--

INSERT INTO `po_detail` (`id`, `po_code`, `product_code`, `product_name`, `style_code`, `price`, `qty`, `total_amount`, `received`, `valid`) VALUES
(1, 'PO-200100001', 'WA-3315N-AA-XS', 'เสื้อโปโลเบสิก WA-3315N-AA-XS', 'WA-3315N', '227.40', '10.00', '2274.00', '10.00', 0),
(2, 'PO-200100001', 'WA-3315N-BB-XS', 'เสื้อโปโลเบสิก WA-3315N-BB-XS', 'WA-3315N', '227.40', '10.00', '2274.00', '10.00', 0),
(3, 'PO-200100001', 'WA-3315N-DT-XS', 'เสื้อโปโลเบสิก WA-3315N-DT-XS', 'WA-3315N', '227.40', '10.00', '2274.00', '10.00', 0),
(4, 'PO-200100001', 'WA-3315N-EE-XS', 'เสื้อโปโลเบสิก WA-3315N-EE-XS', 'WA-3315N', '227.40', '10.00', '2274.00', '10.00', 0),
(5, 'PO-200100001', 'WA-3315N-LL-XS', 'เสื้อโปโลเบสิก WA-3315N-LL-XS', 'WA-3315N', '227.40', '10.00', '2274.00', '10.00', 0),
(6, 'PO-200100001', 'WA-3315N-NN-XS', 'เสื้อโปโลเบสิก WA-3315N-NN-XS', 'WA-3315N', '227.40', '10.00', '2274.00', '10.00', 0),
(7, 'PO-200100001', 'WA-3315N-OO-XS', 'เสื้อโปโลเบสิก WA-3315N-OO-XS', 'WA-3315N', '227.40', '10.00', '2274.00', '0.00', 0),
(8, 'PO-200100001', 'WA-3315N-RR-XS', 'เสื้อโปโลเบสิก WA-3315N-RR-XS', 'WA-3315N', '227.40', '10.00', '2274.00', '0.00', 0),
(9, 'PO-200100001', 'WA-3315N-VV-XS', 'เสื้อโปโลเบสิก WA-3315N-VV-XS', 'WA-3315N', '227.40', '10.00', '2274.00', '0.00', 0),
(10, 'PO-200100001', 'WA-3315N-WW-XS', 'เสื้อโปโลเบสิก WA-3315N-WW-XS', 'WA-3315N', '227.40', '10.00', '2274.00', '0.00', 0),
(11, 'PO-200100001', 'WA-3315N-YY-XS', 'เสื้อโปโลเบสิก WA-3315N-YY-XS', 'WA-3315N', '227.40', '10.00', '2274.00', '0.00', 0),
(12, 'PO-200100001', 'WA-3315N-AA-S', 'เสื้อโปโลเบสิก WA-3315N-AA-S', 'WA-3315N', '227.40', '20.00', '4548.00', '20.00', 0),
(13, 'PO-200100001', 'WA-3315N-BB-S', 'เสื้อโปโลเบสิก WA-3315N-BB-S', 'WA-3315N', '227.40', '20.00', '4548.00', '20.00', 0),
(14, 'PO-200100001', 'WA-3315N-DT-S', 'เสื้อโปโลเบสิก WA-3315N-DT-S', 'WA-3315N', '227.40', '20.00', '4548.00', '20.00', 0),
(15, 'PO-200100001', 'WA-3315N-EE-S', 'เสื้อโปโลเบสิก WA-3315N-EE-S', 'WA-3315N', '227.40', '20.00', '4548.00', '20.00', 0),
(16, 'PO-200100001', 'WA-3315N-LL-S', 'เสื้อโปโลเบสิก WA-3315N-LL-S', 'WA-3315N', '227.40', '20.00', '4548.00', '20.00', 0),
(17, 'PO-200100001', 'WA-3315N-NN-S', 'เสื้อโปโลเบสิก WA-3315N-NN-S', 'WA-3315N', '227.40', '20.00', '4548.00', '20.00', 0),
(18, 'PO-200100001', 'WA-3315N-OO-S', 'เสื้อโปโลเบสิก WA-3315N-OO-S', 'WA-3315N', '227.40', '20.00', '4548.00', '0.00', 0),
(19, 'PO-200100001', 'WA-3315N-RR-S', 'เสื้อโปโลเบสิก WA-3315N-RR-S', 'WA-3315N', '227.40', '20.00', '4548.00', '0.00', 0),
(20, 'PO-200100001', 'WA-3315N-VV-S', 'เสื้อโปโลเบสิก WA-3315N-VV-S', 'WA-3315N', '227.40', '20.00', '4548.00', '0.00', 0),
(21, 'PO-200100001', 'WA-3315N-WW-S', 'เสื้อโปโลเบสิก WA-3315N-WW-S', 'WA-3315N', '227.40', '20.00', '4548.00', '0.00', 0),
(22, 'PO-200100001', 'WA-3315N-YY-S', 'เสื้อโปโลเบสิก WA-3315N-YY-S', 'WA-3315N', '227.40', '20.00', '4548.00', '0.00', 0),
(23, 'PO-200100001', 'WA-3315N-AA-M', 'เสื้อโปโลเบสิก WA-3315N-AA-M', 'WA-3315N', '227.40', '50.00', '11370.00', '50.00', 0),
(24, 'PO-200100001', 'WA-3315N-BB-M', 'เสื้อโปโลเบสิก WA-3315N-BB-M', 'WA-3315N', '227.40', '50.00', '11370.00', '50.00', 0),
(25, 'PO-200100001', 'WA-3315N-DT-M', 'เสื้อโปโลเบสิก WA-3315N-DT-M', 'WA-3315N', '227.40', '50.00', '11370.00', '50.00', 0),
(26, 'PO-200100001', 'WA-3315N-EE-M', 'เสื้อโปโลเบสิก WA-3315N-EE-M', 'WA-3315N', '227.40', '50.00', '11370.00', '50.00', 0),
(27, 'PO-200100001', 'WA-3315N-LL-M', 'เสื้อโปโลเบสิก WA-3315N-LL-M', 'WA-3315N', '227.40', '50.00', '11370.00', '50.00', 0),
(28, 'PO-200100001', 'WA-3315N-NN-M', 'เสื้อโปโลเบสิก WA-3315N-NN-M', 'WA-3315N', '227.40', '50.00', '11370.00', '50.00', 0),
(29, 'PO-200100001', 'WA-3315N-OO-M', 'เสื้อโปโลเบสิก WA-3315N-OO-M', 'WA-3315N', '227.40', '50.00', '11370.00', '0.00', 0),
(30, 'PO-200100001', 'WA-3315N-RR-M', 'เสื้อโปโลเบสิก WA-3315N-RR-M', 'WA-3315N', '227.40', '50.00', '11370.00', '0.00', 0),
(31, 'PO-200100001', 'WA-3315N-VV-M', 'เสื้อโปโลเบสิก WA-3315N-VV-M', 'WA-3315N', '227.40', '50.00', '11370.00', '0.00', 0),
(32, 'PO-200100001', 'WA-3315N-WW-M', 'เสื้อโปโลเบสิก WA-3315N-WW-M', 'WA-3315N', '227.40', '50.00', '11370.00', '0.00', 0),
(33, 'PO-200100001', 'WA-3315N-YY-M', 'เสื้อโปโลเบสิก WA-3315N-YY-M', 'WA-3315N', '227.40', '50.00', '11370.00', '0.00', 0),
(34, 'PO-200100001', 'WA-3315N-AA-L', 'เสื้อโปโลเบสิก WA-3315N-AA-L', 'WA-3315N', '227.40', '100.00', '22740.00', '100.00', 0),
(35, 'PO-200100001', 'WA-3315N-BB-L', 'เสื้อโปโลเบสิก WA-3315N-BB-L', 'WA-3315N', '227.40', '100.00', '22740.00', '100.00', 0),
(36, 'PO-200100001', 'WA-3315N-DT-L', 'เสื้อโปโลเบสิก WA-3315N-DT-L', 'WA-3315N', '227.40', '100.00', '22740.00', '100.00', 0),
(37, 'PO-200100001', 'WA-3315N-EE-L', 'เสื้อโปโลเบสิก WA-3315N-EE-L', 'WA-3315N', '227.40', '100.00', '22740.00', '100.00', 0),
(38, 'PO-200100001', 'WA-3315N-LL-L', 'เสื้อโปโลเบสิก WA-3315N-LL-L', 'WA-3315N', '227.40', '100.00', '22740.00', '100.00', 0),
(39, 'PO-200100001', 'WA-3315N-NN-L', 'เสื้อโปโลเบสิก WA-3315N-NN-L', 'WA-3315N', '227.40', '100.00', '22740.00', '100.00', 0),
(40, 'PO-200100001', 'WA-3315N-OO-L', 'เสื้อโปโลเบสิก WA-3315N-OO-L', 'WA-3315N', '227.40', '100.00', '22740.00', '0.00', 0),
(41, 'PO-200100001', 'WA-3315N-RR-L', 'เสื้อโปโลเบสิก WA-3315N-RR-L', 'WA-3315N', '227.40', '100.00', '22740.00', '0.00', 0),
(42, 'PO-200100001', 'WA-3315N-VV-L', 'เสื้อโปโลเบสิก WA-3315N-VV-L', 'WA-3315N', '227.40', '100.00', '22740.00', '0.00', 0),
(43, 'PO-200100001', 'WA-3315N-WW-L', 'เสื้อโปโลเบสิก WA-3315N-WW-L', 'WA-3315N', '227.40', '100.00', '22740.00', '0.00', 0),
(44, 'PO-200100001', 'WA-3315N-YY-L', 'เสื้อโปโลเบสิก WA-3315N-YY-L', 'WA-3315N', '227.40', '100.00', '22740.00', '0.00', 0),
(45, 'PO-200100001', 'WA-3315N-AA-XL', 'เสื้อโปโลเบสิก WA-3315N-AA-XL', 'WA-3315N', '227.40', '50.00', '11370.00', '50.00', 0),
(46, 'PO-200100001', 'WA-3315N-BB-XL', 'เสื้อโปโลเบสิก WA-3315N-BB-XL', 'WA-3315N', '227.40', '50.00', '11370.00', '50.00', 0),
(47, 'PO-200100001', 'WA-3315N-DT-XL', 'เสื้อโปโลเบสิก WA-3315N-DT-XL', 'WA-3315N', '227.40', '50.00', '11370.00', '50.00', 0),
(48, 'PO-200100001', 'WA-3315N-EE-XL', 'เสื้อโปโลเบสิก WA-3315N-EE-XL', 'WA-3315N', '227.40', '50.00', '11370.00', '50.00', 0),
(49, 'PO-200100001', 'WA-3315N-LL-XL', 'เสื้อโปโลเบสิก WA-3315N-LL-XL', 'WA-3315N', '227.40', '50.00', '11370.00', '50.00', 0),
(50, 'PO-200100001', 'WA-3315N-NN-XL', 'เสื้อโปโลเบสิก WA-3315N-NN-XL', 'WA-3315N', '227.40', '50.00', '11370.00', '50.00', 0),
(51, 'PO-200100001', 'WA-3315N-OO-XL', 'เสื้อโปโลเบสิก WA-3315N-OO-XL', 'WA-3315N', '227.40', '50.00', '11370.00', '0.00', 0),
(52, 'PO-200100001', 'WA-3315N-RR-XL', 'เสื้อโปโลเบสิก WA-3315N-RR-XL', 'WA-3315N', '227.40', '50.00', '11370.00', '0.00', 0),
(53, 'PO-200100001', 'WA-3315N-VV-XL', 'เสื้อโปโลเบสิก WA-3315N-VV-XL', 'WA-3315N', '227.40', '50.00', '11370.00', '0.00', 0),
(54, 'PO-200100001', 'WA-3315N-WW-XL', 'เสื้อโปโลเบสิก WA-3315N-WW-XL', 'WA-3315N', '227.40', '50.00', '11370.00', '0.00', 0),
(55, 'PO-200100001', 'WA-3315N-YY-XL', 'เสื้อโปโลเบสิก WA-3315N-YY-XL', 'WA-3315N', '227.40', '50.00', '11370.00', '0.00', 0),
(56, 'PO-200100001', 'WA-3315N-AA-2L', 'เสื้อโปโลเบสิก WA-3315N-AA-2L', 'WA-3315N', '227.40', '20.00', '4548.00', '20.00', 0),
(57, 'PO-200100001', 'WA-3315N-BB-2L', 'เสื้อโปโลเบสิก WA-3315N-BB-2L', 'WA-3315N', '227.40', '20.00', '4548.00', '20.00', 0),
(58, 'PO-200100001', 'WA-3315N-DT-2L', 'เสื้อโปโลเบสิก WA-3315N-DT-2L', 'WA-3315N', '227.40', '20.00', '4548.00', '20.00', 0),
(59, 'PO-200100001', 'WA-3315N-EE-2L', 'เสื้อโปโลเบสิก WA-3315N-EE-2L', 'WA-3315N', '227.40', '20.00', '4548.00', '20.00', 0),
(60, 'PO-200100001', 'WA-3315N-LL-2L', 'เสื้อโปโลเบสิก WA-3315N-LL-2L', 'WA-3315N', '227.40', '20.00', '4548.00', '20.00', 0),
(61, 'PO-200100001', 'WA-3315N-NN-2L', 'เสื้อโปโลเบสิก WA-3315N-NN-2L', 'WA-3315N', '227.40', '20.00', '4548.00', '20.00', 0),
(62, 'PO-200100001', 'WA-3315N-OO-2L', 'เสื้อโปโลเบสิก WA-3315N-OO-2L', 'WA-3315N', '227.40', '20.00', '4548.00', '0.00', 0),
(63, 'PO-200100001', 'WA-3315N-RR-2L', 'เสื้อโปโลเบสิก WA-3315N-RR-2L', 'WA-3315N', '227.40', '20.00', '4548.00', '0.00', 0),
(64, 'PO-200100001', 'WA-3315N-VV-2L', 'เสื้อโปโลเบสิก WA-3315N-VV-2L', 'WA-3315N', '227.40', '20.00', '4548.00', '0.00', 0),
(65, 'PO-200100001', 'WA-3315N-WW-2L', 'เสื้อโปโลเบสิก WA-3315N-WW-2L', 'WA-3315N', '227.40', '20.00', '4548.00', '0.00', 0),
(66, 'PO-200100001', 'WA-3315N-YY-2L', 'เสื้อโปโลเบสิก WA-3315N-YY-2L', 'WA-3315N', '227.40', '20.00', '4548.00', '0.00', 0),
(67, 'PO-200100001', 'WA-3315N-AA-3L', 'เสื้อโปโลเบสิก WA-3315N-AA-3L', 'WA-3315N', '227.40', '10.00', '2274.00', '10.00', 0),
(68, 'PO-200100001', 'WA-3315N-BB-3L', 'เสื้อโปโลเบสิก WA-3315N-BB-3L', 'WA-3315N', '227.40', '10.00', '2274.00', '10.00', 0),
(69, 'PO-200100001', 'WA-3315N-DT-3L', 'เสื้อโปโลเบสิก WA-3315N-DT-3L', 'WA-3315N', '227.40', '10.00', '2274.00', '10.00', 0),
(70, 'PO-200100001', 'WA-3315N-EE-3L', 'เสื้อโปโลเบสิก WA-3315N-EE-3L', 'WA-3315N', '227.40', '10.00', '2274.00', '10.00', 0),
(71, 'PO-200100001', 'WA-3315N-LL-3L', 'เสื้อโปโลเบสิก WA-3315N-LL-3L', 'WA-3315N', '227.40', '10.00', '2274.00', '10.00', 0),
(72, 'PO-200100001', 'WA-3315N-NN-3L', 'เสื้อโปโลเบสิก WA-3315N-NN-3L', 'WA-3315N', '227.40', '10.00', '2274.00', '10.00', 0),
(73, 'PO-200100001', 'WA-3315N-OO-3L', 'เสื้อโปโลเบสิก WA-3315N-OO-3L', 'WA-3315N', '227.40', '10.00', '2274.00', '0.00', 0),
(74, 'PO-200100001', 'WA-3315N-RR-3L', 'เสื้อโปโลเบสิก WA-3315N-RR-3L', 'WA-3315N', '227.40', '10.00', '2274.00', '0.00', 0),
(75, 'PO-200100001', 'WA-3315N-VV-3L', 'เสื้อโปโลเบสิก WA-3315N-VV-3L', 'WA-3315N', '227.40', '10.00', '2274.00', '0.00', 0),
(76, 'PO-200100001', 'WA-3315N-WW-3L', 'เสื้อโปโลเบสิก WA-3315N-WW-3L', 'WA-3315N', '227.40', '10.00', '2274.00', '0.00', 0),
(77, 'PO-200100001', 'WA-3315N-YY-3L', 'เสื้อโปโลเบสิก WA-3315N-YY-3L', 'WA-3315N', '227.40', '10.00', '2274.00', '0.00', 0),
(78, 'PO-200100001', 'WA-3315N-AA-5L', 'เสื้อโปโลเบสิก WA-3315N-AA-5L', 'WA-3315N', '287.40', '5.00', '1437.00', '5.00', 0),
(79, 'PO-200100001', 'WA-3315N-BB-5L', 'เสื้อโปโลเบสิก WA-3315N-BB-5L', 'WA-3315N', '287.40', '5.00', '1437.00', '5.00', 0),
(80, 'PO-200100001', 'WA-3315N-DT-5L', 'เสื้อโปโลเบสิก WA-3315N-DT-5L', 'WA-3315N', '287.40', '5.00', '1437.00', '50.00', 0),
(81, 'PO-200100001', 'WA-3315N-EE-5L', 'เสื้อโปโลเบสิก WA-3315N-EE-5L', 'WA-3315N', '287.40', '5.00', '1437.00', '5.00', 0),
(82, 'PO-200100001', 'WA-3315N-LL-5L', 'เสื้อโปโลเบสิก WA-3315N-LL-5L', 'WA-3315N', '287.40', '5.00', '1437.00', '5.00', 0),
(83, 'PO-200100001', 'WA-3315N-NN-5L', 'เสื้อโปโลเบสิก WA-3315N-NN-5L', 'WA-3315N', '287.40', '5.00', '1437.00', '5.00', 0),
(84, 'PO-200100001', 'WA-3315N-OO-5L', 'เสื้อโปโลเบสิก WA-3315N-OO-5L', 'WA-3315N', '287.40', '5.00', '1437.00', '0.00', 0),
(85, 'PO-200100001', 'WA-3315N-RR-5L', 'เสื้อโปโลเบสิก WA-3315N-RR-5L', 'WA-3315N', '287.40', '5.00', '1437.00', '0.00', 0),
(86, 'PO-200100001', 'WA-3315N-VV-5L', 'เสื้อโปโลเบสิก WA-3315N-VV-5L', 'WA-3315N', '287.40', '5.00', '1437.00', '0.00', 0),
(87, 'PO-200100001', 'WA-3315N-WW-5L', 'เสื้อโปโลเบสิก WA-3315N-WW-5L', 'WA-3315N', '287.40', '5.00', '1437.00', '0.00', 0),
(88, 'PO-200100001', 'WA-3315N-YY-5L', 'เสื้อโปโลเบสิก WA-3315N-YY-5L', 'WA-3315N', '287.40', '5.00', '1437.00', '0.00', 0),
(89, 'PO-200100001', 'WA-3315N-AA-7L', 'เสื้อโปโลเบสิก WA-3315N-AA-7L', 'WA-3315N', '287.40', '3.00', '862.20', '3.00', 0),
(90, 'PO-200100001', 'WA-3315N-BB-7L', 'เสื้อโปโลเบสิก WA-3315N-BB-7L', 'WA-3315N', '287.40', '3.00', '862.20', '3.00', 0),
(91, 'PO-200100001', 'WA-3315N-DT-7L', 'เสื้อโปโลเบสิก WA-3315N-DT-7L', 'WA-3315N', '287.40', '3.00', '862.20', '3.00', 0),
(92, 'PO-200100001', 'WA-3315N-EE-7L', 'เสื้อโปโลเบสิก WA-3315N-EE-7L', 'WA-3315N', '287.40', '3.00', '862.20', '3.00', 0),
(93, 'PO-200100001', 'WA-3315N-LL-7L', 'เสื้อโปโลเบสิก WA-3315N-LL-7L', 'WA-3315N', '287.40', '3.00', '862.20', '3.00', 0),
(94, 'PO-200100001', 'WA-3315N-NN-7L', 'เสื้อโปโลเบสิก WA-3315N-NN-7L', 'WA-3315N', '287.40', '3.00', '862.20', '3.00', 0),
(95, 'PO-200100001', 'WA-3315N-OO-7L', 'เสื้อโปโลเบสิก WA-3315N-OO-7L', 'WA-3315N', '287.40', '3.00', '862.20', '0.00', 0),
(96, 'PO-200100001', 'WA-3315N-RR-7L', 'เสื้อโปโลเบสิก WA-3315N-RR-7L', 'WA-3315N', '287.40', '3.00', '862.20', '0.00', 0),
(97, 'PO-200100001', 'WA-3315N-VV-7L', 'เสื้อโปโลเบสิก WA-3315N-VV-7L', 'WA-3315N', '287.40', '3.00', '862.20', '0.00', 0),
(98, 'PO-200100001', 'WA-3315N-WW-7L', 'เสื้อโปโลเบสิก WA-3315N-WW-7L', 'WA-3315N', '287.40', '3.00', '862.20', '0.00', 0),
(99, 'PO-200100001', 'WA-3315N-YY-7L', 'เสื้อโปโลเบสิก WA-3315N-YY-7L', 'WA-3315N', '287.40', '3.00', '862.20', '0.00', 0),
(100, 'PO-200400001', 'RAX015-LP/A-S', 'เสื้อกีฬา RAX015 RAX015-LP/A-S', 'RAX015', '77.40', '10.00', '774.00', '0.00', 0),
(101, 'PO-200400001', 'RAX015-LP/A-M', 'เสื้อกีฬา RAX015 RAX015-LP/A-M', 'RAX015', '77.40', '10.00', '774.00', '0.00', 0),
(102, 'PO-200400001', 'RAX015-LP/A-L', 'เสื้อกีฬา RAX015 RAX015-LP/A-L', 'RAX015', '77.40', '10.00', '774.00', '0.00', 0),
(103, 'PO-200400001', 'RAX015-LP/A-XL', 'เสื้อกีฬา RAX015 RAX015-LP/A-XL', 'RAX015', '77.40', '10.00', '774.00', '0.00', 0);

-- --------------------------------------------------------

--
-- Table structure for table `prepare`
--

CREATE TABLE `prepare` (
  `id` int(11) NOT NULL,
  `order_code` varchar(20) NOT NULL,
  `product_code` varchar(50) NOT NULL,
  `zone_code` varchar(20) NOT NULL,
  `qty` decimal(15,2) NOT NULL DEFAULT '1.00',
  `user` varchar(50) DEFAULT NULL,
  `date_upd` timestamp NOT NULL DEFAULT CURRENT_TIMESTAMP ON UPDATE CURRENT_TIMESTAMP
) ENGINE=InnoDB DEFAULT CHARSET=utf8;

--
-- Dumping data for table `prepare`
--

INSERT INTO `prepare` (`id`, `order_code`, `product_code`, `zone_code`, `qty`, `user`, `date_upd`) VALUES
(1, 'WO-200100001', 'A5033-AW-M', '0000', '2.00', 'admin', '2020-01-18 05:42:21'),
(2, 'WO-200100001', 'A5033-BA-M', '0000', '2.00', 'admin', '2020-01-18 05:42:44'),
(3, 'WO-200100001', 'A5033-AW-L', '0000', '5.00', 'admin', '2020-01-18 05:44:02'),
(4, 'WO-200100001', 'A5033-BA-L', '0000', '5.00', 'admin', '2020-01-18 05:44:19'),
(5, 'WO-200100001', 'A5033-AW-XL', '0000', '2.00', 'admin', '2020-01-18 05:44:22'),
(6, 'WO-200100001', 'A5033-BA-XL', '0000', '2.00', 'admin', '2020-01-18 05:44:45'),
(7, 'WO-200100001', 'A5033-AW-XXL', '0000', '1.00', 'admin', '2020-01-18 05:44:45'),
(8, 'WO-200100001', 'A5033-BA-XXL', '0000', '1.00', 'admin', '2020-01-18 05:44:46'),
(9, 'WO-200100002', 'WA-3315N-AA-M', '0000', '2.00', 'admin', '2020-01-19 06:55:46'),
(10, 'WO-200100002', 'WA-3315N-AA-L', '0000', '3.00', 'admin', '2020-01-20 14:16:50'),
(11, 'WO-200100003', 'WA-3315N-BB-M', '0000', '5.00', 'admin', '2020-01-19 06:58:13'),
(12, 'WO-200100003', 'WA-3315N-BB-L', '0000', '5.00', 'admin', '2020-01-19 06:58:57'),
(13, 'WO-200100003', 'WA-3315N-BB-XL', '0000', '5.00', 'admin', '2020-01-19 06:59:02'),
(14, 'WT-200100001', 'WA-3315N-DT-XS', '0000', '2.00', 'admin', '2020-01-19 08:25:47'),
(15, 'WT-200100001', 'WA-3315N-DT-S', '0000', '2.00', 'admin', '2020-01-19 08:25:53'),
(16, 'WT-200100001', 'WA-3315N-DT-M', '0000', '2.00', 'admin', '2020-01-19 08:25:55'),
(17, 'WT-200100001', 'WA-3315N-DT-L', '0000', '2.00', 'admin', '2020-01-19 08:25:56'),
(18, 'WT-200100001', 'WA-3315N-DT-XL', '0000', '2.00', 'admin', '2020-01-19 08:25:58'),
(19, 'WT-200100001', 'WA-3315N-DT-2L', '0000', '2.00', 'admin', '2020-01-19 08:25:59'),
(20, 'WT-200100001', 'WA-3315N-DT-3L', '0000', '2.00', 'admin', '2020-01-19 08:26:00'),
(21, 'WT-200100001', 'WA-3315N-DT-5L', '0000', '2.00', 'admin', '2020-01-19 08:26:02'),
(22, 'WT-200100001', 'WA-3315N-DT-7L', '0000', '2.00', 'admin', '2020-01-19 08:26:03'),
(23, 'WO-200100005', 'A5033-AW-M', '0000', '2.00', 'admin', '2020-01-20 15:25:38'),
(24, 'WO-200100005', 'A5033-AW-L', '0000', '2.00', 'admin', '2020-01-20 15:25:39'),
(25, 'WO-200100005', 'A5033-AW-XL', '0000', '2.00', 'admin', '2020-01-20 15:25:40'),
(26, 'WO-200100006', 'A5033-YA-S', '0000', '2.00', 'admin', '2020-01-22 05:19:29'),
(27, 'WO-200100006', 'A5033-YA-M', '0000', '5.00', 'admin', '2020-01-22 05:19:35'),
(28, 'WO-200100006', 'A5033-YA-L', '0000', '5.00', 'admin', '2020-01-22 05:19:42'),
(29, 'WO-200100006', 'A5033-YA-XL', '0000', '3.00', 'admin', '2020-01-22 05:19:45'),
(30, 'WO-200100006', 'A5033-YA-XXL', '0000', '2.00', 'admin', '2020-01-22 05:19:47'),
(31, 'WO-200100006', 'A5033-YA-3XL', '0000', '2.00', 'admin', '2020-01-22 05:19:48'),
(32, 'WO-200100007', 'WA-3315N-DT-L', '0000', '3.00', 'admin', '2020-01-23 06:34:55'),
(33, 'WO-200100007', 'WA-3315N-DT-XL', '0000', '3.00', 'admin', '2020-01-23 06:34:57'),
(34, 'WO-200100007', 'WA-3315N-DT-2L', '0000', '2.00', 'admin', '2020-01-23 06:35:00'),
(35, 'WO-200100007', 'WA-3315N-DT-3L', '0000', '1.00', 'admin', '2020-01-23 06:35:00'),
(36, 'WO-200500001', 'WA-3315N-AA-XS', '0000', '10.00', 'sutouch', '2020-09-22 03:55:06'),
(37, 'WO-200500001', 'WA-3315N-AA-S', '0000', '10.00', 'sutouch', '2020-09-22 03:55:15'),
(38, 'WO-200500001', 'WA-3315N-AA-M', '0000', '10.00', 'sutouch', '2020-09-22 03:55:24'),
(39, 'WO-200100004', 'A5033-AW-3XL', '0000', '2.00', 'sutouch', '2020-10-07 03:55:28'),
(40, 'WO-200100004', 'A5033-BA-3XL', '0000', '1.00', 'sutouch', '2020-10-07 03:55:43'),
(41, 'WO-201000001', 'WA-3315N-AA-M', '0000', '2.00', 'admin', '2020-10-25 18:49:33'),
(42, 'WO-201000002', 'WA-3315N-BB-M', '0000', '2.00', 'admin', '2020-10-28 05:19:18'),
(43, 'WO-201000002', 'WA-3315N-BB-L', '0000', '2.00', 'admin', '2020-10-28 05:19:20'),
(44, 'WO-201000002', 'WA-3315N-BB-XL', '0000', '2.00', 'admin', '2020-10-28 05:19:23'),
(45, 'WO-201000003', 'WA-3315N-AA-S', '0000', '1.00', 'admin', '2020-10-28 05:59:28'),
(46, 'WO-201000003', 'WA-3315N-AA-M', '0000', '1.00', 'admin', '2020-10-28 05:59:29'),
(47, 'WO-201000003', 'WA-3315N-AA-L', '0000', '1.00', 'admin', '2020-10-28 05:59:30'),
(48, 'WO-201000005', 'WA-3315N-BB-M', '0000', '2.00', 'admin', '2020-10-31 15:41:26'),
(49, 'WO-201000005', 'WA-3315N-BB-L', '0000', '2.00', 'admin', '2020-10-31 15:41:29');

-- --------------------------------------------------------

--
-- Table structure for table `price_logs`
--

CREATE TABLE `price_logs` (
  `id` int(11) NOT NULL,
  `order_code` varchar(20) NOT NULL,
  `product_code` varchar(50) NOT NULL,
  `old_price` decimal(19,2) NOT NULL,
  `new_price` decimal(19,2) NOT NULL,
  `user` varchar(50) NOT NULL,
  `approver` varchar(50) NOT NULL,
  `date_upd` timestamp NOT NULL DEFAULT CURRENT_TIMESTAMP
) ENGINE=InnoDB DEFAULT CHARSET=utf8;

--
-- Dumping data for table `price_logs`
--

INSERT INTO `price_logs` (`id`, `order_code`, `product_code`, `old_price`, `new_price`, `user`, `approver`, `date_upd`) VALUES
(1, 'WO-200100005', 'A5033-AW-M', '198.00', '168.00', 'admin', 'admin', '2020-01-20 06:32:20'),
(2, 'WO-200100005', 'A5033-AW-L', '198.00', '168.00', 'admin', 'admin', '2020-01-20 06:32:20');

-- --------------------------------------------------------

--
-- Table structure for table `products`
--

CREATE TABLE `products` (
  `code` varchar(50) NOT NULL,
  `name` varchar(100) DEFAULT NULL,
  `barcode` varchar(254) DEFAULT NULL,
  `style_code` varchar(50) DEFAULT NULL,
  `color_code` varchar(20) DEFAULT NULL,
  `size_code` varchar(20) DEFAULT NULL,
  `group_code` varchar(20) DEFAULT NULL,
  `sub_group_code` varchar(20) DEFAULT NULL,
  `category_code` varchar(20) DEFAULT NULL,
  `kind_code` varchar(20) DEFAULT NULL,
  `type_code` varchar(20) DEFAULT NULL,
  `brand_code` varchar(20) DEFAULT NULL,
  `year` year(4) DEFAULT NULL,
  `cost` decimal(19,2) NOT NULL DEFAULT '0.00',
  `price` decimal(19,2) NOT NULL DEFAULT '0.00',
  `unit_code` varchar(10) NOT NULL DEFAULT 'PCS',
  `count_stock` tinyint(1) NOT NULL DEFAULT '1',
  `can_sell` tinyint(1) NOT NULL DEFAULT '1',
  `active` tinyint(1) NOT NULL DEFAULT '1',
  `is_api` tinyint(1) NOT NULL DEFAULT '0',
  `is_deleted` tinyint(1) NOT NULL DEFAULT '0',
  `update_user` varchar(50) DEFAULT NULL,
  `date_add` datetime NOT NULL DEFAULT CURRENT_TIMESTAMP,
  `date_upd` timestamp NOT NULL DEFAULT CURRENT_TIMESTAMP ON UPDATE CURRENT_TIMESTAMP
) ENGINE=InnoDB DEFAULT CHARSET=utf8;

--
-- Dumping data for table `products`
--

INSERT INTO `products` (`code`, `name`, `barcode`, `style_code`, `color_code`, `size_code`, `group_code`, `sub_group_code`, `category_code`, `kind_code`, `type_code`, `brand_code`, `year`, `cost`, `price`, `unit_code`, `count_stock`, `can_sell`, `active`, `is_api`, `is_deleted`, `update_user`, `date_add`, `date_upd`) VALUES
('A5033-AW-3XL', 'เสื้อกีฬา Eureka A5033-AW-3XL', 'A5033-AW-3XL', 'A5033', 'AW', '3XL', 'COL', 'OTHER', '001', '001', '001', 'Eureka', 2019, '118.80', '198.00', 'PCS', 1, 1, 1, 0, 0, 'sutouch', '2020-01-15 13:56:18', '2020-11-03 12:36:25'),
('A5033-AW-L', 'เสื้อกีฬา Eureka A5033-AW-L', 'A5033-AW-L', 'A5033', 'AW', 'L', 'COL', 'OTHER', '001', '001', '001', 'Eureka', 2019, '118.80', '198.00', 'PCS', 1, 1, 1, 0, 0, 'sutouch', '2020-01-15 13:56:18', '2020-11-03 12:36:25'),
('A5033-AW-M', 'เสื้อกีฬา Eureka A5033-AW-M', 'A5033-AW-M', 'A5033', 'AW', 'M', 'COL', 'OTHER', '001', '001', '001', 'Eureka', 2019, '118.80', '198.00', 'PCS', 1, 1, 1, 0, 0, 'sutouch', '2020-01-15 13:56:18', '2020-11-03 12:36:25'),
('A5033-AW-S', 'เสื้อกีฬา Eureka A5033-AW-S', 'A5033-AW-S', 'A5033', 'AW', 'S', 'COL', 'OTHER', '001', '001', '001', 'Eureka', 2019, '118.80', '198.00', 'PCS', 1, 1, 1, 0, 0, 'sutouch', '2020-01-15 13:56:18', '2020-11-03 12:36:25'),
('A5033-AW-XL', 'เสื้อกีฬา Eureka A5033-AW-XL', 'A5033-AW-XL', 'A5033', 'AW', 'XL', 'COL', 'OTHER', '001', '001', '001', 'Eureka', 2019, '118.80', '198.00', 'PCS', 1, 1, 1, 0, 0, 'sutouch', '2020-01-15 13:56:18', '2020-11-03 12:36:25'),
('A5033-AW-XXL', 'เสื้อกีฬา Eureka A5033-AW-XXL', 'A5033-AW-XXL', 'A5033', 'AW', 'XXL', 'COL', 'OTHER', '001', '001', '001', 'Eureka', 2019, '118.80', '198.00', 'PCS', 1, 1, 1, 0, 0, 'sutouch', '2020-01-15 13:56:18', '2020-11-03 12:36:25'),
('A5033-BA-3XL', 'เสื้อกีฬา Eureka A5033-BA-3XL', 'A5033-BA-3XL', 'A5033', 'BA', '3XL', 'COL', 'OTHER', '001', '001', '001', 'Eureka', 2019, '118.80', '198.00', 'PCS', 1, 1, 1, 0, 0, 'sutouch', '2020-01-15 13:56:18', '2020-11-03 12:36:25'),
('A5033-BA-L', 'เสื้อกีฬา Eureka A5033-BA-L', 'A5033-BA-L', 'A5033', 'BA', 'L', 'COL', 'OTHER', '001', '001', '001', 'Eureka', 2019, '118.80', '198.00', 'PCS', 1, 1, 1, 0, 0, 'sutouch', '2020-01-15 13:56:18', '2020-11-03 12:36:25'),
('A5033-BA-M', 'เสื้อกีฬา Eureka A5033-BA-M', 'A5033-BA-M', 'A5033', 'BA', 'M', 'COL', 'OTHER', '001', '001', '001', 'Eureka', 2019, '118.80', '198.00', 'PCS', 1, 1, 1, 0, 0, 'sutouch', '2020-01-15 13:56:18', '2020-11-03 12:36:25'),
('A5033-BA-S', 'เสื้อกีฬา Eureka A5033-BA-S', 'A5033-BA-S', 'A5033', 'BA', 'S', 'COL', 'OTHER', '001', '001', '001', 'Eureka', 2019, '118.80', '198.00', 'PCS', 1, 1, 1, 0, 0, 'sutouch', '2020-01-15 13:56:18', '2020-11-03 12:36:25'),
('A5033-BA-XL', 'เสื้อกีฬา Eureka A5033-BA-XL', 'A5033-BA-XL', 'A5033', 'BA', 'XL', 'COL', 'OTHER', '001', '001', '001', 'Eureka', 2019, '118.80', '198.00', 'PCS', 1, 1, 1, 0, 0, 'sutouch', '2020-01-15 13:56:18', '2020-11-03 12:36:25'),
('A5033-BA-XXL', 'เสื้อกีฬา Eureka A5033-BA-XXL', 'A5033-BA-XXL', 'A5033', 'BA', 'XXL', 'COL', 'OTHER', '001', '001', '001', 'Eureka', 2019, '118.80', '198.00', 'PCS', 1, 1, 1, 0, 0, 'sutouch', '2020-01-15 13:56:18', '2020-11-03 12:36:25'),
('A5033-LA-3XL', 'เสื้อกีฬา Eureka A5033-LA-3XL', 'A5033-LA-3XL', 'A5033', 'LA', '3XL', 'COL', 'OTHER', '001', '001', '001', 'Eureka', 2019, '118.80', '198.00', 'PCS', 1, 1, 1, 0, 0, 'sutouch', '2020-01-15 13:56:18', '2020-11-03 12:36:25'),
('A5033-LA-L', 'เสื้อกีฬา Eureka A5033-LA-L', 'A5033-LA-L', 'A5033', 'LA', 'L', 'COL', 'OTHER', '001', '001', '001', 'Eureka', 2019, '118.80', '198.00', 'PCS', 1, 1, 1, 0, 0, 'sutouch', '2020-01-15 13:56:18', '2020-11-03 12:36:25'),
('A5033-LA-M', 'เสื้อกีฬา Eureka A5033-LA-M', 'A5033-LA-M', 'A5033', 'LA', 'M', 'COL', 'OTHER', '001', '001', '001', 'Eureka', 2019, '118.80', '198.00', 'PCS', 1, 1, 1, 0, 0, 'sutouch', '2020-01-15 13:56:18', '2020-11-03 12:36:25'),
('A5033-LA-S', 'เสื้อกีฬา Eureka A5033-LA-S', 'A5033-LA-S', 'A5033', 'LA', 'S', 'COL', 'OTHER', '001', '001', '001', 'Eureka', 2019, '118.80', '198.00', 'PCS', 1, 1, 1, 0, 0, 'sutouch', '2020-01-15 13:56:18', '2020-11-03 12:36:25'),
('A5033-LA-XL', 'เสื้อกีฬา Eureka A5033-LA-XL', 'A5033-LA-XL', 'A5033', 'LA', 'XL', 'COL', 'OTHER', '001', '001', '001', 'Eureka', 2019, '118.80', '198.00', 'PCS', 1, 1, 1, 0, 0, 'sutouch', '2020-01-15 13:56:18', '2020-11-03 12:36:25'),
('A5033-LA-XXL', 'เสื้อกีฬา Eureka A5033-LA-XXL', 'A5033-LA-XXL', 'A5033', 'LA', 'XXL', 'COL', 'OTHER', '001', '001', '001', 'Eureka', 2019, '118.80', '198.00', 'PCS', 1, 1, 1, 0, 0, 'sutouch', '2020-01-15 13:56:18', '2020-11-03 12:36:25'),
('A5033-RA-3XL', 'เสื้อกีฬา Eureka A5033-RA-3XL', 'A5033-RA-3XL', 'A5033', 'RA', '3XL', 'COL', 'OTHER', '001', '001', '001', 'Eureka', 2019, '118.80', '198.00', 'PCS', 1, 1, 1, 0, 0, 'sutouch', '2020-01-15 13:56:18', '2020-11-03 12:36:25'),
('A5033-RA-L', 'เสื้อกีฬา Eureka A5033-RA-L', 'A5033-RA-L', 'A5033', 'RA', 'L', 'COL', 'OTHER', '001', '001', '001', 'Eureka', 2019, '118.80', '198.00', 'PCS', 1, 1, 1, 0, 0, 'sutouch', '2020-01-15 13:56:18', '2020-11-03 12:36:25'),
('A5033-RA-M', 'เสื้อกีฬา Eureka A5033-RA-M', 'A5033-RA-M', 'A5033', 'RA', 'M', 'COL', 'OTHER', '001', '001', '001', 'Eureka', 2019, '118.80', '198.00', 'PCS', 1, 1, 1, 0, 0, 'sutouch', '2020-01-15 13:56:18', '2020-11-03 12:36:25'),
('A5033-RA-S', 'เสื้อกีฬา Eureka A5033-RA-S', 'A5033-RA-S', 'A5033', 'RA', 'S', 'COL', 'OTHER', '001', '001', '001', 'Eureka', 2019, '118.80', '198.00', 'PCS', 1, 1, 1, 0, 0, 'sutouch', '2020-01-15 13:56:18', '2020-11-03 12:36:25'),
('A5033-RA-XL', 'เสื้อกีฬา Eureka A5033-RA-XL', 'A5033-RA-XL', 'A5033', 'RA', 'XL', 'COL', 'OTHER', '001', '001', '001', 'Eureka', 2019, '118.80', '198.00', 'PCS', 1, 1, 1, 0, 0, 'sutouch', '2020-01-15 13:56:18', '2020-11-03 12:36:25'),
('A5033-RA-XXL', 'เสื้อกีฬา Eureka A5033-RA-XXL', 'A5033-RA-XXL', 'A5033', 'RA', 'XXL', 'COL', 'OTHER', '001', '001', '001', 'Eureka', 2019, '118.80', '198.00', 'PCS', 1, 1, 1, 0, 0, 'sutouch', '2020-01-15 13:56:18', '2020-11-03 12:36:25'),
('A5033-RR-3XL', 'เสื้อกีฬา Eureka A5033-RR-3XL', 'A5033-RR-3XL', 'A5033', 'RR', '3XL', 'COL', 'OTHER', '001', '001', '001', 'Eureka', 2019, '118.80', '198.00', 'PCS', 1, 1, 1, 0, 0, 'sutouch', '2020-01-15 13:56:18', '2020-11-03 12:36:25'),
('A5033-RR-L', 'เสื้อกีฬา Eureka A5033-RR-L', 'A5033-RR-L', 'A5033', 'RR', 'L', 'COL', 'OTHER', '001', '001', '001', 'Eureka', 2019, '118.80', '198.00', 'PCS', 1, 1, 1, 0, 0, 'sutouch', '2020-01-15 13:56:18', '2020-11-03 12:36:25'),
('A5033-RR-M', 'เสื้อกีฬา Eureka A5033-RR-M', 'A5033-RR-M', 'A5033', 'RR', 'M', 'COL', 'OTHER', '001', '001', '001', 'Eureka', 2019, '118.80', '198.00', 'PCS', 1, 1, 1, 0, 0, 'sutouch', '2020-01-15 13:56:18', '2020-11-03 12:36:25'),
('A5033-RR-S', 'เสื้อกีฬา Eureka A5033-RR-S', 'A5033-RR-S', 'A5033', 'RR', 'S', 'COL', 'OTHER', '001', '001', '001', 'Eureka', 2019, '118.80', '198.00', 'PCS', 1, 1, 1, 0, 0, 'sutouch', '2020-01-15 13:56:18', '2020-11-03 12:36:25'),
('A5033-RR-XL', 'เสื้อกีฬา Eureka A5033-RR-XL', 'A5033-RR-XL', 'A5033', 'RR', 'XL', 'COL', 'OTHER', '001', '001', '001', 'Eureka', 2019, '118.80', '198.00', 'PCS', 1, 1, 1, 0, 0, 'sutouch', '2020-01-15 13:56:18', '2020-11-03 12:36:25'),
('A5033-RR-XXL', 'เสื้อกีฬา Eureka A5033-RR-XXL', 'A5033-RR-XXL', 'A5033', 'RR', 'XXL', 'COL', 'OTHER', '001', '001', '001', 'Eureka', 2019, '118.80', '198.00', 'PCS', 1, 1, 1, 0, 0, 'sutouch', '2020-01-15 13:56:18', '2020-11-03 12:36:25'),
('A5033-WA-3XL', 'เสื้อกีฬา Eureka A5033-WA-3XL', 'A5033-WA-3XL', 'A5033', 'WA', '3XL', 'COL', 'OTHER', '001', '001', '001', 'Eureka', 2019, '118.80', '198.00', 'PCS', 1, 1, 1, 0, 0, 'sutouch', '2020-01-15 13:56:18', '2020-11-03 12:36:25'),
('A5033-WA-L', 'เสื้อกีฬา Eureka A5033-WA-L', 'A5033-WA-L', 'A5033', 'WA', 'L', 'COL', 'OTHER', '001', '001', '001', 'Eureka', 2019, '118.80', '198.00', 'PCS', 1, 1, 1, 0, 0, 'sutouch', '2020-01-15 13:56:18', '2020-11-03 12:36:25'),
('A5033-WA-M', 'เสื้อกีฬา Eureka A5033-WA-M', 'A5033-WA-M', 'A5033', 'WA', 'M', 'COL', 'OTHER', '001', '001', '001', 'Eureka', 2019, '118.80', '198.00', 'PCS', 1, 1, 1, 0, 0, 'sutouch', '2020-01-15 13:56:18', '2020-11-03 12:36:25'),
('A5033-WA-S', 'เสื้อกีฬา Eureka A5033-WA-S', 'A5033-WA-S', 'A5033', 'WA', 'S', 'COL', 'OTHER', '001', '001', '001', 'Eureka', 2019, '118.80', '198.00', 'PCS', 1, 1, 1, 0, 0, 'sutouch', '2020-01-15 13:56:18', '2020-11-03 12:36:25'),
('A5033-WA-XL', 'เสื้อกีฬา Eureka A5033-WA-XL', 'A5033-WA-XL', 'A5033', 'WA', 'XL', 'COL', 'OTHER', '001', '001', '001', 'Eureka', 2019, '118.80', '198.00', 'PCS', 1, 1, 1, 0, 0, 'sutouch', '2020-01-15 13:56:18', '2020-11-03 12:36:25'),
('A5033-WA-XXL', 'เสื้อกีฬา Eureka A5033-WA-XXL', 'A5033-WA-XXL', 'A5033', 'WA', 'XXL', 'COL', 'OTHER', '001', '001', '001', 'Eureka', 2019, '118.80', '198.00', 'PCS', 1, 1, 1, 0, 0, 'sutouch', '2020-01-15 13:56:18', '2020-11-03 12:36:25'),
('A5033-YA-3XL', 'เสื้อกีฬา Eureka A5033-YA-3XL', 'A5033-YA-3XL', 'A5033', 'YA', '3XL', 'COL', 'OTHER', '001', '001', '001', 'Eureka', 2019, '118.80', '198.00', 'PCS', 1, 1, 1, 0, 0, 'sutouch', '2020-01-15 13:56:18', '2020-11-03 12:36:25'),
('A5033-YA-L', 'เสื้อกีฬา Eureka A5033-YA-L', 'A5033-YA-L', 'A5033', 'YA', 'L', 'COL', 'OTHER', '001', '001', '001', 'Eureka', 2019, '118.80', '198.00', 'PCS', 1, 1, 1, 0, 0, 'sutouch', '2020-01-15 13:56:18', '2020-11-03 12:36:25'),
('A5033-YA-M', 'เสื้อกีฬา Eureka A5033-YA-M', 'A5033-YA-M', 'A5033', 'YA', 'M', 'COL', 'OTHER', '001', '001', '001', 'Eureka', 2019, '118.80', '198.00', 'PCS', 1, 1, 1, 0, 0, 'sutouch', '2020-01-15 13:56:18', '2020-11-03 12:36:25'),
('A5033-YA-S', 'เสื้อกีฬา Eureka A5033-YA-S', 'A5033-YA-S', 'A5033', 'YA', 'S', 'COL', 'OTHER', '001', '001', '001', 'Eureka', 2019, '118.80', '198.00', 'PCS', 1, 1, 1, 0, 0, 'sutouch', '2020-01-15 13:56:18', '2020-11-03 12:36:25'),
('A5033-YA-XL', 'เสื้อกีฬา Eureka A5033-YA-XL', 'A5033-YA-XL', 'A5033', 'YA', 'XL', 'COL', 'OTHER', '001', '001', '001', 'Eureka', 2019, '118.80', '198.00', 'PCS', 1, 1, 1, 0, 0, 'sutouch', '2020-01-15 13:56:18', '2020-11-03 12:36:25'),
('A5033-YA-XXL', 'เสื้อกีฬา Eureka A5033-YA-XXL', 'A5033-YA-XXL', 'A5033', 'YA', 'XXL', 'COL', 'OTHER', '001', '001', '001', 'Eureka', 2019, '118.80', '198.00', 'PCS', 1, 1, 1, 0, 0, 'sutouch', '2020-01-15 13:56:18', '2020-11-03 12:36:25'),
('FLEX-00-00', 'ค่าบริการเฟล็ก FLEX-00-00', NULL, 'FLEX', '00', 'F', 'SERV', 'OTHER', '000', '000', 'OTHER', '00', 2020, '0.00', '50.00', 'PCS', 0, 1, 1, 0, 0, 'admin', '2020-01-16 15:43:15', '2020-04-29 02:39:32'),
('RAX015-LP/A-L', 'เสื้อกีฬา RAX015 RAX015-LP/A-L', 'RAX015-LP/A-L', 'RAX015', 'LPA', 'L', 'COL', 'OTHER', '001', '001', '001', '00', 2020, '77.40', '129.00', 'PCS', 1, 1, 1, 0, 0, 'admin', '2020-03-30 17:41:54', '2020-11-03 12:36:25'),
('RAX015-LP/A-M', 'เสื้อกีฬา RAX015 RAX015-LP/A-M', 'RAX015-LP/A-M', 'RAX015', 'LPA', 'M', 'COL', 'OTHER', '001', '001', '001', '00', 2020, '77.40', '129.00', 'PCS', 1, 1, 1, 0, 0, 'admin', '2020-03-30 17:41:54', '2020-11-03 12:36:25'),
('RAX015-LP/A-S', 'เสื้อกีฬา RAX015 RAX015-LP/A-S', 'RAX015-LP/A-S', 'RAX015', 'LPA', 'S', 'COL', 'OTHER', '001', '001', '001', '00', 2020, '77.40', '129.00', 'PCS', 1, 1, 1, 0, 0, 'admin', '2020-03-30 17:41:54', '2020-11-03 12:36:25'),
('RAX015-LP/A-XL', 'เสื้อกีฬา RAX015 RAX015-LP/A-XL', 'RAX015-LP/A-XL', 'RAX015', 'LPA', 'XL', 'COL', 'OTHER', '001', '001', '001', '00', 2020, '77.40', '129.00', 'PCS', 1, 1, 1, 0, 0, 'admin', '2020-03-30 17:41:54', '2020-11-03 12:36:25'),
('WA-3315N-AA-2L', 'เสื้อโปโลเบสิก WA-3315N-AA-2L', 'WA-3315N-AA-2L', 'WA-3315N', 'AA', '2L', 'COL', 'OTHER', '001', '002', '001', 'Warrix', 0000, '227.40', '379.00', 'PCS', 1, 1, 1, 0, 0, 'admin', '2020-01-15 13:07:13', '2020-11-03 12:36:25'),
('WA-3315N-AA-3L', 'เสื้อโปโลเบสิก WA-3315N-AA-3L', 'WA-3315N-AA-3L', 'WA-3315N', 'AA', '3L', 'COL', 'OTHER', '001', '002', '001', 'Warrix', 0000, '227.40', '379.00', 'PCS', 1, 1, 1, 0, 0, 'admin', '2020-01-15 13:07:13', '2020-11-03 12:36:25'),
('WA-3315N-AA-5L', 'เสื้อโปโลเบสิก WA-3315N-AA-5L', 'WA-3315N-AA-5L', 'WA-3315N', 'AA', '5L', 'COL', 'OTHER', '001', '002', '001', 'Warrix', 0000, '287.40', '439.00', 'PCS', 1, 1, 1, 0, 0, 'admin', '2020-01-15 13:07:13', '2020-11-03 12:36:25'),
('WA-3315N-AA-7L', 'เสื้อโปโลเบสิก WA-3315N-AA-7L', 'WA-3315N-AA-7L', 'WA-3315N', 'AA', '7L', 'COL', 'OTHER', '001', '002', '001', 'Warrix', 0000, '287.40', '439.00', 'PCS', 1, 1, 1, 0, 0, 'admin', '2020-01-15 13:07:13', '2020-11-03 12:36:25'),
('WA-3315N-AA-L', 'เสื้อโปโลเบสิก WA-3315N-AA-L', 'WA-3315N-AA-L', 'WA-3315N', 'AA', 'L', 'COL', 'OTHER', '001', '002', '001', 'Warrix', 0000, '227.40', '379.00', 'PCS', 1, 1, 1, 0, 0, 'admin', '2020-01-15 13:07:13', '2020-11-03 12:36:25'),
('WA-3315N-AA-M', 'เสื้อโปโลเบสิก WA-3315N-AA-M', 'WA-3315N-AA-M', 'WA-3315N', 'AA', 'M', 'COL', 'OTHER', '001', '002', '001', 'Warrix', 0000, '227.40', '379.00', 'PCS', 1, 1, 1, 0, 0, 'admin', '2020-01-15 13:07:13', '2020-11-03 12:36:25'),
('WA-3315N-AA-S', 'เสื้อโปโลเบสิก WA-3315N-AA-S', 'WA-3315N-AA-S', 'WA-3315N', 'AA', 'S', 'COL', 'OTHER', '001', '002', '001', 'Warrix', 0000, '227.40', '379.00', 'PCS', 1, 1, 1, 0, 0, 'admin', '2020-01-15 13:07:13', '2020-11-03 12:36:25'),
('WA-3315N-AA-XL', 'เสื้อโปโลเบสิก WA-3315N-AA-XL', 'WA-3315N-AA-XL', 'WA-3315N', 'AA', 'XL', 'COL', 'OTHER', '001', '002', '001', 'Warrix', 0000, '227.40', '379.00', 'PCS', 1, 1, 1, 0, 0, 'admin', '2020-01-15 13:07:13', '2020-11-03 12:36:25'),
('WA-3315N-AA-XS', 'เสื้อโปโลเบสิก WA-3315N-AA-XS', 'WA-3315N-AA-XS', 'WA-3315N', 'AA', 'XS', 'COL', 'OTHER', '001', '002', '001', 'Warrix', 0000, '227.40', '379.00', 'PCS', 1, 1, 1, 0, 0, 'admin', '2020-01-15 13:07:13', '2020-11-03 12:36:25'),
('WA-3315N-BB-2L', 'เสื้อโปโลเบสิก WA-3315N-BB-2L', 'WA-3315N-BB-2L', 'WA-3315N', 'BB', '2L', 'COL', 'OTHER', '001', '002', '001', 'Warrix', 0000, '227.40', '379.00', 'PCS', 1, 1, 1, 0, 0, 'admin', '2020-01-15 13:07:13', '2020-11-03 12:36:25'),
('WA-3315N-BB-3L', 'เสื้อโปโลเบสิก WA-3315N-BB-3L', 'WA-3315N-BB-3L', 'WA-3315N', 'BB', '3L', 'COL', 'OTHER', '001', '002', '001', 'Warrix', 0000, '227.40', '379.00', 'PCS', 1, 1, 1, 0, 0, 'admin', '2020-01-15 13:07:13', '2020-11-03 12:36:25'),
('WA-3315N-BB-5L', 'เสื้อโปโลเบสิก WA-3315N-BB-5L', 'WA-3315N-BB-5L', 'WA-3315N', 'BB', '5L', 'COL', 'OTHER', '001', '002', '001', 'Warrix', 0000, '287.40', '439.00', 'PCS', 1, 1, 1, 0, 0, 'admin', '2020-01-15 13:07:13', '2020-11-03 12:36:25'),
('WA-3315N-BB-7L', 'เสื้อโปโลเบสิก WA-3315N-BB-7L', 'WA-3315N-BB-7L', 'WA-3315N', 'BB', '7L', 'COL', 'OTHER', '001', '002', '001', 'Warrix', 0000, '287.40', '439.00', 'PCS', 1, 1, 1, 0, 0, 'admin', '2020-01-15 13:07:13', '2020-11-03 12:36:25'),
('WA-3315N-BB-L', 'เสื้อโปโลเบสิก WA-3315N-BB-L', 'WA-3315N-BB-L', 'WA-3315N', 'BB', 'L', 'COL', 'OTHER', '001', '002', '001', 'Warrix', 0000, '227.40', '379.00', 'PCS', 1, 1, 1, 0, 0, 'admin', '2020-01-15 13:07:13', '2020-11-03 12:36:25'),
('WA-3315N-BB-M', 'เสื้อโปโลเบสิก WA-3315N-BB-M', 'WA-3315N-BB-M', 'WA-3315N', 'BB', 'M', 'COL', 'OTHER', '001', '002', '001', 'Warrix', 0000, '227.40', '379.00', 'PCS', 1, 1, 1, 0, 0, 'admin', '2020-01-15 13:07:13', '2020-11-03 12:36:25'),
('WA-3315N-BB-S', 'เสื้อโปโลเบสิก WA-3315N-BB-S', 'WA-3315N-BB-S', 'WA-3315N', 'BB', 'S', 'COL', 'OTHER', '001', '002', '001', 'Warrix', 0000, '227.40', '379.00', 'PCS', 1, 1, 1, 0, 0, 'admin', '2020-01-15 13:07:13', '2020-11-03 12:36:25'),
('WA-3315N-BB-XL', 'เสื้อโปโลเบสิก WA-3315N-BB-XL', 'WA-3315N-BB-XL', 'WA-3315N', 'BB', 'XL', 'COL', 'OTHER', '001', '002', '001', 'Warrix', 0000, '227.40', '379.00', 'PCS', 1, 1, 1, 0, 0, 'admin', '2020-01-15 13:07:13', '2020-11-03 12:36:25'),
('WA-3315N-BB-XS', 'เสื้อโปโลเบสิก WA-3315N-BB-XS', 'WA-3315N-BB-XS', 'WA-3315N', 'BB', 'XS', 'COL', 'OTHER', '001', '002', '001', 'Warrix', 0000, '227.40', '379.00', 'PCS', 1, 1, 1, 0, 0, 'admin', '2020-01-15 13:07:13', '2020-11-03 12:36:25'),
('WA-3315N-DT-2L', 'เสื้อโปโลเบสิก WA-3315N-DT-2L', 'WA-3315N-DT-2L', 'WA-3315N', 'DT', '2L', 'COL', 'OTHER', '001', '002', '001', 'Warrix', 0000, '227.40', '379.00', 'PCS', 1, 1, 1, 0, 0, 'admin', '2020-01-15 13:07:13', '2020-11-03 12:36:25'),
('WA-3315N-DT-3L', 'เสื้อโปโลเบสิก WA-3315N-DT-3L', 'WA-3315N-DT-3L', 'WA-3315N', 'DT', '3L', 'COL', 'OTHER', '001', '002', '001', 'Warrix', 0000, '227.40', '379.00', 'PCS', 1, 1, 1, 0, 0, 'admin', '2020-01-15 13:07:13', '2020-11-03 12:36:25'),
('WA-3315N-DT-5L', 'เสื้อโปโลเบสิก WA-3315N-DT-5L', 'WA-3315N-DT-5L', 'WA-3315N', 'DT', '5L', 'COL', 'OTHER', '001', '002', '001', 'Warrix', 0000, '287.40', '439.00', 'PCS', 1, 1, 1, 0, 0, 'admin', '2020-01-15 13:07:13', '2020-11-03 12:36:25'),
('WA-3315N-DT-7L', 'เสื้อโปโลเบสิก WA-3315N-DT-7L', 'WA-3315N-DT-7L', 'WA-3315N', 'DT', '7L', 'COL', 'OTHER', '001', '002', '001', 'Warrix', 0000, '287.40', '439.00', 'PCS', 1, 1, 1, 0, 0, 'admin', '2020-01-15 13:07:13', '2020-11-03 12:36:25'),
('WA-3315N-DT-L', 'เสื้อโปโลเบสิก WA-3315N-DT-L', 'WA-3315N-DT-L', 'WA-3315N', 'DT', 'L', 'COL', 'OTHER', '001', '002', '001', 'Warrix', 0000, '227.40', '379.00', 'PCS', 1, 1, 1, 0, 0, 'admin', '2020-01-15 13:07:13', '2020-11-03 12:36:25'),
('WA-3315N-DT-M', 'เสื้อโปโลเบสิก WA-3315N-DT-M', 'WA-3315N-DT-M', 'WA-3315N', 'DT', 'M', 'COL', 'OTHER', '001', '002', '001', 'Warrix', 0000, '227.40', '379.00', 'PCS', 1, 1, 1, 0, 0, 'admin', '2020-01-15 13:07:13', '2020-11-03 12:36:25'),
('WA-3315N-DT-S', 'เสื้อโปโลเบสิก WA-3315N-DT-S', 'WA-3315N-DT-S', 'WA-3315N', 'DT', 'S', 'COL', 'OTHER', '001', '002', '001', 'Warrix', 0000, '227.40', '379.00', 'PCS', 1, 1, 1, 0, 0, 'admin', '2020-01-15 13:07:13', '2020-11-03 12:36:25'),
('WA-3315N-DT-XL', 'เสื้อโปโลเบสิก WA-3315N-DT-XL', 'WA-3315N-DT-XL', 'WA-3315N', 'DT', 'XL', 'COL', 'OTHER', '001', '002', '001', 'Warrix', 0000, '227.40', '379.00', 'PCS', 1, 1, 1, 0, 0, 'admin', '2020-01-15 13:07:13', '2020-11-03 12:36:25'),
('WA-3315N-DT-XS', 'เสื้อโปโลเบสิก WA-3315N-DT-XS', 'WA-3315N-DT-XS', 'WA-3315N', 'DT', 'XS', 'COL', 'OTHER', '001', '002', '001', 'Warrix', 0000, '227.40', '379.00', 'PCS', 1, 1, 1, 0, 0, 'admin', '2020-01-15 13:07:13', '2020-11-03 12:36:25'),
('WA-3315N-EE-2L', 'เสื้อโปโลเบสิก WA-3315N-EE-2L', 'WA-3315N-EE-2L', 'WA-3315N', 'EE', '2L', 'COL', 'OTHER', '001', '002', '001', 'Warrix', 0000, '227.40', '379.00', 'PCS', 1, 1, 1, 0, 0, 'admin', '2020-01-15 13:07:13', '2020-11-03 12:36:25'),
('WA-3315N-EE-3L', 'เสื้อโปโลเบสิก WA-3315N-EE-3L', 'WA-3315N-EE-3L', 'WA-3315N', 'EE', '3L', 'COL', 'OTHER', '001', '002', '001', 'Warrix', 0000, '227.40', '379.00', 'PCS', 1, 1, 1, 0, 0, 'admin', '2020-01-15 13:07:13', '2020-11-03 12:36:25'),
('WA-3315N-EE-5L', 'เสื้อโปโลเบสิก WA-3315N-EE-5L', 'WA-3315N-EE-5L', 'WA-3315N', 'EE', '5L', 'COL', 'OTHER', '001', '002', '001', 'Warrix', 0000, '287.40', '439.00', 'PCS', 1, 1, 1, 0, 0, 'admin', '2020-01-15 13:07:13', '2020-11-03 12:36:25'),
('WA-3315N-EE-7L', 'เสื้อโปโลเบสิก WA-3315N-EE-7L', 'WA-3315N-EE-7L', 'WA-3315N', 'EE', '7L', 'COL', 'OTHER', '001', '002', '001', 'Warrix', 0000, '287.40', '439.00', 'PCS', 1, 1, 1, 0, 0, 'admin', '2020-01-15 13:07:13', '2020-11-03 12:36:25'),
('WA-3315N-EE-L', 'เสื้อโปโลเบสิก WA-3315N-EE-L', 'WA-3315N-EE-L', 'WA-3315N', 'EE', 'L', 'COL', 'OTHER', '001', '002', '001', 'Warrix', 0000, '227.40', '379.00', 'PCS', 1, 1, 1, 0, 0, 'admin', '2020-01-15 13:07:13', '2020-11-03 12:36:25'),
('WA-3315N-EE-M', 'เสื้อโปโลเบสิก WA-3315N-EE-M', 'WA-3315N-EE-M', 'WA-3315N', 'EE', 'M', 'COL', 'OTHER', '001', '002', '001', 'Warrix', 0000, '227.40', '379.00', 'PCS', 1, 1, 1, 0, 0, 'admin', '2020-01-15 13:07:13', '2020-11-03 12:36:25'),
('WA-3315N-EE-S', 'เสื้อโปโลเบสิก WA-3315N-EE-S', 'WA-3315N-EE-S', 'WA-3315N', 'EE', 'S', 'COL', 'OTHER', '001', '002', '001', 'Warrix', 0000, '227.40', '379.00', 'PCS', 1, 1, 1, 0, 0, 'admin', '2020-01-15 13:07:13', '2020-11-03 12:36:25'),
('WA-3315N-EE-XL', 'เสื้อโปโลเบสิก WA-3315N-EE-XL', 'WA-3315N-EE-XL', 'WA-3315N', 'EE', 'XL', 'COL', 'OTHER', '001', '002', '001', 'Warrix', 0000, '227.40', '379.00', 'PCS', 1, 1, 1, 0, 0, 'admin', '2020-01-15 13:07:13', '2020-11-03 12:36:25'),
('WA-3315N-EE-XS', 'เสื้อโปโลเบสิก WA-3315N-EE-XS', 'WA-3315N-EE-XS', 'WA-3315N', 'EE', 'XS', 'COL', 'OTHER', '001', '002', '001', 'Warrix', 0000, '227.40', '379.00', 'PCS', 1, 1, 1, 0, 0, 'admin', '2020-01-15 13:07:13', '2020-11-03 12:36:25'),
('WA-3315N-LL-2L', 'เสื้อโปโลเบสิก WA-3315N-LL-2L', 'WA-3315N-LL-2L', 'WA-3315N', 'LL', '2L', 'COL', 'OTHER', '001', '002', '001', 'Warrix', 0000, '227.40', '379.00', 'PCS', 1, 1, 1, 0, 0, 'admin', '2020-01-15 13:07:13', '2020-11-03 12:36:25'),
('WA-3315N-LL-3L', 'เสื้อโปโลเบสิก WA-3315N-LL-3L', 'WA-3315N-LL-3L', 'WA-3315N', 'LL', '3L', 'COL', 'OTHER', '001', '002', '001', 'Warrix', 0000, '227.40', '379.00', 'PCS', 1, 1, 1, 0, 0, 'admin', '2020-01-15 13:07:13', '2020-11-03 12:36:25'),
('WA-3315N-LL-5L', 'เสื้อโปโลเบสิก WA-3315N-LL-5L', 'WA-3315N-LL-5L', 'WA-3315N', 'LL', '5L', 'COL', 'OTHER', '001', '002', '001', 'Warrix', 0000, '287.40', '439.00', 'PCS', 1, 1, 1, 0, 0, 'admin', '2020-01-15 13:07:13', '2020-11-03 12:36:25'),
('WA-3315N-LL-7L', 'เสื้อโปโลเบสิก WA-3315N-LL-7L', 'WA-3315N-LL-7L', 'WA-3315N', 'LL', '7L', 'COL', 'OTHER', '001', '002', '001', 'Warrix', 0000, '287.40', '439.00', 'PCS', 1, 1, 1, 0, 0, 'admin', '2020-01-15 13:07:13', '2020-11-03 12:36:25'),
('WA-3315N-LL-L', 'เสื้อโปโลเบสิก WA-3315N-LL-L', 'WA-3315N-LL-L', 'WA-3315N', 'LL', 'L', 'COL', 'OTHER', '001', '002', '001', 'Warrix', 0000, '227.40', '379.00', 'PCS', 1, 1, 1, 0, 0, 'admin', '2020-01-15 13:07:13', '2020-11-03 12:36:25'),
('WA-3315N-LL-M', 'เสื้อโปโลเบสิก WA-3315N-LL-M', 'WA-3315N-LL-M', 'WA-3315N', 'LL', 'M', 'COL', 'OTHER', '001', '002', '001', 'Warrix', 0000, '227.40', '379.00', 'PCS', 1, 1, 1, 0, 0, 'admin', '2020-01-15 13:07:13', '2020-11-03 12:36:25'),
('WA-3315N-LL-S', 'เสื้อโปโลเบสิก WA-3315N-LL-S', 'WA-3315N-LL-S', 'WA-3315N', 'LL', 'S', 'COL', 'OTHER', '001', '002', '001', 'Warrix', 0000, '227.40', '379.00', 'PCS', 1, 1, 1, 0, 0, 'admin', '2020-01-15 13:07:13', '2020-11-03 12:36:25'),
('WA-3315N-LL-XL', 'เสื้อโปโลเบสิก WA-3315N-LL-XL', 'WA-3315N-LL-XL', 'WA-3315N', 'LL', 'XL', 'COL', 'OTHER', '001', '002', '001', 'Warrix', 0000, '227.40', '379.00', 'PCS', 1, 1, 1, 0, 0, 'admin', '2020-01-15 13:07:13', '2020-11-03 12:36:25'),
('WA-3315N-LL-XS', 'เสื้อโปโลเบสิก WA-3315N-LL-XS', 'WA-3315N-LL-XS', 'WA-3315N', 'LL', 'XS', 'COL', 'OTHER', '001', '002', '001', 'Warrix', 0000, '227.40', '379.00', 'PCS', 1, 1, 1, 0, 0, 'admin', '2020-01-15 13:07:13', '2020-11-03 12:36:25'),
('WA-3315N-NN-2L', 'เสื้อโปโลเบสิก WA-3315N-NN-2L', 'WA-3315N-NN-2L', 'WA-3315N', 'NN', '2L', 'COL', 'OTHER', '001', '002', '001', 'Warrix', 0000, '227.40', '379.00', 'PCS', 1, 1, 1, 0, 0, 'admin', '2020-01-15 13:07:13', '2020-11-03 12:36:25'),
('WA-3315N-NN-3L', 'เสื้อโปโลเบสิก WA-3315N-NN-3L', 'WA-3315N-NN-3L', 'WA-3315N', 'NN', '3L', 'COL', 'OTHER', '001', '002', '001', 'Warrix', 0000, '227.40', '379.00', 'PCS', 1, 1, 1, 0, 0, 'admin', '2020-01-15 13:07:13', '2020-11-03 12:36:25'),
('WA-3315N-NN-5L', 'เสื้อโปโลเบสิก WA-3315N-NN-5L', 'WA-3315N-NN-5L', 'WA-3315N', 'NN', '5L', 'COL', 'OTHER', '001', '002', '001', 'Warrix', 0000, '287.40', '439.00', 'PCS', 1, 1, 1, 0, 0, 'admin', '2020-01-15 13:07:13', '2020-11-03 12:36:25'),
('WA-3315N-NN-7L', 'เสื้อโปโลเบสิก WA-3315N-NN-7L', 'WA-3315N-NN-7L', 'WA-3315N', 'NN', '7L', 'COL', 'OTHER', '001', '002', '001', 'Warrix', 0000, '287.40', '439.00', 'PCS', 1, 1, 1, 0, 0, 'admin', '2020-01-15 13:07:13', '2020-11-03 12:36:25'),
('WA-3315N-NN-L', 'เสื้อโปโลเบสิก WA-3315N-NN-L', 'WA-3315N-NN-L', 'WA-3315N', 'NN', 'L', 'COL', 'OTHER', '001', '002', '001', 'Warrix', 0000, '227.40', '379.00', 'PCS', 1, 1, 1, 0, 0, 'admin', '2020-01-15 13:07:13', '2020-11-03 12:36:25'),
('WA-3315N-NN-M', 'เสื้อโปโลเบสิก WA-3315N-NN-M', 'WA-3315N-NN-M', 'WA-3315N', 'NN', 'M', 'COL', 'OTHER', '001', '002', '001', 'Warrix', 0000, '227.40', '379.00', 'PCS', 1, 1, 1, 0, 0, 'admin', '2020-01-15 13:07:13', '2020-11-03 12:36:25'),
('WA-3315N-NN-S', 'เสื้อโปโลเบสิก WA-3315N-NN-S', 'WA-3315N-NN-S', 'WA-3315N', 'NN', 'S', 'COL', 'OTHER', '001', '002', '001', 'Warrix', 0000, '227.40', '379.00', 'PCS', 1, 1, 1, 0, 0, 'admin', '2020-01-15 13:07:13', '2020-11-03 12:36:25'),
('WA-3315N-NN-XL', 'เสื้อโปโลเบสิก WA-3315N-NN-XL', 'WA-3315N-NN-XL', 'WA-3315N', 'NN', 'XL', 'COL', 'OTHER', '001', '002', '001', 'Warrix', 0000, '227.40', '379.00', 'PCS', 1, 1, 1, 0, 0, 'admin', '2020-01-15 13:07:13', '2020-11-03 12:36:25'),
('WA-3315N-NN-XS', 'เสื้อโปโลเบสิก WA-3315N-NN-XS', 'WA-3315N-NN-XS', 'WA-3315N', 'NN', 'XS', 'COL', 'OTHER', '001', '002', '001', 'Warrix', 0000, '227.40', '379.00', 'PCS', 1, 1, 1, 0, 0, 'admin', '2020-01-15 13:07:13', '2020-11-03 12:36:25'),
('WA-3315N-OO-2L', 'เสื้อโปโลเบสิก WA-3315N-OO-2L', 'WA-3315N-OO-2L', 'WA-3315N', 'OO', '2L', 'COL', 'OTHER', '001', '002', '001', 'Warrix', 0000, '227.40', '379.00', 'PCS', 1, 1, 1, 0, 0, 'admin', '2020-01-15 13:07:13', '2020-11-03 12:36:25'),
('WA-3315N-OO-3L', 'เสื้อโปโลเบสิก WA-3315N-OO-3L', 'WA-3315N-OO-3L', 'WA-3315N', 'OO', '3L', 'COL', 'OTHER', '001', '002', '001', 'Warrix', 0000, '227.40', '379.00', 'PCS', 1, 1, 1, 0, 0, 'admin', '2020-01-15 13:07:13', '2020-11-03 12:36:25'),
('WA-3315N-OO-5L', 'เสื้อโปโลเบสิก WA-3315N-OO-5L', 'WA-3315N-OO-5L', 'WA-3315N', 'OO', '5L', 'COL', 'OTHER', '001', '002', '001', 'Warrix', 0000, '287.40', '439.00', 'PCS', 1, 1, 1, 0, 0, 'admin', '2020-01-15 13:07:13', '2020-11-03 12:36:25'),
('WA-3315N-OO-7L', 'เสื้อโปโลเบสิก WA-3315N-OO-7L', 'WA-3315N-OO-7L', 'WA-3315N', 'OO', '7L', 'COL', 'OTHER', '001', '002', '001', 'Warrix', 0000, '287.40', '439.00', 'PCS', 1, 1, 1, 0, 0, 'admin', '2020-01-15 13:07:13', '2020-11-03 12:36:25'),
('WA-3315N-OO-L', 'เสื้อโปโลเบสิก WA-3315N-OO-L', 'WA-3315N-OO-L', 'WA-3315N', 'OO', 'L', 'COL', 'OTHER', '001', '002', '001', 'Warrix', 0000, '227.40', '379.00', 'PCS', 1, 1, 1, 0, 0, 'admin', '2020-01-15 13:07:13', '2020-11-03 12:36:25'),
('WA-3315N-OO-M', 'เสื้อโปโลเบสิก WA-3315N-OO-M', 'WA-3315N-OO-M', 'WA-3315N', 'OO', 'M', 'COL', 'OTHER', '001', '002', '001', 'Warrix', 0000, '227.40', '379.00', 'PCS', 1, 1, 1, 0, 0, 'admin', '2020-01-15 13:07:13', '2020-11-03 12:36:25'),
('WA-3315N-OO-S', 'เสื้อโปโลเบสิก WA-3315N-OO-S', 'WA-3315N-OO-S', 'WA-3315N', 'OO', 'S', 'COL', 'OTHER', '001', '002', '001', 'Warrix', 0000, '227.40', '379.00', 'PCS', 1, 1, 1, 0, 0, 'admin', '2020-01-15 13:07:13', '2020-11-03 12:36:25'),
('WA-3315N-OO-XL', 'เสื้อโปโลเบสิก WA-3315N-OO-XL', 'WA-3315N-OO-XL', 'WA-3315N', 'OO', 'XL', 'COL', 'OTHER', '001', '002', '001', 'Warrix', 0000, '227.40', '379.00', 'PCS', 1, 1, 1, 0, 0, 'admin', '2020-01-15 13:07:13', '2020-11-03 12:36:25'),
('WA-3315N-OO-XS', 'เสื้อโปโลเบสิก WA-3315N-OO-XS', 'WA-3315N-OO-XS', 'WA-3315N', 'OO', 'XS', 'COL', 'OTHER', '001', '002', '001', 'Warrix', 0000, '227.40', '379.00', 'PCS', 1, 1, 1, 0, 0, 'admin', '2020-01-15 13:07:13', '2020-11-03 12:36:25'),
('WA-3315N-RR-2L', 'เสื้อโปโลเบสิก WA-3315N-RR-2L', 'WA-3315N-RR-2L', 'WA-3315N', 'RR', '2L', 'COL', 'OTHER', '001', '002', '001', 'Warrix', 0000, '227.40', '379.00', 'PCS', 1, 1, 1, 0, 0, 'admin', '2020-01-15 13:07:13', '2020-11-03 12:36:25'),
('WA-3315N-RR-3L', 'เสื้อโปโลเบสิก WA-3315N-RR-3L', 'WA-3315N-RR-3L', 'WA-3315N', 'RR', '3L', 'COL', 'OTHER', '001', '002', '001', 'Warrix', 0000, '227.40', '379.00', 'PCS', 1, 1, 1, 0, 0, 'admin', '2020-01-15 13:07:13', '2020-11-03 12:36:25'),
('WA-3315N-RR-5L', 'เสื้อโปโลเบสิก WA-3315N-RR-5L', 'WA-3315N-RR-5L', 'WA-3315N', 'RR', '5L', 'COL', 'OTHER', '001', '002', '001', 'Warrix', 0000, '287.40', '439.00', 'PCS', 1, 1, 1, 0, 0, 'admin', '2020-01-15 13:07:13', '2020-11-03 12:36:25'),
('WA-3315N-RR-7L', 'เสื้อโปโลเบสิก WA-3315N-RR-7L', 'WA-3315N-RR-7L', 'WA-3315N', 'RR', '7L', 'COL', 'OTHER', '001', '002', '001', 'Warrix', 0000, '287.40', '439.00', 'PCS', 1, 1, 1, 0, 0, 'admin', '2020-01-15 13:07:13', '2020-11-03 12:36:25'),
('WA-3315N-RR-L', 'เสื้อโปโลเบสิก WA-3315N-RR-L', 'WA-3315N-RR-L', 'WA-3315N', 'RR', 'L', 'COL', 'OTHER', '001', '002', '001', 'Warrix', 0000, '227.40', '379.00', 'PCS', 1, 1, 1, 0, 0, 'admin', '2020-01-15 13:07:13', '2020-11-03 12:36:25'),
('WA-3315N-RR-M', 'เสื้อโปโลเบสิก WA-3315N-RR-M', 'WA-3315N-RR-M', 'WA-3315N', 'RR', 'M', 'COL', 'OTHER', '001', '002', '001', 'Warrix', 0000, '227.40', '379.00', 'PCS', 1, 1, 1, 0, 0, 'admin', '2020-01-15 13:07:13', '2020-11-03 12:36:25'),
('WA-3315N-RR-S', 'เสื้อโปโลเบสิก WA-3315N-RR-S', 'WA-3315N-RR-S', 'WA-3315N', 'RR', 'S', 'COL', 'OTHER', '001', '002', '001', 'Warrix', 0000, '227.40', '379.00', 'PCS', 1, 1, 1, 0, 0, 'admin', '2020-01-15 13:07:13', '2020-11-03 12:36:25'),
('WA-3315N-RR-XL', 'เสื้อโปโลเบสิก WA-3315N-RR-XL', 'WA-3315N-RR-XL', 'WA-3315N', 'RR', 'XL', 'COL', 'OTHER', '001', '002', '001', 'Warrix', 0000, '227.40', '379.00', 'PCS', 1, 1, 1, 0, 0, 'admin', '2020-01-15 13:07:13', '2020-11-03 12:36:25'),
('WA-3315N-RR-XS', 'เสื้อโปโลเบสิก WA-3315N-RR-XS', 'WA-3315N-RR-XS', 'WA-3315N', 'RR', 'XS', 'COL', 'OTHER', '001', '002', '001', 'Warrix', 0000, '227.40', '379.00', 'PCS', 1, 1, 1, 0, 0, 'admin', '2020-01-15 13:07:13', '2020-11-03 12:36:25'),
('WA-3315N-VV-2L', 'เสื้อโปโลเบสิก WA-3315N-VV-2L', 'WA-3315N-VV-2L', 'WA-3315N', 'VV', '2L', 'COL', 'OTHER', '001', '002', '001', 'Warrix', 0000, '227.40', '379.00', 'PCS', 1, 1, 1, 0, 0, 'admin', '2020-01-15 13:07:13', '2020-11-03 12:36:25'),
('WA-3315N-VV-3L', 'เสื้อโปโลเบสิก WA-3315N-VV-3L', 'WA-3315N-VV-3L', 'WA-3315N', 'VV', '3L', 'COL', 'OTHER', '001', '002', '001', 'Warrix', 0000, '227.40', '379.00', 'PCS', 1, 1, 1, 0, 0, 'admin', '2020-01-15 13:07:13', '2020-11-03 12:36:25'),
('WA-3315N-VV-5L', 'เสื้อโปโลเบสิก WA-3315N-VV-5L', 'WA-3315N-VV-5L', 'WA-3315N', 'VV', '5L', 'COL', 'OTHER', '001', '002', '001', 'Warrix', 0000, '287.40', '439.00', 'PCS', 1, 1, 1, 0, 0, 'admin', '2020-01-15 13:07:13', '2020-11-03 12:36:25'),
('WA-3315N-VV-7L', 'เสื้อโปโลเบสิก WA-3315N-VV-7L', 'WA-3315N-VV-7L', 'WA-3315N', 'VV', '7L', 'COL', 'OTHER', '001', '002', '001', 'Warrix', 0000, '287.40', '439.00', 'PCS', 1, 1, 1, 0, 0, 'admin', '2020-01-15 13:07:13', '2020-11-03 12:36:25'),
('WA-3315N-VV-L', 'เสื้อโปโลเบสิก WA-3315N-VV-L', 'WA-3315N-VV-L', 'WA-3315N', 'VV', 'L', 'COL', 'OTHER', '001', '002', '001', 'Warrix', 0000, '227.40', '379.00', 'PCS', 1, 1, 1, 0, 0, 'admin', '2020-01-15 13:07:13', '2020-11-03 12:36:25'),
('WA-3315N-VV-M', 'เสื้อโปโลเบสิก WA-3315N-VV-M', 'WA-3315N-VV-M', 'WA-3315N', 'VV', 'M', 'COL', 'OTHER', '001', '002', '001', 'Warrix', 0000, '227.40', '379.00', 'PCS', 1, 1, 1, 0, 0, 'admin', '2020-01-15 13:07:13', '2020-11-03 12:36:25'),
('WA-3315N-VV-S', 'เสื้อโปโลเบสิก WA-3315N-VV-S', 'WA-3315N-VV-S', 'WA-3315N', 'VV', 'S', 'COL', 'OTHER', '001', '002', '001', 'Warrix', 0000, '227.40', '379.00', 'PCS', 1, 1, 1, 0, 0, 'admin', '2020-01-15 13:07:13', '2020-11-03 12:36:25'),
('WA-3315N-VV-XL', 'เสื้อโปโลเบสิก WA-3315N-VV-XL', 'WA-3315N-VV-XL', 'WA-3315N', 'VV', 'XL', 'COL', 'OTHER', '001', '002', '001', 'Warrix', 0000, '227.40', '379.00', 'PCS', 1, 1, 1, 0, 0, 'admin', '2020-01-15 13:07:13', '2020-11-03 12:36:25'),
('WA-3315N-VV-XS', 'เสื้อโปโลเบสิก WA-3315N-VV-XS', 'WA-3315N-VV-XS', 'WA-3315N', 'VV', 'XS', 'COL', 'OTHER', '001', '002', '001', 'Warrix', 0000, '227.40', '379.00', 'PCS', 1, 1, 1, 0, 0, 'admin', '2020-01-15 13:07:13', '2020-11-03 12:36:25'),
('WA-3315N-WW-2L', 'เสื้อโปโลเบสิก WA-3315N-WW-2L', 'WA-3315N-WW-2L', 'WA-3315N', 'WW', '2L', 'COL', 'OTHER', '001', '002', '001', 'Warrix', 0000, '227.40', '379.00', 'PCS', 1, 1, 1, 0, 0, 'admin', '2020-01-15 13:07:13', '2020-11-03 12:36:25'),
('WA-3315N-WW-3L', 'เสื้อโปโลเบสิก WA-3315N-WW-3L', 'WA-3315N-WW-3L', 'WA-3315N', 'WW', '3L', 'COL', 'OTHER', '001', '002', '001', 'Warrix', 0000, '227.40', '379.00', 'PCS', 1, 1, 1, 0, 0, 'admin', '2020-01-15 13:07:13', '2020-11-03 12:36:25'),
('WA-3315N-WW-5L', 'เสื้อโปโลเบสิก WA-3315N-WW-5L', 'WA-3315N-WW-5L', 'WA-3315N', 'WW', '5L', 'COL', 'OTHER', '001', '002', '001', 'Warrix', 0000, '287.40', '439.00', 'PCS', 1, 1, 1, 0, 0, 'admin', '2020-01-15 13:07:13', '2020-11-03 12:36:25'),
('WA-3315N-WW-7L', 'เสื้อโปโลเบสิก WA-3315N-WW-7L', 'WA-3315N-WW-7L', 'WA-3315N', 'WW', '7L', 'COL', 'OTHER', '001', '002', '001', 'Warrix', 0000, '287.40', '439.00', 'PCS', 1, 1, 1, 0, 0, 'admin', '2020-01-15 13:07:13', '2020-11-03 12:36:25'),
('WA-3315N-WW-L', 'เสื้อโปโลเบสิก WA-3315N-WW-L', 'WA-3315N-WW-L', 'WA-3315N', 'WW', 'L', 'COL', 'OTHER', '001', '002', '001', 'Warrix', 0000, '227.40', '379.00', 'PCS', 1, 1, 1, 0, 0, 'admin', '2020-01-15 13:07:13', '2020-11-03 12:36:25'),
('WA-3315N-WW-M', 'เสื้อโปโลเบสิก WA-3315N-WW-M', 'WA-3315N-WW-M', 'WA-3315N', 'WW', 'M', 'COL', 'OTHER', '001', '002', '001', 'Warrix', 0000, '227.40', '379.00', 'PCS', 1, 1, 1, 0, 0, 'admin', '2020-01-15 13:07:13', '2020-11-03 12:36:25'),
('WA-3315N-WW-S', 'เสื้อโปโลเบสิก WA-3315N-WW-S', 'WA-3315N-WW-S', 'WA-3315N', 'WW', 'S', 'COL', 'OTHER', '001', '002', '001', 'Warrix', 0000, '227.40', '379.00', 'PCS', 1, 1, 1, 0, 0, 'admin', '2020-01-15 13:07:13', '2020-11-03 12:36:25'),
('WA-3315N-WW-XL', 'เสื้อโปโลเบสิก WA-3315N-WW-XL', 'WA-3315N-WW-XL', 'WA-3315N', 'WW', 'XL', 'COL', 'OTHER', '001', '002', '001', 'Warrix', 0000, '227.40', '379.00', 'PCS', 1, 1, 1, 0, 0, 'admin', '2020-01-15 13:07:13', '2020-11-03 12:36:25'),
('WA-3315N-WW-XS', 'เสื้อโปโลเบสิก WA-3315N-WW-XS', 'WA-3315N-WW-XS', 'WA-3315N', 'WW', 'XS', 'COL', 'OTHER', '001', '002', '001', 'Warrix', 0000, '227.40', '379.00', 'PCS', 1, 1, 1, 0, 0, 'admin', '2020-01-15 13:07:13', '2020-11-03 12:36:25'),
('WA-3315N-YY-2L', 'เสื้อโปโลเบสิก WA-3315N-YY-2L', 'WA-3315N-YY-2L', 'WA-3315N', 'YY', '2L', 'COL', 'OTHER', '001', '002', '001', 'Warrix', 0000, '227.40', '379.00', 'PCS', 1, 1, 1, 0, 0, 'admin', '2020-01-15 13:07:13', '2020-11-03 12:36:25'),
('WA-3315N-YY-3L', 'เสื้อโปโลเบสิก WA-3315N-YY-3L', 'WA-3315N-YY-3L', 'WA-3315N', 'YY', '3L', 'COL', 'OTHER', '001', '002', '001', 'Warrix', 0000, '227.40', '379.00', 'PCS', 1, 1, 1, 0, 0, 'admin', '2020-01-15 13:07:13', '2020-11-03 12:36:25'),
('WA-3315N-YY-5L', 'เสื้อโปโลเบสิก WA-3315N-YY-5L', 'WA-3315N-YY-5L', 'WA-3315N', 'YY', '5L', 'COL', 'OTHER', '001', '002', '001', 'Warrix', 0000, '287.40', '439.00', 'PCS', 1, 1, 1, 0, 0, 'admin', '2020-01-15 13:07:13', '2020-11-03 12:36:25'),
('WA-3315N-YY-7L', 'เสื้อโปโลเบสิก WA-3315N-YY-7L', 'WA-3315N-YY-7L', 'WA-3315N', 'YY', '7L', 'COL', 'OTHER', '001', '002', '001', 'Warrix', 0000, '287.40', '439.00', 'PCS', 1, 1, 1, 0, 0, 'admin', '2020-01-15 13:07:13', '2020-11-03 12:36:25'),
('WA-3315N-YY-L', 'เสื้อโปโลเบสิก WA-3315N-YY-L', 'WA-3315N-YY-L', 'WA-3315N', 'YY', 'L', 'COL', 'OTHER', '001', '002', '001', 'Warrix', 0000, '227.40', '379.00', 'PCS', 1, 1, 1, 0, 0, 'admin', '2020-01-15 13:07:13', '2020-11-03 12:36:25'),
('WA-3315N-YY-M', 'เสื้อโปโลเบสิก WA-3315N-YY-M', 'WA-3315N-YY-M', 'WA-3315N', 'YY', 'M', 'COL', 'OTHER', '001', '002', '001', 'Warrix', 0000, '227.40', '379.00', 'PCS', 1, 1, 1, 0, 0, 'admin', '2020-01-15 13:07:13', '2020-11-03 12:36:25'),
('WA-3315N-YY-S', 'เสื้อโปโลเบสิก WA-3315N-YY-S', 'WA-3315N-YY-S', 'WA-3315N', 'YY', 'S', 'COL', 'OTHER', '001', '002', '001', 'Warrix', 0000, '227.40', '379.00', 'PCS', 1, 1, 1, 0, 0, 'admin', '2020-01-15 13:07:13', '2020-11-03 12:36:25'),
('WA-3315N-YY-XL', 'เสื้อโปโลเบสิก WA-3315N-YY-XL', 'WA-3315N-YY-XL', 'WA-3315N', 'YY', 'XL', 'COL', 'OTHER', '001', '002', '001', 'Warrix', 0000, '227.40', '379.00', 'PCS', 1, 1, 1, 0, 0, 'admin', '2020-01-15 13:07:13', '2020-11-03 12:36:25'),
('WA-3315N-YY-XS', 'เสื้อโปโลเบสิก WA-3315N-YY-XS', 'WA-3315N-YY-XS', 'WA-3315N', 'YY', 'XS', 'COL', 'OTHER', '001', '002', '001', 'Warrix', 0000, '227.40', '379.00', 'PCS', 1, 1, 1, 0, 0, 'admin', '2020-01-15 13:07:13', '2020-11-03 12:36:25'),
('WA-3318N-AA-2L', 'เสื้อโปโล 3318 WA-3318N-AA-2L', NULL, 'WA-3318N', 'AA.', '2L', 'COL', 'OTHER', '001', '002', 'OTHER', 'Warrix', 2018, '100.00', '399.00', 'PCS', 1, 1, 1, 0, 0, 'admin', '2020-10-14 11:39:13', '2020-11-03 12:36:25'),
('WA-3318N-AA-3L', 'เสื้อโปโล 3318 WA-3318N-AA-3L', NULL, 'WA-3318N', 'AA.', '3L', 'COL', 'OTHER', '001', '002', 'OTHER', 'Warrix', 2018, '100.00', '399.00', 'PCS', 1, 1, 1, 0, 0, 'admin', '2020-10-14 11:39:13', '2020-11-03 12:36:25'),
('WA-3318N-AA-5L', 'เสื้อโปโล 3318 WA-3318N-AA-5L', NULL, 'WA-3318N', 'AA.', '5L', 'COL', 'OTHER', '001', '002', 'OTHER', 'Warrix', 2018, '120.00', '490.00', 'PCS', 1, 1, 1, 0, 0, 'admin', '2020-10-14 11:39:13', '2020-11-03 12:36:25'),
('WA-3318N-AA-7L', 'เสื้อโปโล 3318 WA-3318N-AA-7L', NULL, 'WA-3318N', 'AA.', '7L', 'COL', 'OTHER', '001', '002', 'OTHER', 'Warrix', 2018, '120.00', '490.00', 'PCS', 1, 1, 1, 0, 0, 'admin', '2020-10-14 11:39:13', '2020-11-03 12:36:25'),
('WA-3318N-AA-L', 'เสื้อโปโล 3318 WA-3318N-AA-L', '88587971230004', 'WA-3318N', 'AA.', 'L', 'COL', 'OTHER', '001', '002', 'OTHER', 'Warrix', 2018, '100.00', '399.00', 'PCS', 1, 1, 1, 0, 0, 'admin', '2020-08-08 00:40:21', '2020-11-03 12:36:25'),
('WA-3318N-AA-M', 'เสื้อโปโล 3318 WA-3318N-AA-M', '88587971230005', 'WA-3318N', 'AA.', 'M', 'COL', 'OTHER', '001', '002', 'OTHER', 'Warrix', 2018, '100.00', '399.00', 'PCS', 1, 1, 1, 0, 0, 'admin', '2020-08-08 00:40:21', '2020-11-03 12:36:25'),
('WA-3318N-AA-S', 'เสื้อโปโล 3318 WA-3318N-AA-S', '88587971230006', 'WA-3318N', 'AA.', 'S', 'COL', 'OTHER', '001', '002', 'OTHER', 'Warrix', 2018, '100.00', '399.00', 'PCS', 1, 1, 1, 0, 0, 'admin', '2020-08-08 00:40:21', '2020-11-03 12:36:25'),
('WA-3318N-AA-XL', 'เสื้อโปโล 3318 WA-3318N-AA-XL', NULL, 'WA-3318N', 'AA.', 'XL', 'COL', 'OTHER', '001', '002', 'OTHER', 'Warrix', 2018, '100.00', '399.00', 'PCS', 1, 1, 1, 0, 0, 'admin', '2020-10-14 11:39:13', '2020-11-03 12:36:25'),
('WA-3318N-AA-XS', 'เสื้อโปโล 3318 WA-3318N-AA-XS', '88587971230007', 'WA-3318N', 'AA.', 'XS', 'COL', 'OTHER', '001', '002', 'OTHER', 'Warrix', 2018, '100.00', '399.00', 'PCS', 1, 1, 1, 0, 0, 'admin', '2020-08-08 00:40:21', '2020-11-03 12:36:25'),
('WA-3318N-BB-L', 'เสื้อโปโล 3318 WA-3318N-BB-L', '88587971230008', 'WA-3318N', 'BB.', 'L', 'COL', 'OTHER', '001', '002', 'OTHER', 'Warrix', 2018, '100.00', '399.00', 'PCS', 1, 1, 1, 0, 0, 'admin', '2020-08-08 00:40:21', '2020-11-03 12:36:25'),
('WA-3318N-BB-M', 'เสื้อโปโล 3318 WA-3318N-BB-M', '88587971230009', 'WA-3318N', 'BB.', 'M', 'COL', 'OTHER', '001', '002', 'OTHER', 'Warrix', 2018, '100.00', '399.00', 'PCS', 1, 1, 1, 0, 0, 'admin', '2020-08-08 00:40:21', '2020-11-03 12:36:25'),
('WA-3318N-BB-S', 'เสื้อโปโล 3318 WA-3318N-BB-S', '88587971230010', 'WA-3318N', 'BB.', 'S', 'COL', 'OTHER', '001', '002', 'OTHER', 'Warrix', 2018, '100.00', '399.00', 'PCS', 1, 1, 1, 0, 0, 'admin', '2020-08-08 00:40:21', '2020-11-03 12:36:25'),
('WA-3318N-BB-XS', 'เสื้อโปโล 3318 WA-3318N-BB-XS', '88587971230011', 'WA-3318N', 'BB.', 'XS', 'COL', 'OTHER', '001', '002', 'OTHER', 'Warrix', 2018, '100.00', '399.00', 'PCS', 1, 1, 1, 0, 0, 'admin', '2020-08-08 00:40:21', '2020-11-03 12:36:25'),
('WA-3318N-EE-L', 'เสื้อโปโล 3318 WA-3318N-EE-L', '88587971230012', 'WA-3318N', 'EE.', 'L', 'COL', 'OTHER', '001', '002', 'OTHER', 'Warrix', 2018, '100.00', '399.00', 'PCS', 1, 1, 1, 0, 0, 'admin', '2020-08-08 00:40:21', '2020-11-03 12:36:25'),
('WA-3318N-EE-M', 'เสื้อโปโล 3318 WA-3318N-EE-M', '88587971230013', 'WA-3318N', 'EE.', 'M', 'COL', 'OTHER', '001', '002', 'OTHER', 'Warrix', 2018, '100.00', '399.00', 'PCS', 1, 1, 1, 0, 0, 'admin', '2020-08-08 00:40:21', '2020-11-03 12:36:25'),
('WA-3318N-EE-S', 'เสื้อโปโล 3318 WA-3318N-EE-S', '88587971230014', 'WA-3318N', 'EE.', 'S', 'COL', 'OTHER', '001', '002', 'OTHER', 'Warrix', 2018, '100.00', '399.00', 'PCS', 1, 1, 1, 0, 0, 'admin', '2020-08-08 00:40:21', '2020-11-03 12:36:25'),
('WA-3318N-EE-XS', 'เสื้อโปโล 3318 WA-3318N-EE-XS', '88587971230015', 'WA-3318N', 'EE.', 'XS', 'COL', 'OTHER', '001', '002', 'OTHER', 'Warrix', 2018, '100.00', '399.00', 'PCS', 1, 1, 1, 0, 0, 'admin', '2020-08-08 00:40:21', '2020-11-03 12:36:25'),
('WA-3318NB-YW-2L', 'เสื้อโปโล WA-3318NB สีเหลือง', '88587971230022', 'WA-3318NB', 'YW', '2L', 'COL', 'OTHER', '001', '001', '001', 'Warrix', 0000, '164.00', '399.00', 'PCS', 1, 1, 1, 0, 0, 'admin', '2020-10-14 12:11:33', '2020-11-03 12:36:25'),
('WA-3318NB-YW-3L', 'เสื้อโปโล WA-3318NB สีเหลือง', '88587971230023', 'WA-3318NB', 'YW', '3L', 'COL', 'OTHER', '001', '001', '001', 'Warrix', 0000, '164.00', '399.00', 'PCS', 1, 1, 1, 0, 0, 'admin', '2020-10-14 12:11:33', '2020-11-03 12:36:25'),
('WA-3318NB-YW-5L', 'เสื้อโปโล WA-3318NB สีเหลือง', '88587971230024', 'WA-3318NB', 'YW', '5L', 'COL', 'OTHER', '001', '001', '001', 'Warrix', 0000, '164.00', '439.00', 'PCS', 1, 1, 1, 0, 0, 'admin', '2020-10-14 12:11:33', '2020-11-03 12:36:25'),
('WA-3318NB-YW-7L', 'เสื้อโปโล WA-3318NB สีเหลือง', '88587971230025', 'WA-3318NB', 'YW', '7L', 'COL', 'OTHER', '001', '001', '001', 'Warrix', 0000, '164.00', '439.00', 'PCS', 1, 1, 1, 0, 0, 'admin', '2020-10-14 12:11:33', '2020-11-03 12:36:25'),
('WA-3318NB-YW-L', 'เสื้อโปโล WA-3318NB สีเหลือง', '88587971230026', 'WA-3318NB', 'YW', 'L', 'COL', 'OTHER', '001', '001', '001', 'Warrix', 0000, '164.00', '399.00', 'PCS', 1, 1, 1, 0, 0, 'admin', '2020-10-14 12:11:33', '2020-11-03 12:36:25'),
('WA-3318NB-YW-M', 'เสื้อโปโล WA-3318NB สีเหลือง', '88587971230027', 'WA-3318NB', 'YW', 'M', 'COL', 'OTHER', '001', '001', '001', 'Warrix', 0000, '164.00', '399.00', 'PCS', 1, 1, 1, 0, 0, 'admin', '2020-10-14 12:11:33', '2020-11-03 12:36:25'),
('WA-3318NB-YW-S', 'เสื้อโปโล WA-3318NB สีเหลือง', '88587971230028', 'WA-3318NB', 'YW', 'S', 'COL', 'OTHER', '001', '001', '001', 'Warrix', 0000, '164.00', '399.00', 'PCS', 1, 1, 1, 0, 0, 'admin', '2020-10-14 12:11:33', '2020-11-03 12:36:25'),
('WA-3318NB-YW-XL', 'เสื้อโปโล WA-3318NB สีเหลือง', '88587971230029', 'WA-3318NB', 'YW', 'XL', 'COL', 'OTHER', '001', '001', '001', 'Warrix', 0000, '164.00', '399.00', 'PCS', 1, 1, 1, 0, 0, 'admin', '2020-10-14 12:11:33', '2020-11-03 12:36:25'),
('WA-3318NB-YW-XS', 'เสื้อโปโล WA-3318NB สีเหลือง', '88587971230030', 'WA-3318NB', 'YW', 'XS', 'COL', 'OTHER', '001', '001', '001', 'Warrix', 0000, '164.00', '399.00', 'PCS', 1, 1, 1, 0, 0, 'admin', '2020-10-14 12:11:33', '2020-11-03 12:36:25'),
('WC-1519-AW', 'ถุงเท้าเบสิก WC-1519-AW', NULL, 'WC-1519', 'AW', NULL, 'COL', 'OTHER', '002', '001', '001', 'Warrix', 2018, '30.00', '99.00', 'PCS', 1, 1, 1, 0, 0, 'admin', '2020-04-07 21:03:27', '2020-11-03 12:36:25'),
('WC-1519-BW', 'ถุงเท้าเบสิก WC-1519-BW', NULL, 'WC-1519', 'BW', NULL, 'COL', 'OTHER', '002', '001', '001', 'Warrix', 2018, '30.00', '99.00', 'PCS', 1, 1, 1, 0, 0, 'admin', '2020-04-07 21:03:27', '2020-11-03 12:36:25'),
('WC-1519-GA', 'ถุงเท้าเบสิก WC-1519-GA', NULL, 'WC-1519', 'GA', NULL, 'COL', 'OTHER', '002', '001', '001', 'Warrix', 2018, '30.00', '99.00', 'PCS', 1, 1, 1, 0, 0, 'admin', '2020-04-07 21:03:27', '2020-11-03 12:36:25'),
('WC-1519-OA', 'ถุงเท้าเบสิก WC-1519-OA', NULL, 'WC-1519', 'OA', NULL, 'COL', 'OTHER', '002', '001', '001', 'Warrix', 2018, '30.00', '99.00', 'PCS', 1, 1, 1, 0, 0, 'admin', '2020-04-07 21:03:27', '2020-11-03 12:36:25'),
('WC-1519-RW', 'ถุงเท้าเบสิก WC-1519-RW', NULL, 'WC-1519', 'RW', NULL, 'COL', 'OTHER', '002', '001', '001', 'Warrix', 2018, '30.00', '99.00', 'PCS', 1, 1, 1, 0, 0, 'admin', '2020-04-07 21:03:27', '2020-11-03 12:36:25'),
('WC-1519-WA', 'ถุงเท้าเบสิก WC-1519-WA', NULL, 'WC-1519', 'WA', NULL, 'COL', 'OTHER', '002', '001', '001', 'Warrix', 2018, '30.00', '99.00', 'PCS', 1, 1, 1, 0, 0, 'admin', '2020-04-07 21:03:27', '2020-11-03 12:36:25'),
('WC-1519-YA', 'ถุงเท้าเบสิก WC-1519-YA', NULL, 'WC-1519', 'YA', NULL, 'COL', 'OTHER', '002', '001', '001', 'Warrix', 2018, '30.00', '99.00', 'PCS', 1, 1, 1, 0, 0, 'admin', '2020-04-07 21:03:27', '2020-11-03 12:36:25'),
('WS-3311-AA-L', 'ssssssss WS-3311-AA-L', '88587971230016', 'WS-3311', 'AA.', 'L', 'COL', 'OTHER', '001', '001', '002', 'Warrix', 2020, '130.00', '150.00', 'PCS', 1, 1, 1, 0, 0, 'sutouch', '2020-10-07 11:03:49', '2020-11-03 12:36:25'),
('WS-3311-AA-M', 'ssssssss WS-3311-AA-M', '88587971230017', 'WS-3311', 'AA.', 'M', 'COL', 'OTHER', '001', '001', '002', 'Warrix', 2020, '130.00', '150.00', 'PCS', 1, 1, 1, 0, 0, 'sutouch', '2020-10-07 11:03:49', '2020-11-03 12:36:25'),
('WS-3311-AA-S', 'ssssssss WS-3311-AA-S', '88587971230018', 'WS-3311', 'AA.', 'S', 'COL', 'OTHER', '001', '001', '002', 'Warrix', 2020, '130.00', '150.00', 'PCS', 1, 1, 1, 0, 0, 'sutouch', '2020-10-07 11:03:48', '2020-11-03 12:36:25'),
('WS-3311-BE-L', 'ssssssss WS-3311-BE-L', '88587971230019', 'WS-3311', 'BE', 'L', 'COL', 'OTHER', '001', '001', '002', 'Warrix', 2020, '130.00', '150.00', 'PCS', 1, 1, 1, 0, 0, 'sutouch', '2020-10-07 11:03:49', '2020-11-03 12:36:25'),
('WS-3311-BE-M', 'ssssssss WS-3311-BE-M', '88587971230020', 'WS-3311', 'BE', 'M', 'COL', 'OTHER', '001', '001', '002', 'Warrix', 2020, '130.00', '150.00', 'PCS', 1, 1, 1, 0, 0, 'sutouch', '2020-10-07 11:03:49', '2020-11-03 12:36:25'),
('WS-3311-BE-S', 'ssssssss WS-3311-BE-S', '88587971230021', 'WS-3311', 'BE', 'S', 'COL', 'OTHER', '001', '001', '002', 'Warrix', 2020, '130.00', '150.00', 'PCS', 1, 1, 1, 0, 0, 'sutouch', '2020-10-07 11:03:49', '2020-11-03 12:36:25');

-- --------------------------------------------------------

--
-- Table structure for table `product_brand`
--

CREATE TABLE `product_brand` (
  `code` varchar(50) NOT NULL,
  `name` varchar(100) NOT NULL
) ENGINE=InnoDB DEFAULT CHARSET=utf8;

--
-- Dumping data for table `product_brand`
--

INSERT INTO `product_brand` (`code`, `name`) VALUES
('00', 'ไม่ระบุ'),
('Eureka', 'Eureka'),
('Sakka', 'Sakka'),
('Warrix', 'Warrix'),
('Zealver', 'Zealver');

-- --------------------------------------------------------

--
-- Table structure for table `product_category`
--

CREATE TABLE `product_category` (
  `code` varchar(50) NOT NULL,
  `name` varchar(100) NOT NULL
) ENGINE=InnoDB DEFAULT CHARSET=utf8;

--
-- Dumping data for table `product_category`
--

INSERT INTO `product_category` (`code`, `name`) VALUES
('000', 'อื่นๆ'),
('001', 'เสื้อผ้า'),
('002', 'อุปกรณ์'),
('003', 'รองเท้า');

-- --------------------------------------------------------

--
-- Table structure for table `product_color`
--

CREATE TABLE `product_color` (
  `code` varchar(20) NOT NULL,
  `name` varchar(50) NOT NULL,
  `gen_code` varchar(10) DEFAULT NULL,
  `id_group` int(11) DEFAULT NULL,
  `active` tinyint(1) NOT NULL DEFAULT '1'
) ENGINE=InnoDB DEFAULT CHARSET=utf8;

--
-- Dumping data for table `product_color`
--

INSERT INTO `product_color` (`code`, `name`, `gen_code`, `id_group`, `active`) VALUES
('00', 'ไม่ระบุ', NULL, NULL, 1),
('A1', 'เทา1', NULL, 2, 1),
('A2', 'เทา2', NULL, 2, 1),
('A3', 'เทา3', NULL, 2, 1),
('A4', 'เทา4', NULL, 2, 1),
('A5', 'เทา5', NULL, 2, 1),
('AA', 'ดำ', 'AA', 2, 1),
('AB', 'ดำ-น้ำเงิน', NULL, 2, 1),
('AC', 'AC', NULL, 2, 1),
('AD', 'ดำ-กรมท่า', NULL, 2, 1),
('AE', 'ดำ-เทา', NULL, 2, 1),
('AG', 'ดำ-เขียว', NULL, 2, 1),
('AL', 'ดำ-ฟ้า', NULL, 2, 1),
('AM', 'ดำ-เลือดหมู', NULL, 2, 1),
('AN', 'ดำ-ทอง', NULL, 2, 1),
('AO', 'ดำ-ส้ม', NULL, 2, 1),
('AP', 'ดำ-ชมพู', NULL, 2, 1),
('AR', 'ดำ-แดง', NULL, 2, 1),
('AS', 'ดำ-รมดำ', NULL, 2, 1),
('AT', 'ดำ-น้ำตาล', NULL, 2, 1),
('AV', 'ดำ-ม่วง', NULL, 2, 1),
('AW', 'ดำ-ขาว', NULL, 2, 1),
('AY', 'ดำ-เหลือง', NULL, 2, 1),
('BA', 'น้ำเงิน-ดำ', NULL, 5, 1),
('BB', 'น้ำเงิน', NULL, 5, 1),
('BD', 'น้ำเงิน-กรมท่า', NULL, 5, 1),
('BE', 'น้ำเงิน-เทา', NULL, 5, 1),
('BG', 'น้ำเงิน-เขียว', NULL, 5, 1),
('BK', 'ดำ', NULL, 2, 1),
('BL', 'น้ำเงิน-ฟ้า', NULL, 5, 1),
('BM', 'น้ำเงิน-เลือดหมู', NULL, 5, 1),
('BN', 'น้ำเงิน-ทอง', NULL, 5, 1),
('BO', 'น้ำเงิน-ส้ม', NULL, 5, 1),
('BP', 'น้ำเงิน-ชมพู', NULL, 5, 1),
('BQ', 'BQ', NULL, 5, 1),
('BR', 'น้ำเงิน-แดง', NULL, 5, 1),
('BT', 'น้ำเงิน-น้ำตาล', NULL, 5, 1),
('BV', 'น้ำเงิน-ม่วง', NULL, 5, 1),
('BW', 'น้ำเงิน-ขาว', NULL, 5, 1),
('BY', 'น้ำเงิน-เหลือง', NULL, 5, 1),
('CA', 'เขียวเทอร์ควอยซ์/ดำ', NULL, 16, 1),
('CC', 'เทอควอยซ์', NULL, 16, 1),
('CG', 'เทอควอยซ์/เขียวสะท้อนแสง', NULL, 16, 1),
('CN', 'เหลืองชัยนาท', NULL, 16, 1),
('CO', 'CO', NULL, 16, 1),
('CW', 'เทอควอยซ์-ขาว', NULL, 16, 1),
('CY', 'เทอควอยซ์/เหลือง', NULL, 16, 1),
('DA', 'กรมท่า-ดำ', NULL, 15, 1),
('DB', 'กรมท่า-น้ำเงิน', NULL, 15, 1),
('DD', 'กรมท่า', NULL, 15, 1),
('DE', 'กรมท่า-เทา', NULL, 15, 1),
('DG', 'กรมท่า-เขียว', NULL, 15, 1),
('DI', 'กรมท่า/ฟ้าน้ำทะเล', NULL, 15, 1),
('DL', 'กรมท่า-ฟ้า', NULL, 15, 1),
('DM', 'กรมท่า-เลือดหมู', NULL, 15, 1),
('DN', 'กรมท่า-ทอง', NULL, 15, 1),
('DO', 'กรมท่า-ส้ม', NULL, 15, 1),
('DP', 'กรมท่า-ชมพู', NULL, 15, 1),
('DQ', 'DQ', NULL, 15, 1),
('DR', 'กรมท่า-แดง', NULL, 15, 1),
('DT', 'กรมทีมชาติ', NULL, 15, 1),
('DV', 'กรมท่า-ม่วง', NULL, 15, 1),
('DW', 'กรมท่า-ขาว', NULL, 15, 1),
('DY', 'กรมท่า-เหลือง', NULL, 15, 1),
('E2', 'เทาเข้ม', NULL, 13, 1),
('EA', 'เทา-ดำ', NULL, 13, 1),
('EB', 'เทา-น้ำเงิน', NULL, 13, 1),
('ED', 'เทา-กรมท่า', NULL, 13, 1),
('EE', 'เทา', NULL, 13, 1),
('EG', 'เทา-เขียว', NULL, 13, 1),
('EL', 'เทา-ฟ้า', NULL, 13, 1),
('EM', 'เทา-เลือดหมู', NULL, 13, 1),
('EN', 'เทา-ทอง', NULL, 13, 1),
('EO', 'เทา-ส้ม', NULL, 13, 1),
('EP', 'เทา-ชมพู', NULL, 13, 1),
('ER', 'เทา-แดง', NULL, 13, 1),
('ES', 'เทา-รมดำ', NULL, 13, 1),
('ET', 'เทา-น้ำตาล', NULL, 13, 1),
('EV', 'เทา-ม่วง', NULL, 13, 1),
('EW', 'เทา-ขาว', NULL, 13, 1),
('EY', 'เทา-เหลือง', NULL, 13, 1),
('FA', 'สีเบจ-ดำ', NULL, 9, 1),
('FF', 'สีเบจ', NULL, 9, 1),
('G1', 'เขียวทหาร', NULL, 6, 1),
('G2', 'เขียวสะท้อนแสง', NULL, 6, 1),
('G3', 'G3', NULL, 6, 1),
('G4', 'เขียวมะนาว', NULL, 6, 1),
('G5', 'เขียวมิ้นท์', NULL, 6, 1),
('GA', 'เขียว-ดำ', NULL, 6, 1),
('GB', 'เขียว-น้ำเงิน', NULL, 6, 1),
('GD', 'เขียว-กรมท่า', NULL, 6, 1),
('GE', 'เขียว-เทา', NULL, 6, 1),
('GG', 'เขียว', NULL, 6, 1),
('GL', 'เขียว-ฟ้า', NULL, 6, 1),
('GM', 'เขียว-เลือดหมู', NULL, 6, 1),
('GN', 'เขียว-ทอง', NULL, 6, 1),
('GO', 'เขียว-ส้ม', NULL, 6, 1),
('GP', 'เขียว-ชมพู', NULL, 6, 1),
('GR', 'เขียว-แดง', NULL, 6, 1),
('GT', 'เขียว-น้ำตาล', NULL, 6, 1),
('GV', 'เขียว-ม่วง', NULL, 6, 1),
('GW', 'เขียว-ขาว', NULL, 6, 1),
('GY', 'เขียว-เหลือง', NULL, 6, 1),
('HD', 'พีช', NULL, 9, 1),
('HH', 'HH', NULL, NULL, 1),
('HY', 'HY', NULL, NULL, 1),
('IA', 'ฟ้าคราม/ดำ', NULL, 6, 1),
('ID', 'ฟ้าน้ำทะเล/กรมท่า', NULL, 6, 1),
('IG', 'ฟ้าทะเล/เขียวสะท้อน', NULL, 6, 1),
('II', 'คราม', NULL, 6, 1),
('IL', 'คราม/ฟ้า', NULL, 6, 1),
('KB', 'KB', NULL, NULL, 1),
('KO', 'KO', NULL, NULL, 1),
('L1', 'ฟ้า1', NULL, 11, 1),
('L2', 'ฟ้า2', NULL, 11, 1),
('L3', 'ฟ้า3', NULL, 11, 1),
('L4', 'ฟ้า4', NULL, 11, 1),
('LA', 'ฟ้า-ดำ', NULL, 11, 1),
('LB', 'ฟ้า-น้ำเงิน', NULL, 11, 1),
('LD', 'ฟ้า-กรมท่า', NULL, 11, 1),
('LE', 'ฟ้า-เทา', NULL, 11, 1),
('LG', 'ฟ้า-เขียว', NULL, 11, 1),
('LL', 'ฟ้า', NULL, 11, 1),
('LM', 'ฟ้า-เลือดหมู', NULL, 11, 1),
('LN', 'ฟ้า-ทอง', NULL, 11, 1),
('LO', 'ฟ้า-ส้ม', NULL, 11, 1),
('LP', 'ฟ้า-ชมพู', NULL, 11, 1),
('LR', 'ฟ้า-แดง', NULL, 11, 1),
('LS', 'LS', NULL, 11, 1),
('LT', 'ฟ้า-น้ำตาล', NULL, 11, 1),
('LV', 'ฟ้า-ม่วง', NULL, 11, 1),
('LW', 'ฟ้า-ขาว', NULL, 11, 1),
('LY', 'ฟ้า-เหลือง', NULL, 11, 1),
('M', 'M', NULL, 10, 1),
('MA', 'เลือดหมู-ดำ', NULL, 10, 1),
('MB', 'เลือดหมู-น้ำเงิน', NULL, 10, 1),
('MD', 'เลือดหมู-กรม', NULL, 10, 1),
('ME', 'เลือดหมู-เทา', NULL, 10, 1),
('MG', 'เลือดหมู-เขียว', NULL, 10, 1),
('ML', 'เลือดหมู-ฟ้า', NULL, 10, 1),
('MM', 'แดงเลือดหมู', NULL, 10, 1),
('MN', 'เลือดหมู-ทอง', NULL, 10, 1),
('MO', 'เลือดหมู-ส้ม', NULL, 10, 1),
('MP', 'เลือดหมู-ชมพู', NULL, 10, 1),
('MR', 'เลือดหมู-แดง', NULL, 10, 1),
('MT', 'เลือดหมู-น้ำตาล', NULL, 10, 1),
('MV', 'เลือดหมู-ม่วง', NULL, 10, 1),
('MW', 'เลือดหมู-ขาว', NULL, 10, 1),
('MY', 'เลือดหมู-เหลือง', NULL, 10, 1),
('N1', 'ทองเข้ม', NULL, 14, 1),
('NA', 'ทอง-ดำ', NULL, 14, 1),
('NB', 'ทอง-น้ำเงิน', NULL, 14, 1),
('ND', 'ทอง-กรม', NULL, 14, 1),
('NE', 'ทอง-เทา', NULL, 14, 1),
('NG', 'ทอง-เขียว', NULL, 14, 1),
('NL', 'ทอง-ฟ้า', NULL, 14, 1),
('NM', 'ทอง-เลือดหมู', NULL, 14, 1),
('NN', 'ทอง', NULL, 14, 1),
('NO', 'ทอง-ส้ม', NULL, 14, 1),
('NP', 'ทอง-ชมพู', NULL, 14, 1),
('NW', 'น้ำเงิน/ขาว', NULL, 14, 1),
('NX', 'ไม่ระบุ', NULL, 14, 1),
('NY', 'ทอง-เหลือง', NULL, 14, 1),
('O2', 'O2', NULL, 8, 1),
('O3', 'โอรส', NULL, 8, 1),
('OA', 'ส้ม-ดำ', NULL, 8, 1),
('OB', 'ส้ม-น้ำเงิน', NULL, 8, 1),
('OD', 'ส้ม-กรม', NULL, 8, 1),
('OE', 'ส้ม-เทา', NULL, 8, 1),
('OG', 'ส้ม-เขียว', NULL, 8, 1),
('OL', 'ส้ม-ฟ้า', NULL, 8, 1),
('OM', 'ส้ม-เลือดหมู', NULL, 8, 1),
('ON', 'ส้ม-ทอง', NULL, 8, 1),
('OO', 'ส้ม', NULL, 8, 1),
('OP', 'ส้ม-ชมพู', NULL, 8, 1),
('OR', 'ส้ม-แดง', NULL, 8, 1),
('OT', 'ส้ม-น้ำตาล', NULL, 8, 1),
('OV', 'ส้ม-ม่วง', NULL, 8, 1),
('OW', 'ส้ม-ขาว', NULL, 8, 1),
('OY', 'ส้ม-เหลือง', NULL, 8, 1),
('P1', 'ชมพูจุฬา', NULL, 9, 1),
('P2', 'ชมพูเข้ม', NULL, 9, 1),
('PA', 'ชมพู-ดำ', NULL, 9, 1),
('PB', 'ชมพู-น้ำเงิน', NULL, 9, 1),
('PD', 'ชมพู-กรมท่า', NULL, 9, 1),
('PE', 'ชมพู-เทา', NULL, 9, 1),
('PG', 'ชมพู-เขียว', NULL, 9, 1),
('PH', 'พีช', NULL, 9, 1),
('PI', 'ชมพู', NULL, 9, 1),
('PK', 'ชมพูอ่อน', NULL, 9, 1),
('PL', 'ชมพู-ฟ้า', NULL, 9, 1),
('PM', 'ชมพูเลือดหมู', NULL, 9, 1),
('PN', 'ชมพู-ทอง', NULL, 9, 1),
('PO', 'ชมพู-ส้ม', NULL, 9, 1),
('PP', 'ชมพู', NULL, 9, 1),
('PR', 'ชมพู-แดง', NULL, 9, 1),
('PT', 'ชมพู-น้ำตาล', NULL, 9, 1),
('PV', 'ชมพู-ม่วง', NULL, 9, 1),
('PW', 'ชมพู-ขาว', NULL, 9, 1),
('PY', 'ชมพู-เหลือง', NULL, 9, 1),
('R1', 'แดงเข้ม', NULL, 4, 1),
('RA', 'แดง-ดำ', NULL, 4, 1),
('RB', 'แดง-น้ำเงิน', NULL, 4, 1),
('RD', 'แดง-กรมท่า', NULL, 4, 1),
('RE', 'แดง-เทา', NULL, 4, 1),
('RG', 'แดง-เขียว', NULL, 4, 1),
('RI', 'แดง-ฟ้าน้ำทะเล', NULL, 4, 1),
('RL', 'แดง-ฟ้า', NULL, 4, 1),
('RN', 'แดง-ทอง', NULL, 4, 1),
('RO', 'แดง-ส้ม', NULL, 4, 1),
('RP', 'แดง-ชมพู', NULL, 4, 1),
('RQ', 'RQ', NULL, 4, 1),
('RR', 'แดง', NULL, 4, 1),
('RT', 'แดง', NULL, 4, 1),
('RU', 'แดง-เลือดหมู', NULL, 4, 1),
('RV', 'แดง-ม่วง', NULL, 4, 1),
('RW', 'แดง-ขาว', NULL, 4, 1),
('RY', 'แดง-เหลือง', NULL, 4, 1),
('SB', 'SB', NULL, NULL, 1),
('SET', 'SET', NULL, NULL, 1),
('SR', 'SR', NULL, NULL, 1),
('SS', 'SS', NULL, NULL, 1),
('TA', 'น้ำตาล-ดำ', NULL, 12, 1),
('TB', 'น้ำตาล-น้ำเงิน', NULL, 12, 1),
('TD', 'น้ำตาล-กรมท่า', NULL, 12, 1),
('TE', 'น้ำตาล-เทา', NULL, 12, 1),
('TG', 'น้ำตาล-เขียว', NULL, 12, 1),
('TL', 'น้ำตาล-ฟ้า', NULL, 12, 1),
('TM', 'น้ำตาล-เลอดหมู', NULL, 12, 1),
('TN', 'น้ำตาล-ทอง', NULL, 12, 1),
('TO', 'น้ำตาล-ส้ม', NULL, 12, 1),
('TP', 'น้ำตาล-ชมพู', NULL, 12, 1),
('TR', 'น้ำตาล-แดง', NULL, 12, 1),
('TT', 'น้ำตาล', NULL, 12, 1),
('TV', 'น้ำตาล-ม่วง', NULL, 12, 1),
('TW', 'น้ำตาล-ขาว', NULL, 12, 1),
('TY', 'น้ำตาล-เหลือง', NULL, 12, 1),
('UD', 'UD', NULL, NULL, 1),
('UU', 'UU', NULL, NULL, 1),
('UW', 'UW', NULL, NULL, 1),
('V1', 'ม่วงใหม่', NULL, 7, 1),
('VA', 'ม่วง-ดำ', NULL, 7, 1),
('VB', 'ม่วง-น้ำเงิน', NULL, 7, 1),
('VD', 'ม่วง-กรมท่า', NULL, 7, 1),
('VE', 'ม่วง-เทา', NULL, 7, 1),
('VG', 'ม่วง-เขียว', NULL, 7, 1),
('VL', 'ม่วง-ฟ้า', NULL, 7, 1),
('VM', 'ม่วง-เลือดหมู', NULL, 7, 1),
('VN', 'ม่วง-ทอง', NULL, 7, 1),
('VO', 'ม่วง-ส้ม', NULL, 7, 1),
('VP', 'ม่วง-ชมพู', NULL, 7, 1),
('VQ', 'VQ', NULL, 7, 1),
('VR', 'ม่วง-แดง', NULL, 7, 1),
('VT', 'ม่วง-น้ำตาล', NULL, 7, 1),
('VV', 'ม่วง', NULL, 7, 1),
('VW', 'ม่วง-ขาว', NULL, 7, 1),
('VY', 'ม่วง-เหลือง', NULL, 7, 1),
('WA', 'ขาว-ดำ', NULL, 1, 1),
('WB', 'ขาว-น้ำเงิน', NULL, 1, 1),
('WD', 'ขาว-กรมท่า', NULL, 1, 1),
('WE', 'ขาว-เทา', NULL, 1, 1),
('WG', 'ขาว-เขียว', NULL, 1, 1),
('WH', 'ขาว', NULL, 1, 1),
('WL', 'ขาว-ฟ้า', NULL, 1, 1),
('WM', 'ขาว-เลือดหมู', NULL, 1, 1),
('WN', 'ขาว-ทอง', NULL, 1, 1),
('WO', 'ขาว-ส้ม', NULL, 1, 1),
('WP', 'ขาว-ชมพู', NULL, 1, 1),
('WQ', 'WQ', NULL, 1, 1),
('WR', 'ขาว-แดง', NULL, 1, 1),
('WT', 'ขาว-น้ำตาล', NULL, 1, 1),
('WV', 'ขาว-ม่วง', NULL, 1, 1),
('WW', 'ขาว', NULL, 1, 1),
('WY', 'ขาว-เหลือง', NULL, 1, 1),
('XX', 'ไม่ระบุสี', NULL, NULL, 1),
('Y2', 'เหลืองอ่อน', NULL, 3, 1),
('Y3', 'เหลืองมัสตาด', NULL, 3, 1),
('Y4', 'เหลืองสะท้อนแสง', NULL, 3, 1),
('YA', 'เหลือง-ดำ', NULL, 3, 1),
('YB', 'เหลือง-น้ำเงิน', NULL, 3, 1),
('YD', 'เหลือง-กรมท่า', NULL, 3, 1),
('YE', 'เหลือง-เทา', NULL, 3, 1),
('YG', 'เหลือง-เขียว', NULL, 3, 1),
('YI', 'เหลืองอ่อน/ฟ้าน้ำทะเล', NULL, 3, 1),
('YL', 'เหลือง-ฟ้า', NULL, 3, 1),
('YM', 'เหลือง-เลือดหมู', NULL, 3, 1),
('YN', 'เหลือง-ทอง', NULL, 3, 1),
('YO', 'เหลือง-ส้ม', NULL, 3, 1),
('YP', 'เหลือง-ชมพู', NULL, 3, 1),
('YQ', 'YQ', NULL, 3, 1),
('YR', 'เหลือง-แดง', NULL, 3, 1),
('YT', 'เหลือง-น้ำตาล', NULL, 3, 1),
('YV', 'เหลือง-ม่วง', NULL, 3, 1),
('YW', 'เหลือง-ขาว', NULL, 3, 1),
('YY', 'เหลือง', NULL, 3, 1),
('ZZ', 'มัลติคัลเลอร์', NULL, NULL, 1);

-- --------------------------------------------------------

--
-- Table structure for table `product_color_group`
--

CREATE TABLE `product_color_group` (
  `id` int(11) NOT NULL,
  `code` varchar(10) NOT NULL,
  `name` varchar(50) NOT NULL
) ENGINE=InnoDB DEFAULT CHARSET=utf8;

--
-- Dumping data for table `product_color_group`
--

INSERT INTO `product_color_group` (`id`, `code`, `name`) VALUES
(1, 'WHITE', 'ขาว'),
(2, 'BLACK', 'ดำ'),
(3, 'YELLOW', 'เหลือง'),
(4, 'RED', 'แดง'),
(5, 'BLUE', 'น้ำเงิน'),
(6, 'GREEN', 'เขียว'),
(7, 'PURPLE', 'ม่วง'),
(8, 'ORANGE', 'ส้ม'),
(9, 'PINK', 'ชมพู'),
(10, 'MAROON', 'เลือดหมู'),
(11, 'SKY', 'ฟ้า'),
(12, 'BROWN', 'น้ำตาล'),
(13, 'GRAY', 'เทา'),
(14, 'GOLD', 'ทอง'),
(15, 'NAVY', 'กรม'),
(16, 'Turquoise', 'เทอร์คอยส์');

-- --------------------------------------------------------

--
-- Table structure for table `product_group`
--

CREATE TABLE `product_group` (
  `code` varchar(50) NOT NULL,
  `name` varchar(100) NOT NULL
) ENGINE=InnoDB DEFAULT CHARSET=utf8;

--
-- Dumping data for table `product_group`
--

INSERT INTO `product_group` (`code`, `name`) VALUES
('CLUB', 'สโมสร'),
('COL', 'คอลเล็คชั่น'),
('FTT', 'ทีมชาติ'),
('SERV', 'ค่าบริการ');

-- --------------------------------------------------------

--
-- Table structure for table `product_kind`
--

CREATE TABLE `product_kind` (
  `code` varchar(50) NOT NULL,
  `name` varchar(100) NOT NULL
) ENGINE=InnoDB DEFAULT CHARSET=utf8;

--
-- Dumping data for table `product_kind`
--

INSERT INTO `product_kind` (`code`, `name`) VALUES
('000', 'อื่นๆ'),
('001', 'กีฬา'),
('002', 'ลำลอง'),
('003', 'เฉพาะทาง');

-- --------------------------------------------------------

--
-- Table structure for table `product_size`
--

CREATE TABLE `product_size` (
  `code` varchar(20) NOT NULL,
  `name` varchar(50) NOT NULL,
  `position` int(3) NOT NULL DEFAULT '1',
  `active` tinyint(1) NOT NULL DEFAULT '1'
) ENGINE=InnoDB DEFAULT CHARSET=utf8;

--
-- Dumping data for table `product_size`
--

INSERT INTO `product_size` (`code`, `name`, `position`, `active`) VALUES
('00', 'ไม่ระบุ', 1, 1),
('10', '10 ขวบ', 5, 1),
('10L', '10L', 21, 1),
('10XL', '10XL', 21, 1),
('12', '12 ขวบ', 6, 1),
('14', '14 ขวบ', 7, 1),
('2', '2 ขวบ', 1, 1),
('2L', '2L', 13, 1),
('3L', '3L', 14, 1),
('3XL', '3XL', 14, 1),
('4', '4 ขวบ', 2, 1),
('4L', '4L', 15, 1),
('4XL', '4XL', 15, 1),
('5L', '5L', 16, 1),
('5XL', '5XL', 16, 1),
('6', '6 ขวบ', 3, 1),
('6L', '6L', 17, 1),
('6XL', '6XL', 17, 1),
('7L', '7L', 18, 1),
('7XL', '7XL', 18, 1),
('8', '8 ขวบ', 4, 1),
('8L', '8L', 19, 1),
('8XL', '8XL', 19, 1),
('9L', '9L', 20, 1),
('9XL', '9XL', 20, 1),
('F', 'Free size', 1, 1),
('L', 'L', 11, 1),
('M', 'M', 10, 1),
('S', 'S', 9, 1),
('XL', 'XL', 12, 1),
('XS', 'XS', 8, 1),
('XXL', 'XXL', 13, 1),
('XXXL', 'XXXL', 14, 1);

-- --------------------------------------------------------

--
-- Table structure for table `product_style`
--

CREATE TABLE `product_style` (
  `code` varchar(50) NOT NULL,
  `name` varchar(100) NOT NULL,
  `group_code` varchar(20) DEFAULT NULL,
  `sub_group_code` varchar(20) DEFAULT NULL,
  `category_code` varchar(20) DEFAULT NULL,
  `kind_code` varchar(20) DEFAULT NULL,
  `type_code` varchar(20) DEFAULT NULL,
  `brand_code` varchar(20) DEFAULT NULL,
  `year` year(4) DEFAULT '0000',
  `cost` decimal(19,6) NOT NULL DEFAULT '0.000000',
  `price` decimal(19,6) NOT NULL DEFAULT '0.000000',
  `unit_code` int(11) NOT NULL,
  `count_stock` tinyint(1) NOT NULL DEFAULT '1',
  `can_sell` tinyint(1) NOT NULL DEFAULT '1',
  `active` tinyint(1) NOT NULL DEFAULT '1',
  `is_api` tinyint(1) NOT NULL DEFAULT '0',
  `is_deleted` tinyint(1) NOT NULL DEFAULT '0',
  `date_add` datetime NOT NULL DEFAULT CURRENT_TIMESTAMP,
  `date_upd` timestamp NOT NULL DEFAULT CURRENT_TIMESTAMP ON UPDATE CURRENT_TIMESTAMP,
  `update_user` varchar(50) DEFAULT NULL
) ENGINE=InnoDB DEFAULT CHARSET=utf8;

--
-- Dumping data for table `product_style`
--

INSERT INTO `product_style` (`code`, `name`, `group_code`, `sub_group_code`, `category_code`, `kind_code`, `type_code`, `brand_code`, `year`, `cost`, `price`, `unit_code`, `count_stock`, `can_sell`, `active`, `is_api`, `is_deleted`, `date_add`, `date_upd`, `update_user`) VALUES
('A5033', 'เสื้อกีฬา Eureka', 'COL', 'OTHER', '001', '001', '001', 'Eureka', 2019, '118.800000', '198.000000', 0, 1, 1, 1, 0, 0, '2020-01-15 13:52:06', '2020-01-15 06:52:06', 'sutouch'),
('FLEX', 'ค่าบริการเฟล็ก', 'SERV', 'OTHER', '000', '000', 'OTHER', '00', 2020, '0.000000', '50.000000', 0, 0, 1, 1, 0, 0, '2020-01-16 15:41:41', '2020-04-29 02:38:13', 'admin'),
('RAX015', 'เสื้อกีฬา RAX015', 'COL', 'OTHER', '001', '001', '001', '00', 2020, '77.400000', '129.000000', 0, 1, 1, 1, 0, 0, '2020-03-30 17:41:02', '2020-03-30 10:41:02', 'admin'),
('WA-3315N', 'เสื้อโปโลเบสิก', 'COL', 'OTHER', '001', '002', '001', 'Warrix', 0000, '227.400000', '439.000000', 0, 1, 1, 1, 0, 0, '2020-01-15 12:53:54', '2020-10-14 06:36:21', 'admin'),
('WA-3318N', 'เสื้อโปโล 3318', 'COL', 'OTHER', '001', '002', 'OTHER', 'Warrix', 2018, '100.000000', '399.000000', 0, 1, 1, 1, 0, 0, '2020-08-07 19:48:19', '2020-08-07 12:48:19', 'admin'),
('WA-3318NB', 'WA-3318NB', 'COL', 'OTHER', '001', '001', '001', 'Warrix', 0000, '164.000000', '399.000000', 0, 1, 1, 1, 0, 0, '2020-10-14 12:10:07', '2020-10-14 06:03:03', 'admin'),
('WC-1519', 'ถุงเท้าเบสิก', 'COL', 'OTHER', '002', '001', '001', 'Warrix', 2018, '30.000000', '99.000000', 0, 1, 1, 1, 0, 0, '2020-04-07 21:02:28', '2020-04-07 14:02:28', 'admin'),
('WS-3311', 'ssssssss', 'COL', 'OTHER', '001', '001', '002', 'Warrix', 2020, '130.000000', '150.000000', 0, 1, 1, 1, 0, 0, '2020-10-07 11:02:27', '2020-10-07 04:02:27', 'sutouch');

-- --------------------------------------------------------

--
-- Table structure for table `product_sub_group`
--

CREATE TABLE `product_sub_group` (
  `code` varchar(50) NOT NULL,
  `name` varchar(100) NOT NULL
) ENGINE=InnoDB DEFAULT CHARSET=utf8;

--
-- Dumping data for table `product_sub_group`
--

INSERT INTO `product_sub_group` (`code`, `name`) VALUES
('OTHER', 'อื่นๆ');

-- --------------------------------------------------------

--
-- Table structure for table `product_tab`
--

CREATE TABLE `product_tab` (
  `id` int(5) NOT NULL,
  `name` varchar(254) NOT NULL,
  `id_parent` int(5) NOT NULL DEFAULT '0'
) ENGINE=InnoDB DEFAULT CHARSET=utf8;

--
-- Dumping data for table `product_tab`
--

INSERT INTO `product_tab` (`id`, `name`, `id_parent`) VALUES
(0, 'TOP LEVEL', -1),
(1, 'เสื้อ', 0),
(2, 'เสื้อกีฬา', 1),
(3, 'เสื้อโปโล', 1),
(4, 'กางเกง', 0),
(5, 'กางเกงบอล', 4),
(7, 'อุปกรณ์', 0),
(8, 'ถุงเท้า', 7),
(9, 'สนับแข้ง', 7),
(10, 'รองเท้า', 0),
(11, 'กางเกงวอร์ม', 4),
(12, 'เสื้อวอร์ม', 1),
(13, 'รองเท้าฟุตซอล', 10),
(14, 'รองเท้าสตั๊ด', 10),
(15, 'ค่าบริการ', 0),
(16, 'เฟล็ก', 15),
(17, 'สกรีน', 15);

-- --------------------------------------------------------

--
-- Table structure for table `product_tab_style`
--

CREATE TABLE `product_tab_style` (
  `style_code` varchar(50) NOT NULL,
  `id_tab` int(11) NOT NULL
) ENGINE=InnoDB DEFAULT CHARSET=utf8;

--
-- Dumping data for table `product_tab_style`
--

INSERT INTO `product_tab_style` (`style_code`, `id_tab`) VALUES
('A5033', 1),
('A5033', 2),
('RAX015', 2),
('WC-1519', 7),
('WC-1519', 8),
('FLEX', 15),
('FLEX', 16),
('WA-3318N', 1),
('WA-3318N', 3),
('WS-3311', 7),
('WS-3311', 9),
('WA-3318NB', 1),
('WA-3318NB', 3),
('WA-3315N', 1),
('WA-3315N', 3);

-- --------------------------------------------------------

--
-- Table structure for table `product_type`
--

CREATE TABLE `product_type` (
  `code` varchar(50) NOT NULL,
  `name` varchar(100) NOT NULL
) ENGINE=InnoDB DEFAULT CHARSET=utf8;

--
-- Dumping data for table `product_type`
--

INSERT INTO `product_type` (`code`, `name`) VALUES
('001', 'ฟุตบอล'),
('002', 'วิ่ง'),
('003', 'ฟิตเนส'),
('OTHER', 'อื่นๆ');

-- --------------------------------------------------------

--
-- Table structure for table `profile`
--

CREATE TABLE `profile` (
  `id` int(11) NOT NULL,
  `name` varchar(50) NOT NULL
) ENGINE=InnoDB DEFAULT CHARSET=utf8;

--
-- Dumping data for table `profile`
--

INSERT INTO `profile` (`id`, `name`) VALUES
(1, 'ADMIN'),
(5, 'Sales'),
(4, 'Stock manager'),
(-987654321, 'Super Admin'),
(2, 'User');

-- --------------------------------------------------------

--
-- Table structure for table `qc`
--

CREATE TABLE `qc` (
  `id` int(11) NOT NULL,
  `order_code` varchar(20) NOT NULL,
  `product_code` varchar(50) NOT NULL,
  `qty` decimal(15,2) NOT NULL DEFAULT '1.00',
  `box_id` int(11) NOT NULL,
  `user` varchar(50) DEFAULT NULL,
  `date_upd` timestamp NOT NULL DEFAULT CURRENT_TIMESTAMP ON UPDATE CURRENT_TIMESTAMP
) ENGINE=InnoDB DEFAULT CHARSET=utf8;

--
-- Dumping data for table `qc`
--

INSERT INTO `qc` (`id`, `order_code`, `product_code`, `qty`, `box_id`, `user`, `date_upd`) VALUES
(1, 'WO-200100004', 'A5033-AW-3XL', '2.00', 1, 'sutouch', '2020-10-07 03:56:15'),
(2, 'WO-200100004', 'A5033-BA-3XL', '1.00', 1, 'sutouch', '2020-10-07 03:56:15'),
(3, 'WO-201000001', 'WA-3315N-AA-M', '2.00', 2, 'admin', '2020-10-25 19:49:50'),
(4, 'WO-201000002', 'WA-3315N-BB-L', '2.00', 3, 'admin', '2020-10-28 05:19:53'),
(5, 'WO-201000002', 'WA-3315N-BB-M', '2.00', 3, 'admin', '2020-10-28 05:19:53'),
(6, 'WO-201000002', 'WA-3315N-BB-XL', '2.00', 3, 'admin', '2020-10-28 05:19:53'),
(7, 'WO-201000003', 'WA-3315N-AA-L', '1.00', 4, 'admin', '2020-10-28 05:59:51'),
(8, 'WO-201000003', 'WA-3315N-AA-M', '1.00', 4, 'admin', '2020-10-28 05:59:51'),
(9, 'WO-201000003', 'WA-3315N-AA-S', '1.00', 4, 'admin', '2020-10-28 05:59:51'),
(10, 'WO-201000005', 'WA-3315N-BB-L', '2.00', 5, 'admin', '2020-10-31 15:41:45'),
(11, 'WO-201000005', 'WA-3315N-BB-M', '2.00', 5, 'admin', '2020-10-31 15:41:45');

-- --------------------------------------------------------

--
-- Table structure for table `qc_box`
--

CREATE TABLE `qc_box` (
  `id` int(11) NOT NULL,
  `code` varchar(20) NOT NULL,
  `order_code` varchar(20) NOT NULL,
  `box_no` int(3) NOT NULL DEFAULT '1'
) ENGINE=InnoDB DEFAULT CHARSET=utf8;

--
-- Dumping data for table `qc_box`
--

INSERT INTO `qc_box` (`id`, `code`, `order_code`, `box_no`) VALUES
(1, '0000', 'WO-200100004', 1),
(2, '0000', 'WO-201000001', 1),
(3, '0000', 'WO-201000002', 1),
(4, '0000', 'WO-201000003', 1),
(5, '0000', 'WO-201000005', 1);

-- --------------------------------------------------------

--
-- Table structure for table `receive_product`
--

CREATE TABLE `receive_product` (
  `code` varchar(20) NOT NULL,
  `bookcode` varchar(5) DEFAULT NULL,
  `vender_code` varchar(20) DEFAULT NULL,
  `vender_name` varchar(254) DEFAULT NULL,
  `po_code` varchar(20) DEFAULT NULL,
  `invoice_code` varchar(20) DEFAULT NULL,
  `zone_code` varchar(200) DEFAULT NULL,
  `warehouse_code` varchar(20) DEFAULT NULL,
  `remark` varchar(254) DEFAULT NULL,
  `date_add` datetime NOT NULL DEFAULT CURRENT_TIMESTAMP,
  `user` varchar(50) DEFAULT NULL,
  `date_upd` timestamp NOT NULL DEFAULT CURRENT_TIMESTAMP ON UPDATE CURRENT_TIMESTAMP,
  `update_user` varchar(50) DEFAULT NULL,
  `status` tinyint(1) NOT NULL DEFAULT '0' COMMENT '0 = not save, 1 = save, 2 = cancled',
  `approver` varchar(50) DEFAULT NULL
) ENGINE=InnoDB DEFAULT CHARSET=utf8;

--
-- Dumping data for table `receive_product`
--

INSERT INTO `receive_product` (`code`, `bookcode`, `vender_code`, `vender_name`, `po_code`, `invoice_code`, `zone_code`, `warehouse_code`, `remark`, `date_add`, `user`, `date_upd`, `update_user`, `status`, `approver`) VALUES
('WR-200100001', 'WR', 'WARRIX', 'บจก. วอริกซ์ สปอร์ต', 'PO-200100001', 'SI-63010032', '0000', '0000', '', '2020-01-15 14:52:52', 'admin', '2020-01-15 07:55:04', NULL, 1, NULL),
('WR-200100002', 'WR', 'EUREKA', 'บจก. ยูเรก้า', NULL, 'IV6301002', '0000', '0000', '', '2020-01-15 18:25:03', 'admin', '2020-01-15 11:26:02', NULL, 1, NULL),
('WR-200100003', 'WR', 'WARRIX', 'บจก. วอริกซ์ สปอร์ต', 'PO-200100001', 'SI-6301024', 'R001', '001', 'รับไว้รอโอน', '2020-01-19 22:13:27', 'admin', '2020-01-19 15:14:20', NULL, 1, NULL),
('WR-200100004', 'WR', 'EUREKA', 'บจก. ยูเรก้า', NULL, 'xxxx', 'R001', '001', '', '2020-01-23 22:44:07', 'admin', '2020-01-23 15:44:07', NULL, 0, NULL),
('WR-200100005', 'WR', 'EUREKA', 'บจก. ยูเรก้า', NULL, 'xxxx', 'R001', '001', '', '2020-01-23 22:44:07', 'admin', '2020-01-23 15:45:14', NULL, 2, NULL),
('WR-200400001', 'WR', 'WARRIX', 'บจก. วอริกซ์ สปอร์ต', NULL, 'WO-20020002', '0001', '0000', '', '2020-04-07 21:17:28', 'admin', '2020-04-07 14:22:15', NULL, 1, NULL);

-- --------------------------------------------------------

--
-- Table structure for table `receive_product_detail`
--

CREATE TABLE `receive_product_detail` (
  `id` int(11) NOT NULL,
  `receive_code` varchar(20) NOT NULL,
  `po_code` varchar(20) DEFAULT NULL,
  `style_code` varchar(50) NOT NULL,
  `product_code` varchar(50) NOT NULL,
  `product_name` varchar(254) DEFAULT NULL,
  `price` decimal(15,2) NOT NULL DEFAULT '0.00' COMMENT 'ราคาตาม PO',
  `qty` decimal(15,2) NOT NULL,
  `amount` decimal(15,2) NOT NULL DEFAULT '0.00',
  `date_upd` timestamp NOT NULL DEFAULT CURRENT_TIMESTAMP ON UPDATE CURRENT_TIMESTAMP,
  `status` varchar(1) NOT NULL DEFAULT 'N' COMMENT 'N = Not save, S = Saved, C = Cancled'
) ENGINE=InnoDB DEFAULT CHARSET=utf8;

--
-- Dumping data for table `receive_product_detail`
--

INSERT INTO `receive_product_detail` (`id`, `receive_code`, `po_code`, `style_code`, `product_code`, `product_name`, `price`, `qty`, `amount`, `date_upd`, `status`) VALUES
(1, 'WR-200100001', 'PO-200100001', 'WA-3315N', 'WA-3315N-AA-XS', 'เสื้อโปโลเบสิก WA-3315N-AA-XS', '227.40', '10.00', '2274.00', '2020-01-15 07:55:04', 'S'),
(2, 'WR-200100001', 'PO-200100001', 'WA-3315N', 'WA-3315N-AA-S', 'เสื้อโปโลเบสิก WA-3315N-AA-S', '227.40', '20.00', '4548.00', '2020-01-15 07:55:04', 'S'),
(3, 'WR-200100001', 'PO-200100001', 'WA-3315N', 'WA-3315N-AA-M', 'เสื้อโปโลเบสิก WA-3315N-AA-M', '227.40', '50.00', '11370.00', '2020-01-15 07:55:04', 'S'),
(4, 'WR-200100001', 'PO-200100001', 'WA-3315N', 'WA-3315N-AA-L', 'เสื้อโปโลเบสิก WA-3315N-AA-L', '227.40', '100.00', '22740.00', '2020-01-15 07:55:04', 'S'),
(5, 'WR-200100001', 'PO-200100001', 'WA-3315N', 'WA-3315N-AA-XL', 'เสื้อโปโลเบสิก WA-3315N-AA-XL', '227.40', '50.00', '11370.00', '2020-01-15 07:55:04', 'S'),
(6, 'WR-200100001', 'PO-200100001', 'WA-3315N', 'WA-3315N-AA-2L', 'เสื้อโปโลเบสิก WA-3315N-AA-2L', '227.40', '20.00', '4548.00', '2020-01-15 07:55:04', 'S'),
(7, 'WR-200100001', 'PO-200100001', 'WA-3315N', 'WA-3315N-AA-3L', 'เสื้อโปโลเบสิก WA-3315N-AA-3L', '227.40', '10.00', '2274.00', '2020-01-15 07:55:04', 'S'),
(8, 'WR-200100001', 'PO-200100001', 'WA-3315N', 'WA-3315N-AA-5L', 'เสื้อโปโลเบสิก WA-3315N-AA-5L', '287.40', '5.00', '1437.00', '2020-01-15 07:55:04', 'S'),
(9, 'WR-200100001', 'PO-200100001', 'WA-3315N', 'WA-3315N-AA-7L', 'เสื้อโปโลเบสิก WA-3315N-AA-7L', '287.40', '3.00', '862.20', '2020-01-15 07:55:04', 'S'),
(10, 'WR-200100001', 'PO-200100001', 'WA-3315N', 'WA-3315N-BB-XS', 'เสื้อโปโลเบสิก WA-3315N-BB-XS', '227.40', '10.00', '2274.00', '2020-01-15 07:55:04', 'S'),
(11, 'WR-200100001', 'PO-200100001', 'WA-3315N', 'WA-3315N-BB-S', 'เสื้อโปโลเบสิก WA-3315N-BB-S', '227.40', '20.00', '4548.00', '2020-01-15 07:55:04', 'S'),
(12, 'WR-200100001', 'PO-200100001', 'WA-3315N', 'WA-3315N-BB-M', 'เสื้อโปโลเบสิก WA-3315N-BB-M', '227.40', '50.00', '11370.00', '2020-01-15 07:55:04', 'S'),
(13, 'WR-200100001', 'PO-200100001', 'WA-3315N', 'WA-3315N-BB-L', 'เสื้อโปโลเบสิก WA-3315N-BB-L', '227.40', '100.00', '22740.00', '2020-01-15 07:55:04', 'S'),
(14, 'WR-200100001', 'PO-200100001', 'WA-3315N', 'WA-3315N-BB-XL', 'เสื้อโปโลเบสิก WA-3315N-BB-XL', '227.40', '50.00', '11370.00', '2020-01-15 07:55:04', 'S'),
(15, 'WR-200100001', 'PO-200100001', 'WA-3315N', 'WA-3315N-BB-2L', 'เสื้อโปโลเบสิก WA-3315N-BB-2L', '227.40', '20.00', '4548.00', '2020-01-15 07:55:04', 'S'),
(16, 'WR-200100001', 'PO-200100001', 'WA-3315N', 'WA-3315N-BB-3L', 'เสื้อโปโลเบสิก WA-3315N-BB-3L', '227.40', '10.00', '2274.00', '2020-01-15 07:55:04', 'S'),
(17, 'WR-200100001', 'PO-200100001', 'WA-3315N', 'WA-3315N-BB-5L', 'เสื้อโปโลเบสิก WA-3315N-BB-5L', '287.40', '5.00', '1437.00', '2020-01-15 07:55:04', 'S'),
(18, 'WR-200100001', 'PO-200100001', 'WA-3315N', 'WA-3315N-BB-7L', 'เสื้อโปโลเบสิก WA-3315N-BB-7L', '287.40', '3.00', '862.20', '2020-01-15 07:55:04', 'S'),
(19, 'WR-200100001', 'PO-200100001', 'WA-3315N', 'WA-3315N-DT-XS', 'เสื้อโปโลเบสิก WA-3315N-DT-XS', '227.40', '10.00', '2274.00', '2020-01-15 07:55:04', 'S'),
(20, 'WR-200100001', 'PO-200100001', 'WA-3315N', 'WA-3315N-DT-S', 'เสื้อโปโลเบสิก WA-3315N-DT-S', '227.40', '20.00', '4548.00', '2020-01-15 07:55:04', 'S'),
(21, 'WR-200100001', 'PO-200100001', 'WA-3315N', 'WA-3315N-DT-M', 'เสื้อโปโลเบสิก WA-3315N-DT-M', '227.40', '50.00', '11370.00', '2020-01-15 07:55:04', 'S'),
(22, 'WR-200100001', 'PO-200100001', 'WA-3315N', 'WA-3315N-DT-L', 'เสื้อโปโลเบสิก WA-3315N-DT-L', '227.40', '100.00', '22740.00', '2020-01-15 07:55:04', 'S'),
(23, 'WR-200100001', 'PO-200100001', 'WA-3315N', 'WA-3315N-DT-XL', 'เสื้อโปโลเบสิก WA-3315N-DT-XL', '227.40', '50.00', '11370.00', '2020-01-15 07:55:04', 'S'),
(24, 'WR-200100001', 'PO-200100001', 'WA-3315N', 'WA-3315N-DT-2L', 'เสื้อโปโลเบสิก WA-3315N-DT-2L', '227.40', '20.00', '4548.00', '2020-01-15 07:55:04', 'S'),
(25, 'WR-200100001', 'PO-200100001', 'WA-3315N', 'WA-3315N-DT-3L', 'เสื้อโปโลเบสิก WA-3315N-DT-3L', '227.40', '10.00', '2274.00', '2020-01-15 07:55:04', 'S'),
(26, 'WR-200100001', 'PO-200100001', 'WA-3315N', 'WA-3315N-DT-5L', 'เสื้อโปโลเบสิก WA-3315N-DT-5L', '287.40', '50.00', '14370.00', '2020-01-15 07:55:04', 'S'),
(27, 'WR-200100001', 'PO-200100001', 'WA-3315N', 'WA-3315N-DT-7L', 'เสื้อโปโลเบสิก WA-3315N-DT-7L', '287.40', '3.00', '862.20', '2020-01-15 07:55:04', 'S'),
(28, 'WR-200100001', 'PO-200100001', 'WA-3315N', 'WA-3315N-EE-XS', 'เสื้อโปโลเบสิก WA-3315N-EE-XS', '227.40', '10.00', '2274.00', '2020-01-15 07:55:04', 'S'),
(29, 'WR-200100001', 'PO-200100001', 'WA-3315N', 'WA-3315N-EE-S', 'เสื้อโปโลเบสิก WA-3315N-EE-S', '227.40', '20.00', '4548.00', '2020-01-15 07:55:04', 'S'),
(30, 'WR-200100001', 'PO-200100001', 'WA-3315N', 'WA-3315N-EE-M', 'เสื้อโปโลเบสิก WA-3315N-EE-M', '227.40', '50.00', '11370.00', '2020-01-15 07:55:04', 'S'),
(31, 'WR-200100001', 'PO-200100001', 'WA-3315N', 'WA-3315N-EE-L', 'เสื้อโปโลเบสิก WA-3315N-EE-L', '227.40', '100.00', '22740.00', '2020-01-15 07:55:04', 'S'),
(32, 'WR-200100001', 'PO-200100001', 'WA-3315N', 'WA-3315N-EE-XL', 'เสื้อโปโลเบสิก WA-3315N-EE-XL', '227.40', '50.00', '11370.00', '2020-01-15 07:55:04', 'S'),
(33, 'WR-200100001', 'PO-200100001', 'WA-3315N', 'WA-3315N-EE-2L', 'เสื้อโปโลเบสิก WA-3315N-EE-2L', '227.40', '20.00', '4548.00', '2020-01-15 07:55:04', 'S'),
(34, 'WR-200100001', 'PO-200100001', 'WA-3315N', 'WA-3315N-EE-3L', 'เสื้อโปโลเบสิก WA-3315N-EE-3L', '227.40', '10.00', '2274.00', '2020-01-15 07:55:04', 'S'),
(35, 'WR-200100001', 'PO-200100001', 'WA-3315N', 'WA-3315N-EE-5L', 'เสื้อโปโลเบสิก WA-3315N-EE-5L', '287.40', '5.00', '1437.00', '2020-01-15 07:55:04', 'S'),
(36, 'WR-200100001', 'PO-200100001', 'WA-3315N', 'WA-3315N-EE-7L', 'เสื้อโปโลเบสิก WA-3315N-EE-7L', '287.40', '3.00', '862.20', '2020-01-15 07:55:04', 'S'),
(37, 'WR-200100002', NULL, 'A5033', 'A5033-AW-S', 'เสื้อกีฬา Eureka A5033-AW-S', '118.80', '10.00', '1188.00', '2020-01-15 11:26:02', 'S'),
(38, 'WR-200100002', NULL, 'A5033', 'A5033-BA-S', 'เสื้อกีฬา Eureka A5033-BA-S', '118.80', '10.00', '1188.00', '2020-01-15 11:26:02', 'S'),
(39, 'WR-200100002', NULL, 'A5033', 'A5033-LA-S', 'เสื้อกีฬา Eureka A5033-LA-S', '118.80', '10.00', '1188.00', '2020-01-15 11:26:02', 'S'),
(40, 'WR-200100002', NULL, 'A5033', 'A5033-RA-S', 'เสื้อกีฬา Eureka A5033-RA-S', '118.80', '10.00', '1188.00', '2020-01-15 11:26:02', 'S'),
(41, 'WR-200100002', NULL, 'A5033', 'A5033-RR-S', 'เสื้อกีฬา Eureka A5033-RR-S', '118.80', '10.00', '1188.00', '2020-01-15 11:26:02', 'S'),
(42, 'WR-200100002', NULL, 'A5033', 'A5033-WA-S', 'เสื้อกีฬา Eureka A5033-WA-S', '118.80', '10.00', '1188.00', '2020-01-15 11:26:02', 'S'),
(43, 'WR-200100002', NULL, 'A5033', 'A5033-YA-S', 'เสื้อกีฬา Eureka A5033-YA-S', '118.80', '10.00', '1188.00', '2020-01-15 11:26:02', 'S'),
(44, 'WR-200100002', NULL, 'A5033', 'A5033-AW-M', 'เสื้อกีฬา Eureka A5033-AW-M', '118.80', '20.00', '2376.00', '2020-01-15 11:26:02', 'S'),
(45, 'WR-200100002', NULL, 'A5033', 'A5033-BA-M', 'เสื้อกีฬา Eureka A5033-BA-M', '118.80', '20.00', '2376.00', '2020-01-15 11:26:02', 'S'),
(46, 'WR-200100002', NULL, 'A5033', 'A5033-LA-M', 'เสื้อกีฬา Eureka A5033-LA-M', '118.80', '20.00', '2376.00', '2020-01-15 11:26:02', 'S'),
(47, 'WR-200100002', NULL, 'A5033', 'A5033-RA-M', 'เสื้อกีฬา Eureka A5033-RA-M', '118.80', '20.00', '2376.00', '2020-01-15 11:26:02', 'S'),
(48, 'WR-200100002', NULL, 'A5033', 'A5033-RR-M', 'เสื้อกีฬา Eureka A5033-RR-M', '118.80', '20.00', '2376.00', '2020-01-15 11:26:02', 'S'),
(49, 'WR-200100002', NULL, 'A5033', 'A5033-WA-M', 'เสื้อกีฬา Eureka A5033-WA-M', '118.80', '20.00', '2376.00', '2020-01-15 11:26:02', 'S'),
(50, 'WR-200100002', NULL, 'A5033', 'A5033-YA-M', 'เสื้อกีฬา Eureka A5033-YA-M', '118.80', '20.00', '2376.00', '2020-01-15 11:26:02', 'S'),
(51, 'WR-200100002', NULL, 'A5033', 'A5033-AW-L', 'เสื้อกีฬา Eureka A5033-AW-L', '118.80', '30.00', '3564.00', '2020-01-15 11:26:02', 'S'),
(52, 'WR-200100002', NULL, 'A5033', 'A5033-BA-L', 'เสื้อกีฬา Eureka A5033-BA-L', '118.80', '30.00', '3564.00', '2020-01-15 11:26:02', 'S'),
(53, 'WR-200100002', NULL, 'A5033', 'A5033-LA-L', 'เสื้อกีฬา Eureka A5033-LA-L', '118.80', '30.00', '3564.00', '2020-01-15 11:26:02', 'S'),
(54, 'WR-200100002', NULL, 'A5033', 'A5033-RA-L', 'เสื้อกีฬา Eureka A5033-RA-L', '118.80', '30.00', '3564.00', '2020-01-15 11:26:02', 'S'),
(55, 'WR-200100002', NULL, 'A5033', 'A5033-RR-L', 'เสื้อกีฬา Eureka A5033-RR-L', '118.80', '30.00', '3564.00', '2020-01-15 11:26:02', 'S'),
(56, 'WR-200100002', NULL, 'A5033', 'A5033-WA-L', 'เสื้อกีฬา Eureka A5033-WA-L', '118.80', '30.00', '3564.00', '2020-01-15 11:26:02', 'S'),
(57, 'WR-200100002', NULL, 'A5033', 'A5033-YA-L', 'เสื้อกีฬา Eureka A5033-YA-L', '118.80', '30.00', '3564.00', '2020-01-15 11:26:02', 'S'),
(58, 'WR-200100002', NULL, 'A5033', 'A5033-AW-XL', 'เสื้อกีฬา Eureka A5033-AW-XL', '118.80', '20.00', '2376.00', '2020-01-15 11:26:02', 'S'),
(59, 'WR-200100002', NULL, 'A5033', 'A5033-BA-XL', 'เสื้อกีฬา Eureka A5033-BA-XL', '118.80', '20.00', '2376.00', '2020-01-15 11:26:02', 'S'),
(60, 'WR-200100002', NULL, 'A5033', 'A5033-LA-XL', 'เสื้อกีฬา Eureka A5033-LA-XL', '118.80', '20.00', '2376.00', '2020-01-15 11:26:02', 'S'),
(61, 'WR-200100002', NULL, 'A5033', 'A5033-RA-XL', 'เสื้อกีฬา Eureka A5033-RA-XL', '118.80', '20.00', '2376.00', '2020-01-15 11:26:02', 'S'),
(62, 'WR-200100002', NULL, 'A5033', 'A5033-RR-XL', 'เสื้อกีฬา Eureka A5033-RR-XL', '118.80', '20.00', '2376.00', '2020-01-15 11:26:02', 'S'),
(63, 'WR-200100002', NULL, 'A5033', 'A5033-WA-XL', 'เสื้อกีฬา Eureka A5033-WA-XL', '118.80', '20.00', '2376.00', '2020-01-15 11:26:02', 'S'),
(64, 'WR-200100002', NULL, 'A5033', 'A5033-YA-XL', 'เสื้อกีฬา Eureka A5033-YA-XL', '118.80', '20.00', '2376.00', '2020-01-15 11:26:02', 'S'),
(65, 'WR-200100002', NULL, 'A5033', 'A5033-AW-XXL', 'เสื้อกีฬา Eureka A5033-AW-XXL', '118.80', '10.00', '1188.00', '2020-01-15 11:26:02', 'S'),
(66, 'WR-200100002', NULL, 'A5033', 'A5033-BA-XXL', 'เสื้อกีฬา Eureka A5033-BA-XXL', '118.80', '10.00', '1188.00', '2020-01-15 11:26:02', 'S'),
(67, 'WR-200100002', NULL, 'A5033', 'A5033-LA-XXL', 'เสื้อกีฬา Eureka A5033-LA-XXL', '118.80', '10.00', '1188.00', '2020-01-15 11:26:02', 'S'),
(68, 'WR-200100002', NULL, 'A5033', 'A5033-RA-XXL', 'เสื้อกีฬา Eureka A5033-RA-XXL', '118.80', '10.00', '1188.00', '2020-01-15 11:26:02', 'S'),
(69, 'WR-200100002', NULL, 'A5033', 'A5033-RR-XXL', 'เสื้อกีฬา Eureka A5033-RR-XXL', '118.80', '10.00', '1188.00', '2020-01-15 11:26:02', 'S'),
(70, 'WR-200100002', NULL, 'A5033', 'A5033-WA-XXL', 'เสื้อกีฬา Eureka A5033-WA-XXL', '118.80', '10.00', '1188.00', '2020-01-15 11:26:02', 'S'),
(71, 'WR-200100002', NULL, 'A5033', 'A5033-YA-XXL', 'เสื้อกีฬา Eureka A5033-YA-XXL', '118.80', '10.00', '1188.00', '2020-01-15 11:26:02', 'S'),
(72, 'WR-200100002', NULL, 'A5033', 'A5033-AW-3XL', 'เสื้อกีฬา Eureka A5033-AW-3XL', '118.80', '5.00', '594.00', '2020-01-15 11:26:02', 'S'),
(73, 'WR-200100002', NULL, 'A5033', 'A5033-BA-3XL', 'เสื้อกีฬา Eureka A5033-BA-3XL', '118.80', '5.00', '594.00', '2020-01-15 11:26:02', 'S'),
(74, 'WR-200100002', NULL, 'A5033', 'A5033-LA-3XL', 'เสื้อกีฬา Eureka A5033-LA-3XL', '118.80', '5.00', '594.00', '2020-01-15 11:26:02', 'S'),
(75, 'WR-200100002', NULL, 'A5033', 'A5033-RA-3XL', 'เสื้อกีฬา Eureka A5033-RA-3XL', '118.80', '5.00', '594.00', '2020-01-15 11:26:02', 'S'),
(76, 'WR-200100002', NULL, 'A5033', 'A5033-RR-3XL', 'เสื้อกีฬา Eureka A5033-RR-3XL', '118.80', '5.00', '594.00', '2020-01-15 11:26:02', 'S'),
(77, 'WR-200100002', NULL, 'A5033', 'A5033-WA-3XL', 'เสื้อกีฬา Eureka A5033-WA-3XL', '118.80', '5.00', '594.00', '2020-01-15 11:26:02', 'S'),
(78, 'WR-200100002', NULL, 'A5033', 'A5033-YA-3XL', 'เสื้อกีฬา Eureka A5033-YA-3XL', '118.80', '5.00', '594.00', '2020-01-15 11:26:02', 'S'),
(79, 'WR-200100003', 'PO-200100001', 'WA-3315N', 'WA-3315N-LL-XS', 'เสื้อโปโลเบสิก WA-3315N-LL-XS', '227.40', '10.00', '2274.00', '2020-01-19 15:14:19', 'S'),
(80, 'WR-200100003', 'PO-200100001', 'WA-3315N', 'WA-3315N-LL-S', 'เสื้อโปโลเบสิก WA-3315N-LL-S', '227.40', '20.00', '4548.00', '2020-01-19 15:14:20', 'S'),
(81, 'WR-200100003', 'PO-200100001', 'WA-3315N', 'WA-3315N-LL-M', 'เสื้อโปโลเบสิก WA-3315N-LL-M', '227.40', '50.00', '11370.00', '2020-01-19 15:14:20', 'S'),
(82, 'WR-200100003', 'PO-200100001', 'WA-3315N', 'WA-3315N-LL-L', 'เสื้อโปโลเบสิก WA-3315N-LL-L', '227.40', '100.00', '22740.00', '2020-01-19 15:14:20', 'S'),
(83, 'WR-200100003', 'PO-200100001', 'WA-3315N', 'WA-3315N-LL-XL', 'เสื้อโปโลเบสิก WA-3315N-LL-XL', '227.40', '50.00', '11370.00', '2020-01-19 15:14:20', 'S'),
(84, 'WR-200100003', 'PO-200100001', 'WA-3315N', 'WA-3315N-LL-2L', 'เสื้อโปโลเบสิก WA-3315N-LL-2L', '227.40', '20.00', '4548.00', '2020-01-19 15:14:20', 'S'),
(85, 'WR-200100003', 'PO-200100001', 'WA-3315N', 'WA-3315N-LL-3L', 'เสื้อโปโลเบสิก WA-3315N-LL-3L', '227.40', '10.00', '2274.00', '2020-01-19 15:14:20', 'S'),
(86, 'WR-200100003', 'PO-200100001', 'WA-3315N', 'WA-3315N-LL-5L', 'เสื้อโปโลเบสิก WA-3315N-LL-5L', '287.40', '5.00', '1437.00', '2020-01-19 15:14:20', 'S'),
(87, 'WR-200100003', 'PO-200100001', 'WA-3315N', 'WA-3315N-LL-7L', 'เสื้อโปโลเบสิก WA-3315N-LL-7L', '287.40', '3.00', '862.20', '2020-01-19 15:14:20', 'S'),
(88, 'WR-200100003', 'PO-200100001', 'WA-3315N', 'WA-3315N-NN-XS', 'เสื้อโปโลเบสิก WA-3315N-NN-XS', '227.40', '10.00', '2274.00', '2020-01-19 15:14:20', 'S'),
(89, 'WR-200100003', 'PO-200100001', 'WA-3315N', 'WA-3315N-NN-S', 'เสื้อโปโลเบสิก WA-3315N-NN-S', '227.40', '20.00', '4548.00', '2020-01-19 15:14:20', 'S'),
(90, 'WR-200100003', 'PO-200100001', 'WA-3315N', 'WA-3315N-NN-M', 'เสื้อโปโลเบสิก WA-3315N-NN-M', '227.40', '50.00', '11370.00', '2020-01-19 15:14:20', 'S'),
(91, 'WR-200100003', 'PO-200100001', 'WA-3315N', 'WA-3315N-NN-L', 'เสื้อโปโลเบสิก WA-3315N-NN-L', '227.40', '100.00', '22740.00', '2020-01-19 15:14:20', 'S'),
(92, 'WR-200100003', 'PO-200100001', 'WA-3315N', 'WA-3315N-NN-XL', 'เสื้อโปโลเบสิก WA-3315N-NN-XL', '227.40', '50.00', '11370.00', '2020-01-19 15:14:20', 'S'),
(93, 'WR-200100003', 'PO-200100001', 'WA-3315N', 'WA-3315N-NN-2L', 'เสื้อโปโลเบสิก WA-3315N-NN-2L', '227.40', '20.00', '4548.00', '2020-01-19 15:14:20', 'S'),
(94, 'WR-200100003', 'PO-200100001', 'WA-3315N', 'WA-3315N-NN-3L', 'เสื้อโปโลเบสิก WA-3315N-NN-3L', '227.40', '10.00', '2274.00', '2020-01-19 15:14:20', 'S'),
(95, 'WR-200100003', 'PO-200100001', 'WA-3315N', 'WA-3315N-NN-5L', 'เสื้อโปโลเบสิก WA-3315N-NN-5L', '287.40', '5.00', '1437.00', '2020-01-19 15:14:20', 'S'),
(96, 'WR-200100003', 'PO-200100001', 'WA-3315N', 'WA-3315N-NN-7L', 'เสื้อโปโลเบสิก WA-3315N-NN-7L', '287.40', '3.00', '862.20', '2020-01-19 15:14:20', 'S'),
(97, 'WR-200400001', NULL, 'WC-1519', 'WC-1519-AW', 'ถุงเท้าเบสิก WC-1519-AW', '30.00', '12.00', '360.00', '2020-04-07 14:22:15', 'S'),
(98, 'WR-200400001', NULL, 'WC-1519', 'WC-1519-BW', 'ถุงเท้าเบสิก WC-1519-BW', '30.00', '12.00', '360.00', '2020-04-07 14:22:15', 'S'),
(99, 'WR-200400001', NULL, 'WC-1519', 'WC-1519-GA', 'ถุงเท้าเบสิก WC-1519-GA', '30.00', '12.00', '360.00', '2020-04-07 14:22:15', 'S'),
(100, 'WR-200400001', NULL, 'WC-1519', 'WC-1519-OA', 'ถุงเท้าเบสิก WC-1519-OA', '30.00', '12.00', '360.00', '2020-04-07 14:22:15', 'S'),
(101, 'WR-200400001', NULL, 'WC-1519', 'WC-1519-RW', 'ถุงเท้าเบสิก WC-1519-RW', '30.00', '12.00', '360.00', '2020-04-07 14:22:15', 'S'),
(102, 'WR-200400001', NULL, 'WC-1519', 'WC-1519-WA', 'ถุงเท้าเบสิก WC-1519-WA', '30.00', '12.00', '360.00', '2020-04-07 14:22:15', 'S'),
(103, 'WR-200400001', NULL, 'WC-1519', 'WC-1519-YA', 'ถุงเท้าเบสิก WC-1519-YA', '30.00', '12.00', '360.00', '2020-04-07 14:22:15', 'S');

-- --------------------------------------------------------

--
-- Table structure for table `receive_transform`
--

CREATE TABLE `receive_transform` (
  `code` varchar(20) NOT NULL,
  `bookcode` varchar(5) DEFAULT NULL,
  `order_code` varchar(20) DEFAULT NULL,
  `invoice_code` varchar(20) DEFAULT NULL,
  `zone_code` varchar(20) DEFAULT NULL,
  `warehouse_code` varchar(20) DEFAULT NULL,
  `remark` varchar(254) DEFAULT NULL,
  `date_add` datetime NOT NULL DEFAULT CURRENT_TIMESTAMP,
  `date_upd` timestamp NOT NULL DEFAULT CURRENT_TIMESTAMP ON UPDATE CURRENT_TIMESTAMP,
  `user` varchar(50) DEFAULT NULL,
  `update_user` varchar(50) DEFAULT NULL,
  `status` tinyint(1) NOT NULL DEFAULT '0' COMMENT '	0 = not save, 1 = save, 2 = cancled	',
  `inv_code` varchar(20) DEFAULT NULL
) ENGINE=InnoDB DEFAULT CHARSET=utf8;

-- --------------------------------------------------------

--
-- Table structure for table `receive_transform_detail`
--

CREATE TABLE `receive_transform_detail` (
  `id` int(11) NOT NULL,
  `receive_code` varchar(20) DEFAULT NULL,
  `style_code` varchar(50) DEFAULT NULL,
  `product_code` varchar(50) DEFAULT NULL,
  `product_name` varchar(254) DEFAULT NULL,
  `price` decimal(15,2) NOT NULL DEFAULT '0.00',
  `qty` decimal(15,2) NOT NULL DEFAULT '0.00',
  `amount` decimal(15,2) NOT NULL DEFAULT '0.00',
  `date_upd` timestamp NOT NULL DEFAULT CURRENT_TIMESTAMP ON UPDATE CURRENT_TIMESTAMP,
  `is_cancle` tinyint(1) NOT NULL DEFAULT '0'
) ENGINE=InnoDB DEFAULT CHARSET=utf8;

-- --------------------------------------------------------

--
-- Table structure for table `return_lend`
--

CREATE TABLE `return_lend` (
  `code` varchar(20) NOT NULL,
  `bookcode` varchar(2) DEFAULT NULL,
  `lend_code` varchar(20) DEFAULT NULL,
  `customer_code` varchar(20) DEFAULT NULL,
  `customer_name` varchar(100) NOT NULL,
  `from_warehouse` varchar(20) DEFAULT NULL,
  `from_zone` varchar(50) DEFAULT NULL,
  `to_warehouse` varchar(20) DEFAULT NULL,
  `to_zone` varchar(50) DEFAULT NULL,
  `date_add` datetime NOT NULL DEFAULT CURRENT_TIMESTAMP,
  `user` varchar(50) DEFAULT NULL,
  `date_upd` timestamp NOT NULL DEFAULT CURRENT_TIMESTAMP ON UPDATE CURRENT_TIMESTAMP,
  `update_user` varchar(50) DEFAULT NULL,
  `status` tinyint(1) NOT NULL DEFAULT '0' COMMENT '0 = not save, 1= saved, 2 = cancled',
  `remark` varchar(254) DEFAULT NULL,
  `inv_code` varchar(20) DEFAULT NULL
) ENGINE=InnoDB DEFAULT CHARSET=utf8;

-- --------------------------------------------------------

--
-- Table structure for table `return_lend_detail`
--

CREATE TABLE `return_lend_detail` (
  `id` int(11) NOT NULL,
  `return_code` varchar(20) NOT NULL,
  `lend_code` varchar(20) DEFAULT NULL,
  `product_code` varchar(50) NOT NULL,
  `product_name` varchar(100) DEFAULT NULL,
  `qty` int(11) NOT NULL DEFAULT '0',
  `price` decimal(15,2) NOT NULL DEFAULT '0.00',
  `amount` decimal(15,2) NOT NULL DEFAULT '0.00',
  `vat_amount` decimal(15,2) NOT NULL DEFAULT '0.00',
  `status` tinyint(1) NOT NULL DEFAULT '1' COMMENT '0=not save, 1 = save, 2=cancle'
) ENGINE=InnoDB DEFAULT CHARSET=utf8;

-- --------------------------------------------------------

--
-- Table structure for table `return_order`
--

CREATE TABLE `return_order` (
  `code` varchar(20) NOT NULL,
  `bookcode` varchar(5) DEFAULT NULL,
  `invoice` varchar(20) DEFAULT NULL COMMENT 'เลขที่ใบกำกับใน SAP',
  `customer_code` varchar(20) DEFAULT NULL,
  `warehouse_code` varchar(20) DEFAULT NULL,
  `zone_code` varchar(20) DEFAULT NULL,
  `user` varchar(50) DEFAULT NULL,
  `date_add` datetime NOT NULL DEFAULT CURRENT_TIMESTAMP,
  `update_user` varchar(50) DEFAULT NULL,
  `date_upd` timestamp NOT NULL DEFAULT CURRENT_TIMESTAMP ON UPDATE CURRENT_TIMESTAMP,
  `status` tinyint(1) NOT NULL DEFAULT '0' COMMENT '0 = not save, 1 = save, 2 = cancle',
  `remark` varchar(254) NOT NULL,
  `is_approve` tinyint(1) NOT NULL DEFAULT '0',
  `approver` varchar(50) DEFAULT NULL,
  `inv_code` varchar(20) DEFAULT NULL COMMENT 'เลขที่เอกสารจาก SAP'
) ENGINE=InnoDB DEFAULT CHARSET=utf8;

-- --------------------------------------------------------

--
-- Table structure for table `return_order_detail`
--

CREATE TABLE `return_order_detail` (
  `id` int(11) NOT NULL,
  `return_code` varchar(20) NOT NULL,
  `invoice_code` varchar(20) DEFAULT NULL,
  `product_code` varchar(50) DEFAULT NULL,
  `product_name` varchar(254) DEFAULT NULL,
  `sold_qty` decimal(15,2) NOT NULL DEFAULT '0.00',
  `qty` decimal(15,2) NOT NULL DEFAULT '0.00',
  `price` decimal(15,2) NOT NULL DEFAULT '0.00',
  `discount_percent` decimal(5,2) NOT NULL DEFAULT '0.00',
  `amount` decimal(15,2) NOT NULL DEFAULT '0.00',
  `vat_amount` decimal(15,2) NOT NULL DEFAULT '0.00',
  `date_upd` timestamp NOT NULL DEFAULT CURRENT_TIMESTAMP ON UPDATE CURRENT_TIMESTAMP,
  `is_cancle` tinyint(1) DEFAULT '0'
) ENGINE=InnoDB DEFAULT CHARSET=utf8;

-- --------------------------------------------------------

--
-- Table structure for table `saleman`
--

CREATE TABLE `saleman` (
  `code` varchar(20) NOT NULL,
  `name` varchar(100) NOT NULL,
  `area_code` varchar(15) DEFAULT NULL,
  `active` tinyint(1) NOT NULL DEFAULT '1'
) ENGINE=InnoDB DEFAULT CHARSET=utf8;

--
-- Dumping data for table `saleman`
--

INSERT INTO `saleman` (`code`, `name`, `area_code`, `active`) VALUES
('0000', 'ไม่ระบุ', NULL, 1),
('001', 'สุทัศ สังข์สวัสดิ์', NULL, 1),
('002', 'Someone', NULL, 1);

-- --------------------------------------------------------

--
-- Table structure for table `stock`
--

CREATE TABLE `stock` (
  `id` int(11) NOT NULL,
  `product_code` varchar(50) NOT NULL,
  `zone_code` varchar(50) NOT NULL,
  `qty` decimal(15,2) NOT NULL DEFAULT '0.00',
  `date_upd` timestamp NOT NULL DEFAULT CURRENT_TIMESTAMP ON UPDATE CURRENT_TIMESTAMP
) ENGINE=InnoDB DEFAULT CHARSET=utf8;

--
-- Dumping data for table `stock`
--

INSERT INTO `stock` (`id`, `product_code`, `zone_code`, `qty`, `date_upd`) VALUES
(2, 'WA-3315N-AA-S', '0000', '3.00', '2020-10-28 05:59:28'),
(3, 'WA-3315N-AA-M', '0000', '35.00', '2020-10-28 05:59:29'),
(4, 'WA-3315N-AA-L', '0000', '96.00', '2020-10-28 05:59:30'),
(5, 'WA-3315N-AA-XL', '0000', '50.00', '2020-01-15 07:55:04'),
(6, 'WA-3315N-AA-2L', '0000', '20.00', '2020-01-15 07:55:04'),
(7, 'WA-3315N-AA-3L', '0000', '10.00', '2020-01-15 07:55:04'),
(8, 'WA-3315N-AA-5L', '0000', '5.00', '2020-01-15 07:55:04'),
(9, 'WA-3315N-AA-7L', '0000', '3.00', '2020-01-15 07:55:04'),
(10, 'WA-3315N-BB-XS', '0000', '10.00', '2020-01-15 07:55:04'),
(11, 'WA-3315N-BB-S', '0000', '20.00', '2020-01-15 07:55:04'),
(12, 'WA-3315N-BB-M', '0000', '41.00', '2020-10-31 15:41:26'),
(13, 'WA-3315N-BB-L', '0000', '91.00', '2020-10-31 15:41:29'),
(14, 'WA-3315N-BB-XL', '0000', '45.00', '2020-10-28 05:19:23'),
(15, 'WA-3315N-BB-2L', '0000', '20.00', '2020-01-15 07:55:04'),
(16, 'WA-3315N-BB-3L', '0000', '10.00', '2020-01-15 07:55:04'),
(17, 'WA-3315N-BB-5L', '0000', '5.00', '2020-01-15 07:55:04'),
(18, 'WA-3315N-BB-7L', '0000', '3.00', '2020-01-15 07:55:04'),
(19, 'WA-3315N-DT-XS', '0000', '8.00', '2020-01-19 08:25:47'),
(20, 'WA-3315N-DT-S', '0000', '18.00', '2020-01-19 08:25:53'),
(21, 'WA-3315N-DT-M', '0000', '48.00', '2020-01-19 08:25:55'),
(22, 'WA-3315N-DT-L', '0000', '95.00', '2020-01-23 06:34:55'),
(23, 'WA-3315N-DT-XL', '0000', '45.00', '2020-01-23 06:34:57'),
(24, 'WA-3315N-DT-2L', '0000', '16.00', '2020-01-23 06:35:00'),
(25, 'WA-3315N-DT-3L', '0000', '7.00', '2020-01-23 06:35:00'),
(26, 'WA-3315N-DT-5L', '0000', '48.00', '2020-01-19 08:26:02'),
(27, 'WA-3315N-DT-7L', '0000', '1.00', '2020-01-19 08:26:03'),
(28, 'WA-3315N-EE-XS', '0000', '10.00', '2020-01-15 07:55:04'),
(29, 'WA-3315N-EE-S', '0000', '20.00', '2020-01-15 07:55:04'),
(30, 'WA-3315N-EE-M', '0000', '50.00', '2020-01-15 07:55:04'),
(31, 'WA-3315N-EE-L', '0000', '100.00', '2020-01-15 07:55:04'),
(32, 'WA-3315N-EE-XL', '0000', '50.00', '2020-01-15 07:55:04'),
(33, 'WA-3315N-EE-2L', '0000', '20.00', '2020-01-15 07:55:04'),
(34, 'WA-3315N-EE-3L', '0000', '10.00', '2020-01-15 07:55:04'),
(35, 'WA-3315N-EE-5L', '0000', '5.00', '2020-01-15 07:55:04'),
(36, 'WA-3315N-EE-7L', '0000', '3.00', '2020-01-15 07:55:04'),
(37, 'A5033-AW-S', '0000', '8.00', '2020-05-26 15:17:40'),
(38, 'A5033-BA-S', '0000', '10.00', '2020-01-15 11:26:02'),
(39, 'A5033-LA-S', '0000', '10.00', '2020-01-15 11:26:02'),
(40, 'A5033-RA-S', '0000', '10.00', '2020-01-15 11:26:02'),
(41, 'A5033-RR-S', '0000', '10.00', '2020-01-15 11:26:02'),
(42, 'A5033-WA-S', '0000', '10.00', '2020-01-15 11:26:02'),
(43, 'A5033-YA-S', '0000', '8.00', '2020-01-22 05:19:29'),
(44, 'A5033-AW-M', '0000', '16.00', '2020-05-26 15:05:34'),
(45, 'A5033-BA-M', '0000', '18.00', '2020-01-18 05:42:44'),
(46, 'A5033-LA-M', '0000', '20.00', '2020-01-15 11:26:02'),
(47, 'A5033-RA-M', '0000', '20.00', '2020-01-15 11:26:02'),
(48, 'A5033-RR-M', '0000', '20.00', '2020-01-15 11:26:02'),
(49, 'A5033-WA-M', '0000', '20.00', '2020-01-15 11:26:02'),
(50, 'A5033-YA-M', '0000', '15.00', '2020-01-22 05:19:35'),
(51, 'A5033-AW-L', '0000', '23.00', '2020-05-26 15:05:34'),
(52, 'A5033-BA-L', '0000', '25.00', '2020-01-18 05:44:19'),
(53, 'A5033-LA-L', '0000', '30.00', '2020-01-15 11:26:02'),
(54, 'A5033-RA-L', '0000', '30.00', '2020-01-15 11:26:02'),
(55, 'A5033-RR-L', '0000', '30.00', '2020-01-15 11:26:02'),
(56, 'A5033-WA-L', '0000', '30.00', '2020-01-15 11:26:02'),
(57, 'A5033-YA-L', '0000', '25.00', '2020-01-22 05:19:42'),
(58, 'A5033-AW-XL', '0000', '16.00', '2020-01-20 15:25:40'),
(59, 'A5033-BA-XL', '0000', '18.00', '2020-01-18 05:44:45'),
(60, 'A5033-LA-XL', '0000', '20.00', '2020-01-15 11:26:02'),
(61, 'A5033-RA-XL', '0000', '20.00', '2020-01-15 11:26:02'),
(62, 'A5033-RR-XL', '0000', '20.00', '2020-01-15 11:26:02'),
(63, 'A5033-WA-XL', '0000', '20.00', '2020-01-15 11:26:02'),
(64, 'A5033-YA-XL', '0000', '17.00', '2020-01-22 05:19:45'),
(65, 'A5033-AW-XXL', '0000', '9.00', '2020-01-18 05:44:45'),
(66, 'A5033-BA-XXL', '0000', '9.00', '2020-01-18 05:44:46'),
(67, 'A5033-LA-XXL', '0000', '10.00', '2020-01-15 11:26:02'),
(68, 'A5033-RA-XXL', '0000', '10.00', '2020-01-15 11:26:02'),
(69, 'A5033-RR-XXL', '0000', '10.00', '2020-01-15 11:26:02'),
(70, 'A5033-WA-XXL', '0000', '10.00', '2020-01-15 11:26:02'),
(71, 'A5033-YA-XXL', '0000', '8.00', '2020-01-22 05:19:47'),
(72, 'A5033-AW-3XL', '0000', '3.00', '2020-10-07 03:55:28'),
(73, 'A5033-BA-3XL', '0000', '4.00', '2020-10-07 03:55:43'),
(74, 'A5033-LA-3XL', '0000', '5.00', '2020-01-15 11:26:02'),
(75, 'A5033-RA-3XL', '0000', '5.00', '2020-01-15 11:26:02'),
(76, 'A5033-RR-3XL', '0000', '5.00', '2020-01-15 11:26:02'),
(77, 'A5033-WA-3XL', '0000', '5.00', '2020-01-15 11:26:02'),
(78, 'A5033-YA-3XL', '0000', '3.00', '2020-01-22 05:19:48'),
(91, 'WA-3315N-DT-7L', 'C001', '2.00', '2020-01-19 15:04:14'),
(95, 'WA-3315N-DT-XL', 'C001', '2.00', '2020-01-25 07:35:02'),
(223, 'WA-3315N-LL-XS', '0000', '10.00', '2020-01-19 17:00:09'),
(224, 'WA-3315N-LL-S', '0000', '20.00', '2020-01-19 17:00:09'),
(225, 'WA-3315N-LL-M', '0000', '50.00', '2020-01-19 17:00:09'),
(226, 'WA-3315N-LL-L', '0000', '100.00', '2020-01-19 17:00:09'),
(227, 'WA-3315N-LL-XL', '0000', '50.00', '2020-01-19 17:00:09'),
(228, 'WA-3315N-LL-2L', '0000', '20.00', '2020-01-19 17:00:09'),
(229, 'WA-3315N-LL-3L', '0000', '10.00', '2020-01-19 17:00:09'),
(230, 'WA-3315N-LL-5L', '0000', '5.00', '2020-01-19 17:00:09'),
(231, 'WA-3315N-LL-7L', '0000', '3.00', '2020-01-19 17:00:09'),
(232, 'WA-3315N-NN-XS', '0000', '10.00', '2020-01-19 17:00:09'),
(233, 'WA-3315N-NN-S', '0000', '20.00', '2020-01-19 17:00:09'),
(234, 'WA-3315N-NN-M', '0000', '50.00', '2020-01-19 17:00:09'),
(235, 'WA-3315N-NN-L', '0000', '100.00', '2020-01-19 17:00:09'),
(236, 'WA-3315N-NN-XL', '0000', '50.00', '2020-01-19 17:00:09'),
(237, 'WA-3315N-NN-2L', '0000', '20.00', '2020-01-19 17:00:09'),
(238, 'WA-3315N-NN-3L', '0000', '10.00', '2020-01-19 17:00:09'),
(239, 'WA-3315N-NN-5L', '0000', '5.00', '2020-01-19 17:00:09'),
(240, 'WA-3315N-NN-7L', '0000', '3.00', '2020-01-19 17:00:09'),
(241, 'WA-3315N-YY-M', 'R001', '10.00', '2020-01-23 15:44:31'),
(242, 'WA-3315N-YY-L', 'R001', '10.00', '2020-01-23 15:44:31'),
(243, 'WA-3315N-DT-L', 'C001', '2.00', '2020-01-25 07:35:02'),
(244, 'WA-3315N-AA-XS', '0001', '4.00', '2020-01-27 07:48:33'),
(245, 'WA-3315N-AA-S', '0001', '4.00', '2020-01-27 07:48:33'),
(246, 'WA-3315N-AA-XS', '0002', '2.00', '2020-01-27 07:48:33'),
(247, 'WA-3315N-AA-S', '0002', '2.00', '2020-01-27 07:48:33'),
(248, 'WC-1519-AW', '0001', '12.00', '2020-04-07 14:22:15'),
(249, 'WC-1519-BW', '0001', '12.00', '2020-04-07 14:22:15'),
(250, 'WC-1519-GA', '0001', '12.00', '2020-04-07 14:22:15'),
(251, 'WC-1519-OA', '0001', '12.00', '2020-04-07 14:22:15'),
(252, 'WC-1519-RW', '0001', '12.00', '2020-04-07 14:22:15'),
(253, 'WC-1519-WA', '0001', '12.00', '2020-04-07 14:22:15'),
(254, 'WC-1519-YA', '0001', '12.00', '2020-04-07 14:22:15'),
(255, 'WA-3315N-AA-XS', '0000', '-6.00', '2020-09-22 03:55:06');

-- --------------------------------------------------------

--
-- Table structure for table `stock_movement`
--

CREATE TABLE `stock_movement` (
  `id` int(11) NOT NULL,
  `reference` varchar(20) NOT NULL,
  `warehouse_code` varchar(20) NOT NULL,
  `zone_code` varchar(20) NOT NULL,
  `product_code` varchar(50) NOT NULL,
  `move_in` decimal(15,2) NOT NULL DEFAULT '0.00',
  `move_out` decimal(15,2) NOT NULL DEFAULT '0.00',
  `date_add` datetime NOT NULL DEFAULT CURRENT_TIMESTAMP,
  `date_upd` timestamp NOT NULL DEFAULT CURRENT_TIMESTAMP ON UPDATE CURRENT_TIMESTAMP
) ENGINE=InnoDB DEFAULT CHARSET=utf8;

--
-- Dumping data for table `stock_movement`
--

INSERT INTO `stock_movement` (`id`, `reference`, `warehouse_code`, `zone_code`, `product_code`, `move_in`, `move_out`, `date_add`, `date_upd`) VALUES
(1, 'WR-200100001', '0000', '0000', 'WA-3315N-AA-XS', '10.00', '0.00', '2020-01-15 14:52:52', '2020-01-15 07:55:04'),
(2, 'WR-200100001', '0000', '0000', 'WA-3315N-AA-S', '20.00', '0.00', '2020-01-15 14:52:52', '2020-01-15 07:55:04'),
(3, 'WR-200100001', '0000', '0000', 'WA-3315N-AA-M', '50.00', '0.00', '2020-01-15 14:52:52', '2020-01-15 07:55:04'),
(4, 'WR-200100001', '0000', '0000', 'WA-3315N-AA-L', '100.00', '0.00', '2020-01-15 14:52:52', '2020-01-15 07:55:04'),
(5, 'WR-200100001', '0000', '0000', 'WA-3315N-AA-XL', '50.00', '0.00', '2020-01-15 14:52:52', '2020-01-15 07:55:04'),
(6, 'WR-200100001', '0000', '0000', 'WA-3315N-AA-2L', '20.00', '0.00', '2020-01-15 14:52:52', '2020-01-15 07:55:04'),
(7, 'WR-200100001', '0000', '0000', 'WA-3315N-AA-3L', '10.00', '0.00', '2020-01-15 14:52:52', '2020-01-15 07:55:04'),
(8, 'WR-200100001', '0000', '0000', 'WA-3315N-AA-5L', '5.00', '0.00', '2020-01-15 14:52:52', '2020-01-15 07:55:04'),
(9, 'WR-200100001', '0000', '0000', 'WA-3315N-AA-7L', '3.00', '0.00', '2020-01-15 14:52:52', '2020-01-15 07:55:04'),
(10, 'WR-200100001', '0000', '0000', 'WA-3315N-BB-XS', '10.00', '0.00', '2020-01-15 14:52:52', '2020-01-15 07:55:04'),
(11, 'WR-200100001', '0000', '0000', 'WA-3315N-BB-S', '20.00', '0.00', '2020-01-15 14:52:52', '2020-01-15 07:55:04'),
(12, 'WR-200100001', '0000', '0000', 'WA-3315N-BB-M', '50.00', '0.00', '2020-01-15 14:52:52', '2020-01-15 07:55:04'),
(13, 'WR-200100001', '0000', '0000', 'WA-3315N-BB-L', '100.00', '0.00', '2020-01-15 14:52:52', '2020-01-15 07:55:04'),
(14, 'WR-200100001', '0000', '0000', 'WA-3315N-BB-XL', '50.00', '0.00', '2020-01-15 14:52:52', '2020-01-15 07:55:04'),
(15, 'WR-200100001', '0000', '0000', 'WA-3315N-BB-2L', '20.00', '0.00', '2020-01-15 14:52:52', '2020-01-15 07:55:04'),
(16, 'WR-200100001', '0000', '0000', 'WA-3315N-BB-3L', '10.00', '0.00', '2020-01-15 14:52:52', '2020-01-15 07:55:04'),
(17, 'WR-200100001', '0000', '0000', 'WA-3315N-BB-5L', '5.00', '0.00', '2020-01-15 14:52:52', '2020-01-15 07:55:04'),
(18, 'WR-200100001', '0000', '0000', 'WA-3315N-BB-7L', '3.00', '0.00', '2020-01-15 14:52:52', '2020-01-15 07:55:04'),
(19, 'WR-200100001', '0000', '0000', 'WA-3315N-DT-XS', '10.00', '0.00', '2020-01-15 14:52:52', '2020-01-15 07:55:04'),
(20, 'WR-200100001', '0000', '0000', 'WA-3315N-DT-S', '20.00', '0.00', '2020-01-15 14:52:52', '2020-01-15 07:55:04'),
(21, 'WR-200100001', '0000', '0000', 'WA-3315N-DT-M', '50.00', '0.00', '2020-01-15 14:52:52', '2020-01-15 07:55:04'),
(22, 'WR-200100001', '0000', '0000', 'WA-3315N-DT-L', '100.00', '0.00', '2020-01-15 14:52:52', '2020-01-15 07:55:04'),
(23, 'WR-200100001', '0000', '0000', 'WA-3315N-DT-XL', '50.00', '0.00', '2020-01-15 14:52:52', '2020-01-15 07:55:04'),
(24, 'WR-200100001', '0000', '0000', 'WA-3315N-DT-2L', '20.00', '0.00', '2020-01-15 14:52:52', '2020-01-15 07:55:04'),
(25, 'WR-200100001', '0000', '0000', 'WA-3315N-DT-3L', '10.00', '0.00', '2020-01-15 14:52:52', '2020-01-15 07:55:04'),
(26, 'WR-200100001', '0000', '0000', 'WA-3315N-DT-5L', '50.00', '0.00', '2020-01-15 14:52:52', '2020-01-15 07:55:04'),
(27, 'WR-200100001', '0000', '0000', 'WA-3315N-DT-7L', '3.00', '0.00', '2020-01-15 14:52:52', '2020-01-15 07:55:04'),
(28, 'WR-200100001', '0000', '0000', 'WA-3315N-EE-XS', '10.00', '0.00', '2020-01-15 14:52:52', '2020-01-15 07:55:04'),
(29, 'WR-200100001', '0000', '0000', 'WA-3315N-EE-S', '20.00', '0.00', '2020-01-15 14:52:52', '2020-01-15 07:55:04'),
(30, 'WR-200100001', '0000', '0000', 'WA-3315N-EE-M', '50.00', '0.00', '2020-01-15 14:52:52', '2020-01-15 07:55:04'),
(31, 'WR-200100001', '0000', '0000', 'WA-3315N-EE-L', '100.00', '0.00', '2020-01-15 14:52:52', '2020-01-15 07:55:04'),
(32, 'WR-200100001', '0000', '0000', 'WA-3315N-EE-XL', '50.00', '0.00', '2020-01-15 14:52:52', '2020-01-15 07:55:04'),
(33, 'WR-200100001', '0000', '0000', 'WA-3315N-EE-2L', '20.00', '0.00', '2020-01-15 14:52:52', '2020-01-15 07:55:04'),
(34, 'WR-200100001', '0000', '0000', 'WA-3315N-EE-3L', '10.00', '0.00', '2020-01-15 14:52:52', '2020-01-15 07:55:04'),
(35, 'WR-200100001', '0000', '0000', 'WA-3315N-EE-5L', '5.00', '0.00', '2020-01-15 14:52:52', '2020-01-15 07:55:04'),
(36, 'WR-200100001', '0000', '0000', 'WA-3315N-EE-7L', '3.00', '0.00', '2020-01-15 14:52:52', '2020-01-15 07:55:04'),
(37, 'WR-200100002', '0000', '0000', 'A5033-AW-S', '10.00', '0.00', '2020-01-15 18:25:03', '2020-01-15 11:26:02'),
(38, 'WR-200100002', '0000', '0000', 'A5033-BA-S', '10.00', '0.00', '2020-01-15 18:25:03', '2020-01-15 11:26:02'),
(39, 'WR-200100002', '0000', '0000', 'A5033-LA-S', '10.00', '0.00', '2020-01-15 18:25:03', '2020-01-15 11:26:02'),
(40, 'WR-200100002', '0000', '0000', 'A5033-RA-S', '10.00', '0.00', '2020-01-15 18:25:03', '2020-01-15 11:26:02'),
(41, 'WR-200100002', '0000', '0000', 'A5033-RR-S', '10.00', '0.00', '2020-01-15 18:25:03', '2020-01-15 11:26:02'),
(42, 'WR-200100002', '0000', '0000', 'A5033-WA-S', '10.00', '0.00', '2020-01-15 18:25:03', '2020-01-15 11:26:02'),
(43, 'WR-200100002', '0000', '0000', 'A5033-YA-S', '10.00', '0.00', '2020-01-15 18:25:03', '2020-01-15 11:26:02'),
(44, 'WR-200100002', '0000', '0000', 'A5033-AW-M', '20.00', '0.00', '2020-01-15 18:25:03', '2020-01-15 11:26:02'),
(45, 'WR-200100002', '0000', '0000', 'A5033-BA-M', '20.00', '0.00', '2020-01-15 18:25:03', '2020-01-15 11:26:02'),
(46, 'WR-200100002', '0000', '0000', 'A5033-LA-M', '20.00', '0.00', '2020-01-15 18:25:03', '2020-01-15 11:26:02'),
(47, 'WR-200100002', '0000', '0000', 'A5033-RA-M', '20.00', '0.00', '2020-01-15 18:25:03', '2020-01-15 11:26:02'),
(48, 'WR-200100002', '0000', '0000', 'A5033-RR-M', '20.00', '0.00', '2020-01-15 18:25:03', '2020-01-15 11:26:02'),
(49, 'WR-200100002', '0000', '0000', 'A5033-WA-M', '20.00', '0.00', '2020-01-15 18:25:03', '2020-01-15 11:26:02'),
(50, 'WR-200100002', '0000', '0000', 'A5033-YA-M', '20.00', '0.00', '2020-01-15 18:25:03', '2020-01-15 11:26:02'),
(51, 'WR-200100002', '0000', '0000', 'A5033-AW-L', '30.00', '0.00', '2020-01-15 18:25:03', '2020-01-15 11:26:02'),
(52, 'WR-200100002', '0000', '0000', 'A5033-BA-L', '30.00', '0.00', '2020-01-15 18:25:03', '2020-01-15 11:26:02'),
(53, 'WR-200100002', '0000', '0000', 'A5033-LA-L', '30.00', '0.00', '2020-01-15 18:25:03', '2020-01-15 11:26:02'),
(54, 'WR-200100002', '0000', '0000', 'A5033-RA-L', '30.00', '0.00', '2020-01-15 18:25:03', '2020-01-15 11:26:02'),
(55, 'WR-200100002', '0000', '0000', 'A5033-RR-L', '30.00', '0.00', '2020-01-15 18:25:03', '2020-01-15 11:26:02'),
(56, 'WR-200100002', '0000', '0000', 'A5033-WA-L', '30.00', '0.00', '2020-01-15 18:25:03', '2020-01-15 11:26:02'),
(57, 'WR-200100002', '0000', '0000', 'A5033-YA-L', '30.00', '0.00', '2020-01-15 18:25:03', '2020-01-15 11:26:02'),
(58, 'WR-200100002', '0000', '0000', 'A5033-AW-XL', '20.00', '0.00', '2020-01-15 18:25:03', '2020-01-15 11:26:02'),
(59, 'WR-200100002', '0000', '0000', 'A5033-BA-XL', '20.00', '0.00', '2020-01-15 18:25:03', '2020-01-15 11:26:02'),
(60, 'WR-200100002', '0000', '0000', 'A5033-LA-XL', '20.00', '0.00', '2020-01-15 18:25:03', '2020-01-15 11:26:02'),
(61, 'WR-200100002', '0000', '0000', 'A5033-RA-XL', '20.00', '0.00', '2020-01-15 18:25:03', '2020-01-15 11:26:02'),
(62, 'WR-200100002', '0000', '0000', 'A5033-RR-XL', '20.00', '0.00', '2020-01-15 18:25:03', '2020-01-15 11:26:02'),
(63, 'WR-200100002', '0000', '0000', 'A5033-WA-XL', '20.00', '0.00', '2020-01-15 18:25:03', '2020-01-15 11:26:02'),
(64, 'WR-200100002', '0000', '0000', 'A5033-YA-XL', '20.00', '0.00', '2020-01-15 18:25:03', '2020-01-15 11:26:02'),
(65, 'WR-200100002', '0000', '0000', 'A5033-AW-XXL', '10.00', '0.00', '2020-01-15 18:25:03', '2020-01-15 11:26:02'),
(66, 'WR-200100002', '0000', '0000', 'A5033-BA-XXL', '10.00', '0.00', '2020-01-15 18:25:03', '2020-01-15 11:26:02'),
(67, 'WR-200100002', '0000', '0000', 'A5033-LA-XXL', '10.00', '0.00', '2020-01-15 18:25:03', '2020-01-15 11:26:02'),
(68, 'WR-200100002', '0000', '0000', 'A5033-RA-XXL', '10.00', '0.00', '2020-01-15 18:25:03', '2020-01-15 11:26:02'),
(69, 'WR-200100002', '0000', '0000', 'A5033-RR-XXL', '10.00', '0.00', '2020-01-15 18:25:03', '2020-01-15 11:26:02'),
(70, 'WR-200100002', '0000', '0000', 'A5033-WA-XXL', '10.00', '0.00', '2020-01-15 18:25:03', '2020-01-15 11:26:02'),
(71, 'WR-200100002', '0000', '0000', 'A5033-YA-XXL', '10.00', '0.00', '2020-01-15 18:25:03', '2020-01-15 11:26:02'),
(72, 'WR-200100002', '0000', '0000', 'A5033-AW-3XL', '5.00', '0.00', '2020-01-15 18:25:03', '2020-01-15 11:26:02'),
(73, 'WR-200100002', '0000', '0000', 'A5033-BA-3XL', '5.00', '0.00', '2020-01-15 18:25:03', '2020-01-15 11:26:02'),
(74, 'WR-200100002', '0000', '0000', 'A5033-LA-3XL', '5.00', '0.00', '2020-01-15 18:25:03', '2020-01-15 11:26:02'),
(75, 'WR-200100002', '0000', '0000', 'A5033-RA-3XL', '5.00', '0.00', '2020-01-15 18:25:03', '2020-01-15 11:26:02'),
(76, 'WR-200100002', '0000', '0000', 'A5033-RR-3XL', '5.00', '0.00', '2020-01-15 18:25:03', '2020-01-15 11:26:02'),
(77, 'WR-200100002', '0000', '0000', 'A5033-WA-3XL', '5.00', '0.00', '2020-01-15 18:25:03', '2020-01-15 11:26:02'),
(78, 'WR-200100002', '0000', '0000', 'A5033-YA-3XL', '5.00', '0.00', '2020-01-15 18:25:03', '2020-01-15 11:26:02'),
(91, 'WO-200100001', '0000', '0000', 'A5033-AW-L', '0.00', '5.00', '2020-01-15 18:55:48', '2020-01-18 05:45:24'),
(92, 'WO-200100001', '0000', '0000', 'A5033-AW-M', '0.00', '2.00', '2020-01-15 18:55:48', '2020-01-18 05:45:24'),
(93, 'WO-200100001', '0000', '0000', 'A5033-AW-XL', '0.00', '2.00', '2020-01-15 18:55:48', '2020-01-18 05:45:24'),
(94, 'WO-200100001', '0000', '0000', 'A5033-AW-XXL', '0.00', '1.00', '2020-01-15 18:55:48', '2020-01-18 05:45:24'),
(95, 'WO-200100001', '0000', '0000', 'A5033-BA-L', '0.00', '5.00', '2020-01-15 18:55:48', '2020-01-18 05:45:24'),
(96, 'WO-200100001', '0000', '0000', 'A5033-BA-M', '0.00', '2.00', '2020-01-15 18:55:48', '2020-01-18 05:45:24'),
(97, 'WO-200100001', '0000', '0000', 'A5033-BA-XL', '0.00', '2.00', '2020-01-15 18:55:48', '2020-01-18 05:45:24'),
(98, 'WO-200100001', '0000', '0000', 'A5033-BA-XXL', '0.00', '1.00', '2020-01-15 18:55:48', '2020-01-18 05:45:24'),
(101, 'WO-200100003', '0000', '0000', 'WA-3315N-BB-L', '0.00', '5.00', '2020-01-16 16:14:14', '2020-01-19 07:05:49'),
(102, 'WO-200100003', '0000', '0000', 'WA-3315N-BB-M', '0.00', '5.00', '2020-01-16 16:14:14', '2020-01-19 07:05:49'),
(103, 'WO-200100003', '0000', '0000', 'WA-3315N-BB-XL', '0.00', '3.00', '2020-01-16 16:14:14', '2020-01-19 07:05:49'),
(140, 'WT-200100001', '0000', '0000', 'WA-3315N-DT-2L', '0.00', '2.00', '2020-01-16 15:24:11', '2020-01-19 15:04:14'),
(141, 'WT-200100001', 'CS001', 'C001', 'WA-3315N-DT-2L', '2.00', '0.00', '2020-01-16 15:24:11', '2020-01-19 15:04:14'),
(142, 'WT-200100001', '0000', '0000', 'WA-3315N-DT-3L', '0.00', '2.00', '2020-01-16 15:24:11', '2020-01-19 15:04:14'),
(143, 'WT-200100001', 'CS001', 'C001', 'WA-3315N-DT-3L', '2.00', '0.00', '2020-01-16 15:24:11', '2020-01-19 15:04:14'),
(144, 'WT-200100001', '0000', '0000', 'WA-3315N-DT-5L', '0.00', '2.00', '2020-01-16 15:24:11', '2020-01-19 15:04:14'),
(145, 'WT-200100001', 'CS001', 'C001', 'WA-3315N-DT-5L', '2.00', '0.00', '2020-01-16 15:24:11', '2020-01-19 15:04:14'),
(146, 'WT-200100001', '0000', '0000', 'WA-3315N-DT-7L', '0.00', '2.00', '2020-01-16 15:24:11', '2020-01-19 15:04:14'),
(147, 'WT-200100001', 'CS001', 'C001', 'WA-3315N-DT-7L', '2.00', '0.00', '2020-01-16 15:24:11', '2020-01-19 15:04:14'),
(148, 'WT-200100001', '0000', '0000', 'WA-3315N-DT-L', '0.00', '2.00', '2020-01-16 15:24:11', '2020-01-19 15:04:14'),
(149, 'WT-200100001', 'CS001', 'C001', 'WA-3315N-DT-L', '2.00', '0.00', '2020-01-16 15:24:11', '2020-01-19 15:04:14'),
(150, 'WT-200100001', '0000', '0000', 'WA-3315N-DT-M', '0.00', '2.00', '2020-01-16 15:24:11', '2020-01-19 15:04:14'),
(151, 'WT-200100001', 'CS001', 'C001', 'WA-3315N-DT-M', '2.00', '0.00', '2020-01-16 15:24:11', '2020-01-19 15:04:14'),
(152, 'WT-200100001', '0000', '0000', 'WA-3315N-DT-S', '0.00', '2.00', '2020-01-16 15:24:11', '2020-01-19 15:04:14'),
(153, 'WT-200100001', 'CS001', 'C001', 'WA-3315N-DT-S', '2.00', '0.00', '2020-01-16 15:24:11', '2020-01-19 15:04:14'),
(154, 'WT-200100001', '0000', '0000', 'WA-3315N-DT-XL', '0.00', '2.00', '2020-01-16 15:24:11', '2020-01-19 15:04:14'),
(155, 'WT-200100001', 'CS001', 'C001', 'WA-3315N-DT-XL', '2.00', '0.00', '2020-01-16 15:24:11', '2020-01-19 15:04:14'),
(156, 'WT-200100001', '0000', '0000', 'WA-3315N-DT-XS', '0.00', '2.00', '2020-01-16 15:24:11', '2020-01-19 15:04:14'),
(157, 'WT-200100001', 'CS001', 'C001', 'WA-3315N-DT-XS', '2.00', '0.00', '2020-01-16 15:24:11', '2020-01-19 15:04:14'),
(158, 'WR-200100003', '001', 'R001', 'WA-3315N-LL-XS', '10.00', '0.00', '2020-01-19 22:13:27', '2020-01-19 15:14:19'),
(159, 'WR-200100003', '001', 'R001', 'WA-3315N-LL-S', '20.00', '0.00', '2020-01-19 22:13:27', '2020-01-19 15:14:20'),
(160, 'WR-200100003', '001', 'R001', 'WA-3315N-LL-M', '50.00', '0.00', '2020-01-19 22:13:27', '2020-01-19 15:14:20'),
(161, 'WR-200100003', '001', 'R001', 'WA-3315N-LL-L', '100.00', '0.00', '2020-01-19 22:13:27', '2020-01-19 15:14:20'),
(162, 'WR-200100003', '001', 'R001', 'WA-3315N-LL-XL', '50.00', '0.00', '2020-01-19 22:13:27', '2020-01-19 15:14:20'),
(163, 'WR-200100003', '001', 'R001', 'WA-3315N-LL-2L', '20.00', '0.00', '2020-01-19 22:13:27', '2020-01-19 15:14:20'),
(164, 'WR-200100003', '001', 'R001', 'WA-3315N-LL-3L', '10.00', '0.00', '2020-01-19 22:13:27', '2020-01-19 15:14:20'),
(165, 'WR-200100003', '001', 'R001', 'WA-3315N-LL-5L', '5.00', '0.00', '2020-01-19 22:13:27', '2020-01-19 15:14:20'),
(166, 'WR-200100003', '001', 'R001', 'WA-3315N-LL-7L', '3.00', '0.00', '2020-01-19 22:13:27', '2020-01-19 15:14:20'),
(167, 'WR-200100003', '001', 'R001', 'WA-3315N-NN-XS', '10.00', '0.00', '2020-01-19 22:13:27', '2020-01-19 15:14:20'),
(168, 'WR-200100003', '001', 'R001', 'WA-3315N-NN-S', '20.00', '0.00', '2020-01-19 22:13:27', '2020-01-19 15:14:20'),
(169, 'WR-200100003', '001', 'R001', 'WA-3315N-NN-M', '50.00', '0.00', '2020-01-19 22:13:27', '2020-01-19 15:14:20'),
(170, 'WR-200100003', '001', 'R001', 'WA-3315N-NN-L', '100.00', '0.00', '2020-01-19 22:13:27', '2020-01-19 15:14:20'),
(171, 'WR-200100003', '001', 'R001', 'WA-3315N-NN-XL', '50.00', '0.00', '2020-01-19 22:13:27', '2020-01-19 15:14:20'),
(172, 'WR-200100003', '001', 'R001', 'WA-3315N-NN-2L', '20.00', '0.00', '2020-01-19 22:13:27', '2020-01-19 15:14:20'),
(173, 'WR-200100003', '001', 'R001', 'WA-3315N-NN-3L', '10.00', '0.00', '2020-01-19 22:13:27', '2020-01-19 15:14:20'),
(174, 'WR-200100003', '001', 'R001', 'WA-3315N-NN-5L', '5.00', '0.00', '2020-01-19 22:13:27', '2020-01-19 15:14:20'),
(175, 'WR-200100003', '001', 'R001', 'WA-3315N-NN-7L', '3.00', '0.00', '2020-01-19 22:13:27', '2020-01-19 15:14:20'),
(356, 'WW-200100001', '001', 'R001', 'WA-3315N-LL-XS', '0.00', '10.00', '2020-01-19 22:47:52', '2020-01-19 17:00:09'),
(357, 'WW-200100001', '0000', '0000', 'WA-3315N-LL-XS', '10.00', '0.00', '2020-01-19 22:47:52', '2020-01-19 17:00:09'),
(358, 'WW-200100001', '001', 'R001', 'WA-3315N-LL-S', '0.00', '20.00', '2020-01-19 22:47:52', '2020-01-19 17:00:09'),
(359, 'WW-200100001', '0000', '0000', 'WA-3315N-LL-S', '20.00', '0.00', '2020-01-19 22:47:52', '2020-01-19 17:00:09'),
(360, 'WW-200100001', '001', 'R001', 'WA-3315N-LL-M', '0.00', '50.00', '2020-01-19 22:47:52', '2020-01-19 17:00:09'),
(361, 'WW-200100001', '0000', '0000', 'WA-3315N-LL-M', '50.00', '0.00', '2020-01-19 22:47:52', '2020-01-19 17:00:09'),
(362, 'WW-200100001', '001', 'R001', 'WA-3315N-LL-L', '0.00', '100.00', '2020-01-19 22:47:52', '2020-01-19 17:00:09'),
(363, 'WW-200100001', '0000', '0000', 'WA-3315N-LL-L', '100.00', '0.00', '2020-01-19 22:47:52', '2020-01-19 17:00:09'),
(364, 'WW-200100001', '001', 'R001', 'WA-3315N-LL-XL', '0.00', '50.00', '2020-01-19 22:47:52', '2020-01-19 17:00:09'),
(365, 'WW-200100001', '0000', '0000', 'WA-3315N-LL-XL', '50.00', '0.00', '2020-01-19 22:47:52', '2020-01-19 17:00:09'),
(366, 'WW-200100001', '001', 'R001', 'WA-3315N-LL-2L', '0.00', '20.00', '2020-01-19 22:47:52', '2020-01-19 17:00:09'),
(367, 'WW-200100001', '0000', '0000', 'WA-3315N-LL-2L', '20.00', '0.00', '2020-01-19 22:47:52', '2020-01-19 17:00:09'),
(368, 'WW-200100001', '001', 'R001', 'WA-3315N-LL-3L', '0.00', '10.00', '2020-01-19 22:47:52', '2020-01-19 17:00:09'),
(369, 'WW-200100001', '0000', '0000', 'WA-3315N-LL-3L', '10.00', '0.00', '2020-01-19 22:47:52', '2020-01-19 17:00:09'),
(370, 'WW-200100001', '001', 'R001', 'WA-3315N-LL-5L', '0.00', '5.00', '2020-01-19 22:47:52', '2020-01-19 17:00:09'),
(371, 'WW-200100001', '0000', '0000', 'WA-3315N-LL-5L', '5.00', '0.00', '2020-01-19 22:47:52', '2020-01-19 17:00:09'),
(372, 'WW-200100001', '001', 'R001', 'WA-3315N-LL-7L', '0.00', '3.00', '2020-01-19 22:47:52', '2020-01-19 17:00:09'),
(373, 'WW-200100001', '0000', '0000', 'WA-3315N-LL-7L', '3.00', '0.00', '2020-01-19 22:47:52', '2020-01-19 17:00:09'),
(374, 'WW-200100001', '001', 'R001', 'WA-3315N-NN-XS', '0.00', '10.00', '2020-01-19 22:47:52', '2020-01-19 17:00:09'),
(375, 'WW-200100001', '0000', '0000', 'WA-3315N-NN-XS', '10.00', '0.00', '2020-01-19 22:47:52', '2020-01-19 17:00:09'),
(376, 'WW-200100001', '001', 'R001', 'WA-3315N-NN-S', '0.00', '20.00', '2020-01-19 22:47:52', '2020-01-19 17:00:09'),
(377, 'WW-200100001', '0000', '0000', 'WA-3315N-NN-S', '20.00', '0.00', '2020-01-19 22:47:52', '2020-01-19 17:00:09'),
(378, 'WW-200100001', '001', 'R001', 'WA-3315N-NN-M', '0.00', '50.00', '2020-01-19 22:47:52', '2020-01-19 17:00:09'),
(379, 'WW-200100001', '0000', '0000', 'WA-3315N-NN-M', '50.00', '0.00', '2020-01-19 22:47:52', '2020-01-19 17:00:09'),
(380, 'WW-200100001', '001', 'R001', 'WA-3315N-NN-L', '0.00', '100.00', '2020-01-19 22:47:52', '2020-01-19 17:00:09'),
(381, 'WW-200100001', '0000', '0000', 'WA-3315N-NN-L', '100.00', '0.00', '2020-01-19 22:47:52', '2020-01-19 17:00:09'),
(382, 'WW-200100001', '001', 'R001', 'WA-3315N-NN-XL', '0.00', '50.00', '2020-01-19 22:47:52', '2020-01-19 17:00:09'),
(383, 'WW-200100001', '0000', '0000', 'WA-3315N-NN-XL', '50.00', '0.00', '2020-01-19 22:47:52', '2020-01-19 17:00:09'),
(384, 'WW-200100001', '001', 'R001', 'WA-3315N-NN-2L', '0.00', '20.00', '2020-01-19 22:47:52', '2020-01-19 17:00:09'),
(385, 'WW-200100001', '0000', '0000', 'WA-3315N-NN-2L', '20.00', '0.00', '2020-01-19 22:47:52', '2020-01-19 17:00:09'),
(386, 'WW-200100001', '001', 'R001', 'WA-3315N-NN-3L', '0.00', '10.00', '2020-01-19 22:47:52', '2020-01-19 17:00:09'),
(387, 'WW-200100001', '0000', '0000', 'WA-3315N-NN-3L', '10.00', '0.00', '2020-01-19 22:47:52', '2020-01-19 17:00:09'),
(388, 'WW-200100001', '001', 'R001', 'WA-3315N-NN-5L', '0.00', '5.00', '2020-01-19 22:47:52', '2020-01-19 17:00:09'),
(389, 'WW-200100001', '0000', '0000', 'WA-3315N-NN-5L', '5.00', '0.00', '2020-01-19 22:47:52', '2020-01-19 17:00:09'),
(390, 'WW-200100001', '001', 'R001', 'WA-3315N-NN-7L', '0.00', '3.00', '2020-01-19 22:47:52', '2020-01-19 17:00:09'),
(391, 'WW-200100001', '0000', '0000', 'WA-3315N-NN-7L', '3.00', '0.00', '2020-01-19 22:47:52', '2020-01-19 17:00:09'),
(392, 'WO-200100002', '0000', '0000', 'WA-3315N-AA-L', '0.00', '3.00', '2020-01-16 15:56:20', '2020-01-20 14:17:27'),
(393, 'WO-200100002', '0000', '0000', 'WA-3315N-AA-M', '0.00', '2.00', '2020-01-16 15:56:20', '2020-01-20 14:17:27'),
(394, 'WO-200100005', '0000', '0000', 'A5033-AW-L', '0.00', '2.00', '2020-01-20 13:30:52', '2020-01-21 06:22:28'),
(395, 'WO-200100005', '0000', '0000', 'A5033-AW-M', '0.00', '2.00', '2020-01-20 13:30:52', '2020-01-21 06:22:29'),
(396, 'WO-200100005', '0000', '0000', 'A5033-AW-XL', '0.00', '2.00', '2020-01-20 13:30:52', '2020-01-21 06:22:29'),
(397, 'WO-200100006', '0000', '0000', 'A5033-YA-3XL', '0.00', '2.00', '2020-01-22 12:18:40', '2020-01-22 05:19:56'),
(398, 'WO-200100006', '0000', '0000', 'A5033-YA-L', '0.00', '5.00', '2020-01-22 12:18:40', '2020-01-22 05:19:56'),
(399, 'WO-200100006', '0000', '0000', 'A5033-YA-M', '0.00', '5.00', '2020-01-22 12:18:40', '2020-01-22 05:19:56'),
(400, 'WO-200100006', '0000', '0000', 'A5033-YA-S', '0.00', '2.00', '2020-01-22 12:18:40', '2020-01-22 05:19:56'),
(401, 'WO-200100006', '0000', '0000', 'A5033-YA-XL', '0.00', '3.00', '2020-01-22 12:18:40', '2020-01-22 05:19:56'),
(402, 'WO-200100006', '0000', '0000', 'A5033-YA-XXL', '0.00', '2.00', '2020-01-22 12:18:40', '2020-01-22 05:19:56'),
(403, 'WO-200100007', '0000', '0000', 'WA-3315N-DT-2L', '0.00', '2.00', '2020-01-23 13:32:19', '2020-01-23 06:35:07'),
(404, 'WO-200100007', '0000', '0000', 'WA-3315N-DT-3L', '0.00', '1.00', '2020-01-23 13:32:19', '2020-01-23 06:35:07'),
(405, 'WO-200100007', '0000', '0000', 'WA-3315N-DT-L', '0.00', '3.00', '2020-01-23 13:32:19', '2020-01-23 06:35:07'),
(406, 'WO-200100007', '0000', '0000', 'WA-3315N-DT-XL', '0.00', '3.00', '2020-01-23 13:32:19', '2020-01-23 06:35:07'),
(420, 'WM-200100002', 'CS001', 'C001', 'WA-3315N-DT-XS', '0.00', '2.00', '2020-01-24 22:55:54', '2020-01-24 15:58:13'),
(421, 'WM-200100002', 'CS001', 'C001', 'WA-3315N-DT-5L', '0.00', '2.00', '2020-01-24 22:55:54', '2020-01-24 15:58:13'),
(422, 'WM-200100003', 'CS001', 'C001', 'WA-3315N-DT-2L', '0.00', '2.00', '2020-01-24 22:59:36', '2020-01-24 16:03:05'),
(425, 'WM-200100004', 'CS001', 'C001', 'WA-3315N-DT-3L', '0.00', '2.00', '2020-01-24 23:03:27', '2020-01-24 16:04:53'),
(434, 'WR-200400001', '0000', '0001', 'WC-1519-AW', '12.00', '0.00', '2020-04-07 21:17:28', '2020-04-07 14:22:15'),
(435, 'WR-200400001', '0000', '0001', 'WC-1519-BW', '12.00', '0.00', '2020-04-07 21:17:28', '2020-04-07 14:22:15'),
(436, 'WR-200400001', '0000', '0001', 'WC-1519-GA', '12.00', '0.00', '2020-04-07 21:17:28', '2020-04-07 14:22:15'),
(437, 'WR-200400001', '0000', '0001', 'WC-1519-OA', '12.00', '0.00', '2020-04-07 21:17:28', '2020-04-07 14:22:15'),
(438, 'WR-200400001', '0000', '0001', 'WC-1519-RW', '12.00', '0.00', '2020-04-07 21:17:28', '2020-04-07 14:22:15'),
(439, 'WR-200400001', '0000', '0001', 'WC-1519-WA', '12.00', '0.00', '2020-04-07 21:17:28', '2020-04-07 14:22:15'),
(440, 'WR-200400001', '0000', '0001', 'WC-1519-YA', '12.00', '0.00', '2020-04-07 21:17:28', '2020-04-07 14:22:15'),
(448, 'AJ-200500003', '0000', '0000', 'A5033-AW-S', '0.00', '2.00', '2020-05-26 22:08:39', '2020-05-26 15:17:40'),
(449, 'WO-200500001', '0000', '0000', 'WA-3315N-AA-M', '0.00', '10.00', '2020-05-02 22:35:37', '2020-09-22 03:56:22'),
(450, 'WO-200500001', '0000', '0000', 'WA-3315N-AA-S', '0.00', '10.00', '2020-05-02 22:35:37', '2020-09-22 03:56:22'),
(451, 'WO-200500001', '0000', '0000', 'WA-3315N-AA-XS', '0.00', '10.00', '2020-05-02 22:35:37', '2020-09-22 03:56:22'),
(452, 'WO-200100004', '0000', '0000', 'A5033-AW-3XL', '0.00', '2.00', '2020-01-20 14:38:49', '2020-10-07 03:58:25'),
(453, 'WO-200100004', '0000', '0000', 'A5033-BA-3XL', '0.00', '1.00', '2020-01-20 14:38:49', '2020-10-07 03:58:25'),
(457, 'WO-201000002', '0000', '0000', 'WA-3315N-BB-L', '0.00', '2.00', '2020-10-28 11:54:05', '2020-10-28 05:34:22'),
(458, 'WO-201000002', '0000', '0000', 'WA-3315N-BB-M', '0.00', '2.00', '2020-10-28 11:54:05', '2020-10-28 05:34:22'),
(459, 'WO-201000002', '0000', '0000', 'WA-3315N-BB-XL', '0.00', '2.00', '2020-10-28 11:54:05', '2020-10-28 05:34:22'),
(461, 'WO-201000003', '0000', '0000', 'WA-3315N-AA-L', '0.00', '1.00', '2020-10-28 12:57:37', '2020-10-28 06:00:16'),
(462, 'WO-201000003', '0000', '0000', 'WA-3315N-AA-M', '0.00', '1.00', '2020-10-28 12:57:37', '2020-10-28 06:00:16'),
(463, 'WO-201000003', '0000', '0000', 'WA-3315N-AA-S', '0.00', '1.00', '2020-10-28 12:57:37', '2020-10-28 06:00:16'),
(464, 'WO-201000001', '0000', '0000', 'WA-3315N-AA-M', '0.00', '2.00', '2020-10-14 01:09:01', '2020-10-28 06:35:38'),
(469, 'WM-201000001', 'CS001', 'C001', 'WA-3315N-DT-S', '0.00', '2.00', '2020-10-06 13:56:07', '2020-10-28 14:04:20'),
(470, 'WM-201000001', 'CS001', 'C001', 'WA-3315N-DT-M', '0.00', '2.00', '2020-10-06 13:56:07', '2020-10-28 14:04:20'),
(471, 'WO-201000005', '0000', '0000', 'WA-3315N-BB-L', '0.00', '2.00', '2020-10-31 22:37:48', '2020-10-31 15:42:15'),
(472, 'WO-201000005', '0000', '0000', 'WA-3315N-BB-M', '0.00', '2.00', '2020-10-31 22:37:48', '2020-10-31 15:42:15');

-- --------------------------------------------------------

--
-- Table structure for table `transfer`
--

CREATE TABLE `transfer` (
  `code` varchar(20) NOT NULL,
  `bookcode` varchar(5) DEFAULT NULL,
  `from_warehouse` varchar(20) DEFAULT NULL,
  `to_warehouse` varchar(20) DEFAULT NULL,
  `remark` varchar(254) DEFAULT NULL,
  `user` varchar(50) DEFAULT NULL,
  `date_add` datetime NOT NULL DEFAULT CURRENT_TIMESTAMP,
  `update_user` varchar(50) DEFAULT NULL,
  `date_upd` timestamp NOT NULL DEFAULT CURRENT_TIMESTAMP ON UPDATE CURRENT_TIMESTAMP,
  `status` tinyint(1) NOT NULL DEFAULT '0' COMMENT '0 = not save 1 = saved 2 = cancle',
  `is_approve` tinyint(1) NOT NULL DEFAULT '0',
  `approver` varchar(50) DEFAULT NULL,
  `inv_code` varchar(20) DEFAULT NULL
) ENGINE=InnoDB DEFAULT CHARSET=utf8;

--
-- Dumping data for table `transfer`
--

INSERT INTO `transfer` (`code`, `bookcode`, `from_warehouse`, `to_warehouse`, `remark`, `user`, `date_add`, `update_user`, `date_upd`, `status`, `is_approve`, `approver`, `inv_code`) VALUES
('WW-200100001', 'WW', '001', '0000', 'โอนไปขาย', 'admin', '2020-01-19 22:47:52', NULL, '2020-01-19 17:00:09', 1, 0, NULL, NULL);

-- --------------------------------------------------------

--
-- Table structure for table `transfer_detail`
--

CREATE TABLE `transfer_detail` (
  `id` int(11) NOT NULL,
  `transfer_code` varchar(20) NOT NULL,
  `product_code` varchar(50) DEFAULT NULL,
  `product_name` varchar(254) DEFAULT NULL,
  `from_zone` varchar(20) DEFAULT NULL,
  `to_zone` varchar(20) DEFAULT NULL,
  `qty` decimal(15,2) DEFAULT NULL,
  `valid` tinyint(1) NOT NULL DEFAULT '0',
  `date_upd` timestamp NOT NULL DEFAULT CURRENT_TIMESTAMP
) ENGINE=InnoDB DEFAULT CHARSET=utf8;

--
-- Dumping data for table `transfer_detail`
--

INSERT INTO `transfer_detail` (`id`, `transfer_code`, `product_code`, `product_name`, `from_zone`, `to_zone`, `qty`, `valid`, `date_upd`) VALUES
(19, 'WW-200100001', 'WA-3315N-LL-XS', 'เสื้อโปโลเบสิก WA-3315N-LL-XS', 'R001', '0000', '10.00', 1, '2020-01-19 16:22:56'),
(20, 'WW-200100001', 'WA-3315N-LL-S', 'เสื้อโปโลเบสิก WA-3315N-LL-S', 'R001', '0000', '20.00', 1, '2020-01-19 16:22:56'),
(21, 'WW-200100001', 'WA-3315N-LL-M', 'เสื้อโปโลเบสิก WA-3315N-LL-M', 'R001', '0000', '50.00', 1, '2020-01-19 16:22:56'),
(22, 'WW-200100001', 'WA-3315N-LL-L', 'เสื้อโปโลเบสิก WA-3315N-LL-L', 'R001', '0000', '100.00', 1, '2020-01-19 16:22:56'),
(23, 'WW-200100001', 'WA-3315N-LL-XL', 'เสื้อโปโลเบสิก WA-3315N-LL-XL', 'R001', '0000', '50.00', 1, '2020-01-19 16:22:56'),
(24, 'WW-200100001', 'WA-3315N-LL-2L', 'เสื้อโปโลเบสิก WA-3315N-LL-2L', 'R001', '0000', '20.00', 1, '2020-01-19 16:22:56'),
(25, 'WW-200100001', 'WA-3315N-LL-3L', 'เสื้อโปโลเบสิก WA-3315N-LL-3L', 'R001', '0000', '10.00', 1, '2020-01-19 16:22:56'),
(26, 'WW-200100001', 'WA-3315N-LL-5L', 'เสื้อโปโลเบสิก WA-3315N-LL-5L', 'R001', '0000', '5.00', 1, '2020-01-19 16:22:56'),
(27, 'WW-200100001', 'WA-3315N-LL-7L', 'เสื้อโปโลเบสิก WA-3315N-LL-7L', 'R001', '0000', '3.00', 1, '2020-01-19 16:22:56'),
(28, 'WW-200100001', 'WA-3315N-NN-XS', 'เสื้อโปโลเบสิก WA-3315N-NN-XS', 'R001', '0000', '10.00', 1, '2020-01-19 16:22:56'),
(29, 'WW-200100001', 'WA-3315N-NN-S', 'เสื้อโปโลเบสิก WA-3315N-NN-S', 'R001', '0000', '20.00', 1, '2020-01-19 16:22:56'),
(30, 'WW-200100001', 'WA-3315N-NN-M', 'เสื้อโปโลเบสิก WA-3315N-NN-M', 'R001', '0000', '50.00', 1, '2020-01-19 16:22:56'),
(31, 'WW-200100001', 'WA-3315N-NN-L', 'เสื้อโปโลเบสิก WA-3315N-NN-L', 'R001', '0000', '100.00', 1, '2020-01-19 16:22:56'),
(32, 'WW-200100001', 'WA-3315N-NN-XL', 'เสื้อโปโลเบสิก WA-3315N-NN-XL', 'R001', '0000', '50.00', 1, '2020-01-19 16:22:56'),
(33, 'WW-200100001', 'WA-3315N-NN-2L', 'เสื้อโปโลเบสิก WA-3315N-NN-2L', 'R001', '0000', '20.00', 1, '2020-01-19 16:22:56'),
(34, 'WW-200100001', 'WA-3315N-NN-3L', 'เสื้อโปโลเบสิก WA-3315N-NN-3L', 'R001', '0000', '10.00', 1, '2020-01-19 16:22:56'),
(35, 'WW-200100001', 'WA-3315N-NN-5L', 'เสื้อโปโลเบสิก WA-3315N-NN-5L', 'R001', '0000', '5.00', 1, '2020-01-19 16:22:56'),
(36, 'WW-200100001', 'WA-3315N-NN-7L', 'เสื้อโปโลเบสิก WA-3315N-NN-7L', 'R001', '0000', '3.00', 1, '2020-01-19 16:22:56');

-- --------------------------------------------------------

--
-- Table structure for table `transfer_temp`
--

CREATE TABLE `transfer_temp` (
  `id` int(11) NOT NULL,
  `transfer_code` varchar(20) DEFAULT NULL,
  `product_code` varchar(50) DEFAULT NULL,
  `zone_code` varchar(20) DEFAULT NULL,
  `qty` decimal(15,2) NOT NULL DEFAULT '0.00'
) ENGINE=InnoDB DEFAULT CHARSET=utf8;

-- --------------------------------------------------------

--
-- Table structure for table `unit`
--

CREATE TABLE `unit` (
  `code` varchar(20) NOT NULL,
  `name` varchar(50) DEFAULT NULL,
  `rate` decimal(15,2) NOT NULL DEFAULT '1.00',
  `date_upd` timestamp NOT NULL DEFAULT CURRENT_TIMESTAMP ON UPDATE CURRENT_TIMESTAMP
) ENGINE=InnoDB DEFAULT CHARSET=utf8;

--
-- Dumping data for table `unit`
--

INSERT INTO `unit` (`code`, `name`, `rate`, `date_upd`) VALUES
('PCS', 'ตัว', '1.00', '2019-12-11 10:54:04');

-- --------------------------------------------------------

--
-- Table structure for table `user`
--

CREATE TABLE `user` (
  `id` int(11) NOT NULL,
  `uname` varchar(50) NOT NULL COMMENT 'User Name',
  `pwd` varchar(100) NOT NULL COMMENT 'Password',
  `name` varchar(100) NOT NULL COMMENT 'Display name',
  `uid` varchar(32) NOT NULL COMMENT 'Unique id',
  `skey` varchar(100) NOT NULL COMMENT 'Secret key',
  `id_profile` int(11) DEFAULT NULL,
  `emp_code` varchar(15) DEFAULT NULL,
  `active` tinyint(1) NOT NULL,
  `date_add` datetime NOT NULL DEFAULT CURRENT_TIMESTAMP,
  `sale_code` varchar(20) DEFAULT NULL,
  `is_viewer` tinyint(1) NOT NULL DEFAULT '0'
) ENGINE=InnoDB DEFAULT CHARSET=utf8;

--
-- Dumping data for table `user`
--

INSERT INTO `user` (`id`, `uname`, `pwd`, `name`, `uid`, `skey`, `id_profile`, `emp_code`, `active`, `date_add`, `sale_code`, `is_viewer`) VALUES
(1, 'admin', '$2y$10$EpZL8mSAO7uhbqPMpgZNFuNHK/pf.nNWwV8zKxNub.QPL2YBWf0Wu', 'ผู้ดูแลระบบ', 'c4ca4238a0b923820dcc509a6f75849b', '1e4d36177d71bbb3558e43af9577d70e', -987654321, '001', 1, '2019-06-25 20:13:50', NULL, 0),
(2, 'sutouch', '$2y$10$ch4wciYE84K8DFipXqI82O0hncXejlatRiypUu6Hx.p7NOLfoZXEm', 'สุทัศ', 'c4ca4238a0b923820dcc509a6f75849a', '81dc9bdb52d04dc20036dbd8313ed056', 1, NULL, 1, '2019-06-25 20:13:50', NULL, 0),
(6, 'ALEX', '$2y$10$TcLo3ne8S91ktZygZTeWp.qKDwM8IHwOCuGBFNcNblCMXrF783TOm', 'ALEX', '0e79a32fcaa8c079113c0ffca0e404f2', '', 2, NULL, 0, '2019-07-03 21:29:16', '3', 0),
(7, 'ruengsak', '$2y$10$TojsL1Gsvfb7ubuEe8gAoOodkAM7xDNyD0GblpaZ3KdRYvsiPIpgy', 'เรื่องศักดิ์ โตปู่', '9a7f954ccf274899d1dfa84c9c509e49', '', 5, NULL, 1, '2019-09-29 21:47:16', '1', 0);

-- --------------------------------------------------------

--
-- Table structure for table `vat_group`
--

CREATE TABLE `vat_group` (
  `code` varchar(10) NOT NULL,
  `name` varchar(20) DEFAULT NULL,
  `value` decimal(5,2) NOT NULL DEFAULT '0.00'
) ENGINE=InnoDB DEFAULT CHARSET=utf8;

-- --------------------------------------------------------

--
-- Table structure for table `vender`
--

CREATE TABLE `vender` (
  `code` varchar(20) NOT NULL,
  `name` varchar(250) NOT NULL,
  `credit_term` int(3) NOT NULL DEFAULT '0',
  `active` tinyint(1) NOT NULL DEFAULT '1'
) ENGINE=InnoDB DEFAULT CHARSET=utf8;

--
-- Dumping data for table `vender`
--

INSERT INTO `vender` (`code`, `name`, `credit_term`, `active`) VALUES
('EUREKA', 'บจก. ยูเรก้า', 30, 1),
('SAKKA', 'บจก. ซักก้า กู๊ดดีไซน์ จำกัด', 60, 0),
('WARRIX', 'บจก. วอริกซ์ สปอร์ต', 30, 1);

-- --------------------------------------------------------

--
-- Table structure for table `warehouse`
--

CREATE TABLE `warehouse` (
  `code` varchar(20) NOT NULL,
  `name` varchar(100) NOT NULL,
  `role` int(1) NOT NULL DEFAULT '1',
  `active` tinyint(1) NOT NULL DEFAULT '1',
  `sell` tinyint(1) NOT NULL DEFAULT '1',
  `prepare` tinyint(1) NOT NULL DEFAULT '1',
  `auz` tinyint(1) NOT NULL DEFAULT '0' COMMENT 'ติดลบได้หรือไม่',
  `date_add` datetime DEFAULT CURRENT_TIMESTAMP,
  `date_upd` timestamp NOT NULL DEFAULT CURRENT_TIMESTAMP ON UPDATE CURRENT_TIMESTAMP,
  `update_user` varchar(50) DEFAULT NULL
) ENGINE=InnoDB DEFAULT CHARSET=utf8;

--
-- Dumping data for table `warehouse`
--

INSERT INTO `warehouse` (`code`, `name`, `role`, `active`, `sell`, `prepare`, `auz`, `date_add`, `date_upd`, `update_user`) VALUES
('0000', 'คลังหลัก', 1, 1, 1, 1, 0, '2019-12-20 11:53:51', '2019-12-20 04:53:51', 'sutouch'),
('0001', 'คลังสำรอง', 1, 1, 1, 1, 0, '2020-02-05 23:10:56', '2020-02-05 16:10:56', 'admin'),
('001', 'คลังรับเข้า', 5, 1, 0, 1, 0, '2020-01-19 22:11:53', '2020-01-19 15:11:53', 'admin'),
('CS001', 'คลังฝากขาย', 2, 1, 1, 1, 0, '2019-12-20 11:54:31', '2019-12-20 04:54:31', 'sutouch');

-- --------------------------------------------------------

--
-- Table structure for table `warehouse_role`
--

CREATE TABLE `warehouse_role` (
  `id` tinyint(2) NOT NULL,
  `name` varchar(50) NOT NULL
) ENGINE=InnoDB DEFAULT CHARSET=utf8;

--
-- Dumping data for table `warehouse_role`
--

INSERT INTO `warehouse_role` (`id`, `name`) VALUES
(1, 'คลังซื้อขาย'),
(2, 'คลังฝากขาย'),
(3, 'คลังรับฝากขาย'),
(4, 'คลังรับคืน'),
(5, 'คลังรับเข้า'),
(6, 'คลังแปรสภาพ'),
(7, 'คลังระหว่างทำ'),
(8, 'คลังยืมสินค้า');

-- --------------------------------------------------------

--
-- Table structure for table `zone`
--

CREATE TABLE `zone` (
  `id` int(11) NOT NULL,
  `code` varchar(20) NOT NULL,
  `name` varchar(254) NOT NULL,
  `warehouse_code` varchar(20) NOT NULL,
  `date_add` datetime DEFAULT CURRENT_TIMESTAMP,
  `date_upd` timestamp NOT NULL DEFAULT CURRENT_TIMESTAMP ON UPDATE CURRENT_TIMESTAMP,
  `update_user` varchar(50) DEFAULT NULL
) ENGINE=InnoDB DEFAULT CHARSET=utf8;

--
-- Dumping data for table `zone`
--

INSERT INTO `zone` (`id`, `code`, `name`, `warehouse_code`, `date_add`, `date_upd`, `update_user`) VALUES
(1, '0000', 'หน้าร้าน', '0000', '2019-12-20 11:54:58', '2019-12-20 04:54:58', 'sutouch'),
(2, 'C001', 'ฝากขาย ร้านโปรแกรม', 'CS001', '2020-01-16 18:09:56', '2020-01-16 11:09:56', 'admin'),
(3, 'R001', 'โซนรับเข้า', '001', '2020-01-19 22:12:18', '2020-01-19 15:12:18', 'admin'),
(4, '0001', 'หลังร้าน', '0000', '2020-01-27 14:14:01', '2020-01-27 07:14:01', 'admin'),
(5, '0002', 'ข้างร้าน', '0000', '2020-01-27 14:15:43', '2020-01-27 07:15:43', 'admin');

-- --------------------------------------------------------

--
-- Table structure for table `zone_customer`
--

CREATE TABLE `zone_customer` (
  `id` int(11) NOT NULL,
  `zone_code` varchar(20) DEFAULT NULL,
  `customer_code` varchar(20) DEFAULT NULL,
  `customer_name` varchar(100) DEFAULT NULL
) ENGINE=InnoDB DEFAULT CHARSET=utf8;

--
-- Dumping data for table `zone_customer`
--

INSERT INTO `zone_customer` (`id`, `zone_code`, `customer_code`, `customer_name`) VALUES
(1, 'C001', 'C0001', 'ร้าน โปรแกรม สปอร์ต');

--
-- Indexes for dumped tables
--

--
-- Indexes for table `address_bill_to`
--
ALTER TABLE `address_bill_to`
  ADD PRIMARY KEY (`id`),
  ADD UNIQUE KEY `customer_code_2` (`customer_code`),
  ADD KEY `customer_code` (`customer_code`);

--
-- Indexes for table `address_info`
--
ALTER TABLE `address_info`
  ADD PRIMARY KEY (`id`),
  ADD KEY `zipcode` (`zipcode`),
  ADD KEY `province` (`province`),
  ADD KEY `amphur` (`amphur`),
  ADD KEY `tumbon` (`tumbon`);

--
-- Indexes for table `address_sender`
--
ALTER TABLE `address_sender`
  ADD PRIMARY KEY (`id`),
  ADD KEY `show_in_list` (`show_in_list`);

--
-- Indexes for table `address_ship_to`
--
ALTER TABLE `address_ship_to`
  ADD PRIMARY KEY (`id`),
  ADD KEY `code` (`code`),
  ADD KEY `default` (`is_default`);

--
-- Indexes for table `address_transport`
--
ALTER TABLE `address_transport`
  ADD PRIMARY KEY (`id`),
  ADD KEY `customer_code` (`customer_code`);

--
-- Indexes for table `adjust`
--
ALTER TABLE `adjust`
  ADD PRIMARY KEY (`code`),
  ADD KEY `date_add` (`date_add`),
  ADD KEY `status` (`status`),
  ADD KEY `reference` (`reference`);

--
-- Indexes for table `adjust_detail`
--
ALTER TABLE `adjust_detail`
  ADD PRIMARY KEY (`id`),
  ADD KEY `valid` (`valid`),
  ADD KEY `adjust_code` (`adjust_code`),
  ADD KEY `warehouse_code` (`warehouse_code`),
  ADD KEY `zone_code` (`zone_code`),
  ADD KEY `product_code` (`product_code`),
  ADD KEY `id_diff` (`id_diff`);

--
-- Indexes for table `bank`
--
ALTER TABLE `bank`
  ADD PRIMARY KEY (`code`);

--
-- Indexes for table `bank_account`
--
ALTER TABLE `bank_account`
  ADD PRIMARY KEY (`id`),
  ADD KEY `active` (`active`);

--
-- Indexes for table `barcode_ean13`
--
ALTER TABLE `barcode_ean13`
  ADD PRIMARY KEY (`barcode`),
  ADD KEY `running` (`running`),
  ADD KEY `item_code` (`item_code`);

--
-- Indexes for table `barcode_local`
--
ALTER TABLE `barcode_local`
  ADD PRIMARY KEY (`barcode`),
  ADD KEY `item_code` (`item_code`);

--
-- Indexes for table `buffer`
--
ALTER TABLE `buffer`
  ADD PRIMARY KEY (`id`),
  ADD UNIQUE KEY `U_item` (`order_code`,`product_code`,`zone_code`) USING BTREE,
  ADD KEY `order_code` (`order_code`),
  ADD KEY `product_code` (`product_code`),
  ADD KEY `zone_code` (`zone_code`);

--
-- Indexes for table `cancle`
--
ALTER TABLE `cancle`
  ADD PRIMARY KEY (`id`),
  ADD UNIQUE KEY `order_code_2` (`order_code`,`product_code`,`zone_code`),
  ADD KEY `order_code` (`order_code`),
  ADD KEY `product_code` (`product_code`),
  ADD KEY `zone_code` (`zone_code`);

--
-- Indexes for table `channels`
--
ALTER TABLE `channels`
  ADD PRIMARY KEY (`code`),
  ADD KEY `fk_ch_cus_code` (`customer_code`),
  ADD KEY `is_online` (`is_online`);

--
-- Indexes for table `config`
--
ALTER TABLE `config`
  ADD PRIMARY KEY (`code`),
  ADD KEY `group_code` (`group_code`);

--
-- Indexes for table `config_group`
--
ALTER TABLE `config_group`
  ADD PRIMARY KEY (`code`),
  ADD KEY `position` (`position`);

--
-- Indexes for table `consign_box`
--
ALTER TABLE `consign_box`
  ADD PRIMARY KEY (`id`),
  ADD UNIQUE KEY `code_2` (`code`,`check_code`),
  ADD KEY `box_no` (`box_no`),
  ADD KEY `check_code` (`check_code`),
  ADD KEY `code` (`code`);

--
-- Indexes for table `consign_box_detail`
--
ALTER TABLE `consign_box_detail`
  ADD PRIMARY KEY (`id`),
  ADD UNIQUE KEY `id_box_2` (`id_box`,`product_code`),
  ADD KEY `id_box` (`id_box`),
  ADD KEY `check_code` (`check_code`),
  ADD KEY `product_code` (`product_code`);

--
-- Indexes for table `consign_check`
--
ALTER TABLE `consign_check`
  ADD PRIMARY KEY (`code`),
  ADD KEY `status` (`status`),
  ADD KEY `valid` (`valid`),
  ADD KEY `consign_ref` (`consign_code`),
  ADD KEY `customer_code` (`customer_code`),
  ADD KEY `customer_name` (`customer_name`),
  ADD KEY `zone_code` (`zone_code`);

--
-- Indexes for table `consign_check_detail`
--
ALTER TABLE `consign_check_detail`
  ADD PRIMARY KEY (`id`),
  ADD UNIQUE KEY `check_code_2` (`check_code`,`product_code`),
  ADD KEY `check_code` (`check_code`),
  ADD KEY `product_code` (`product_code`);

--
-- Indexes for table `consign_order`
--
ALTER TABLE `consign_order`
  ADD PRIMARY KEY (`code`),
  ADD KEY `status` (`status`),
  ADD KEY `date_add` (`date_add`),
  ADD KEY `ref_code` (`ref_code`),
  ADD KEY `zone_code` (`zone_code`),
  ADD KEY `customer_code` (`customer_code`),
  ADD KEY `zone_name` (`zone_name`);

--
-- Indexes for table `consign_order_detail`
--
ALTER TABLE `consign_order_detail`
  ADD PRIMARY KEY (`id`),
  ADD KEY `consign_code` (`consign_code`),
  ADD KEY `style_code` (`style_code`),
  ADD KEY `product_code` (`product_code`),
  ADD KEY `status` (`status`),
  ADD KEY `ref_code` (`ref_code`),
  ADD KEY `input_type` (`input_type`);

--
-- Indexes for table `customers`
--
ALTER TABLE `customers`
  ADD PRIMARY KEY (`code`),
  ADD KEY `group_code` (`group_code`),
  ADD KEY `kind_code` (`kind_code`),
  ADD KEY `type_code` (`type_code`),
  ADD KEY `class_code` (`class_code`),
  ADD KEY `area_code` (`area_code`),
  ADD KEY `sale_code` (`sale_code`),
  ADD KEY `credit_term` (`credit_term`);

--
-- Indexes for table `customer_area`
--
ALTER TABLE `customer_area`
  ADD PRIMARY KEY (`code`);

--
-- Indexes for table `customer_class`
--
ALTER TABLE `customer_class`
  ADD PRIMARY KEY (`code`);

--
-- Indexes for table `customer_group`
--
ALTER TABLE `customer_group`
  ADD PRIMARY KEY (`code`);

--
-- Indexes for table `customer_kind`
--
ALTER TABLE `customer_kind`
  ADD PRIMARY KEY (`code`);

--
-- Indexes for table `customer_type`
--
ALTER TABLE `customer_type`
  ADD PRIMARY KEY (`code`);

--
-- Indexes for table `discount_logs`
--
ALTER TABLE `discount_logs`
  ADD PRIMARY KEY (`id`);

--
-- Indexes for table `discount_policy`
--
ALTER TABLE `discount_policy`
  ADD PRIMARY KEY (`id`),
  ADD UNIQUE KEY `code` (`code`),
  ADD KEY `start_date` (`start_date`),
  ADD KEY `end_date` (`end_date`),
  ADD KEY `active` (`active`);

--
-- Indexes for table `discount_rule`
--
ALTER TABLE `discount_rule`
  ADD PRIMARY KEY (`id`),
  ADD KEY `all_channels` (`all_channels`),
  ADD KEY `all_payment` (`all_payment`),
  ADD KEY `all_customer` (`all_customer`),
  ADD KEY `all_product` (`all_product`),
  ADD KEY `qty` (`qty`),
  ADD KEY `amount` (`amount`),
  ADD KEY `active` (`active`),
  ADD KEY `isDeleted` (`isDeleted`),
  ADD KEY `canGroup` (`canGroup`),
  ADD KEY `id_policy` (`id_policy`) USING BTREE;

--
-- Indexes for table `discount_rule_channels`
--
ALTER TABLE `discount_rule_channels`
  ADD PRIMARY KEY (`id`),
  ADD KEY `id_rule` (`id_rule`);

--
-- Indexes for table `discount_rule_customer`
--
ALTER TABLE `discount_rule_customer`
  ADD PRIMARY KEY (`id`),
  ADD KEY `id_rule` (`id_rule`),
  ADD KEY `customer_code` (`customer_code`);

--
-- Indexes for table `discount_rule_customer_area`
--
ALTER TABLE `discount_rule_customer_area`
  ADD PRIMARY KEY (`id`),
  ADD KEY `id_rule` (`id_rule`),
  ADD KEY `area_code` (`area_code`);

--
-- Indexes for table `discount_rule_customer_class`
--
ALTER TABLE `discount_rule_customer_class`
  ADD PRIMARY KEY (`id`),
  ADD KEY `id_rule` (`id_rule`);

--
-- Indexes for table `discount_rule_customer_group`
--
ALTER TABLE `discount_rule_customer_group`
  ADD PRIMARY KEY (`id`),
  ADD KEY `id_rule` (`id_rule`),
  ADD KEY `customer_group` (`group_code`);

--
-- Indexes for table `discount_rule_customer_kind`
--
ALTER TABLE `discount_rule_customer_kind`
  ADD PRIMARY KEY (`id`),
  ADD KEY `id_rule` (`id_rule`),
  ADD KEY `kind_code` (`kind_code`);

--
-- Indexes for table `discount_rule_customer_type`
--
ALTER TABLE `discount_rule_customer_type`
  ADD PRIMARY KEY (`id`),
  ADD KEY `id_rule` (`id_rule`),
  ADD KEY `type_code` (`type_code`);

--
-- Indexes for table `discount_rule_payment`
--
ALTER TABLE `discount_rule_payment`
  ADD PRIMARY KEY (`id`),
  ADD KEY `id_rule` (`id_rule`),
  ADD KEY `payment_code` (`payment_code`);

--
-- Indexes for table `discount_rule_product`
--
ALTER TABLE `discount_rule_product`
  ADD PRIMARY KEY (`id`),
  ADD KEY `id_rule` (`id_rule`),
  ADD KEY `product_code` (`product_code`);

--
-- Indexes for table `discount_rule_product_brand`
--
ALTER TABLE `discount_rule_product_brand`
  ADD PRIMARY KEY (`id`),
  ADD KEY `id_rule` (`id_rule`),
  ADD KEY `brand_code` (`brand_code`);

--
-- Indexes for table `discount_rule_product_category`
--
ALTER TABLE `discount_rule_product_category`
  ADD PRIMARY KEY (`id`),
  ADD KEY `category_code` (`category_code`),
  ADD KEY `id_rule` (`id_rule`);

--
-- Indexes for table `discount_rule_product_group`
--
ALTER TABLE `discount_rule_product_group`
  ADD PRIMARY KEY (`id`),
  ADD KEY `id_rule` (`id_rule`),
  ADD KEY `group_code` (`group_code`);

--
-- Indexes for table `discount_rule_product_kind`
--
ALTER TABLE `discount_rule_product_kind`
  ADD PRIMARY KEY (`id`),
  ADD KEY `kind_code` (`kind_code`),
  ADD KEY `id_rule` (`id_rule`);

--
-- Indexes for table `discount_rule_product_style`
--
ALTER TABLE `discount_rule_product_style`
  ADD PRIMARY KEY (`id`),
  ADD KEY `id_rule` (`id_rule`),
  ADD KEY `style_code` (`style_code`);

--
-- Indexes for table `discount_rule_product_sub_group`
--
ALTER TABLE `discount_rule_product_sub_group`
  ADD PRIMARY KEY (`id`),
  ADD KEY `sub_group_code` (`sub_group_code`),
  ADD KEY `id_rule` (`id_rule`);

--
-- Indexes for table `discount_rule_product_type`
--
ALTER TABLE `discount_rule_product_type`
  ADD PRIMARY KEY (`id`),
  ADD KEY `id_rule` (`id_rule`),
  ADD KEY `type_code` (`type_code`);

--
-- Indexes for table `discount_rule_product_year`
--
ALTER TABLE `discount_rule_product_year`
  ADD PRIMARY KEY (`id`),
  ADD KEY `id_rule` (`id_rule`),
  ADD KEY `year` (`year`);

--
-- Indexes for table `employee`
--
ALTER TABLE `employee`
  ADD PRIMARY KEY (`code`),
  ADD KEY `active` (`active`);

--
-- Indexes for table `images`
--
ALTER TABLE `images`
  ADD PRIMARY KEY (`id`),
  ADD KEY `style` (`style`);

--
-- Indexes for table `image_product`
--
ALTER TABLE `image_product`
  ADD PRIMARY KEY (`id`),
  ADD UNIQUE KEY `code` (`code`),
  ADD KEY `fk_id_mage` (`id_image`);

--
-- Indexes for table `keys`
--
ALTER TABLE `keys`
  ADD PRIMARY KEY (`id`);

--
-- Indexes for table `menu`
--
ALTER TABLE `menu`
  ADD PRIMARY KEY (`code`),
  ADD KEY `groupCode` (`group_code`),
  ADD KEY `active` (`active`),
  ADD KEY `sub_group` (`sub_group`),
  ADD KEY `valid` (`valid`);

--
-- Indexes for table `menu_group`
--
ALTER TABLE `menu_group`
  ADD PRIMARY KEY (`code`),
  ADD UNIQUE KEY `name` (`name`),
  ADD UNIQUE KEY `position` (`position`),
  ADD KEY `isActive` (`active`),
  ADD KEY `valid` (`valid`),
  ADD KEY `type` (`type`);

--
-- Indexes for table `menu_sub_group`
--
ALTER TABLE `menu_sub_group`
  ADD PRIMARY KEY (`code`),
  ADD KEY `group_code` (`group_code`),
  ADD KEY `position` (`position`);

--
-- Indexes for table `move`
--
ALTER TABLE `move`
  ADD PRIMARY KEY (`code`),
  ADD KEY `status` (`status`),
  ADD KEY `date_add` (`date_add`),
  ADD KEY `from_warehouse` (`from_warehouse`),
  ADD KEY `to_warehouse` (`to_warehouse`),
  ADD KEY `is_approve` (`is_approve`),
  ADD KEY `inv_code` (`inv_code`);

--
-- Indexes for table `move_detail`
--
ALTER TABLE `move_detail`
  ADD PRIMARY KEY (`id`),
  ADD KEY `transfer_code` (`move_code`),
  ADD KEY `product_code` (`product_code`),
  ADD KEY `valid` (`valid`);

--
-- Indexes for table `move_temp`
--
ALTER TABLE `move_temp`
  ADD PRIMARY KEY (`id`),
  ADD KEY `fk_transfer_code` (`move_code`),
  ADD KEY `fk_transfer_product` (`product_code`),
  ADD KEY `zone_code` (`zone_code`);

--
-- Indexes for table `orders`
--
ALTER TABLE `orders`
  ADD PRIMARY KEY (`code`),
  ADD KEY `fk_channels_code` (`channels_code`),
  ADD KEY `fk_payment_code` (`payment_code`),
  ADD KEY `fk_customer` (`customer_code`),
  ADD KEY `fk_sale_code` (`sale_code`),
  ADD KEY `role` (`role`),
  ADD KEY `ref_code` (`reference`),
  ADD KEY `state` (`state`),
  ADD KEY `customer_ref` (`customer_ref`),
  ADD KEY `warehouse_code` (`warehouse_code`),
  ADD KEY `zone_code` (`zone_code`),
  ADD KEY `qt_no` (`qt_no`);

--
-- Indexes for table `order_credit`
--
ALTER TABLE `order_credit`
  ADD PRIMARY KEY (`id`),
  ADD UNIQUE KEY `order_code` (`order_code`),
  ADD KEY `customer_code` (`customer_code`),
  ADD KEY `valid` (`valid`),
  ADD KEY `over_due_date` (`over_due_date`),
  ADD KEY `due_date` (`due_date`),
  ADD KEY `delivery_date` (`delivery_date`);

--
-- Indexes for table `order_details`
--
ALTER TABLE `order_details`
  ADD PRIMARY KEY (`id`),
  ADD KEY `order_code` (`order_code`),
  ADD KEY `fk_order_style` (`style_code`),
  ADD KEY `fk_product_code` (`product_code`),
  ADD KEY `is_complete` (`is_complete`),
  ADD KEY `fl_id_rule` (`id_rule`);

--
-- Indexes for table `order_lend_detail`
--
ALTER TABLE `order_lend_detail`
  ADD PRIMARY KEY (`id`),
  ADD KEY `order_code` (`order_code`),
  ADD KEY `product_code` (`product_code`),
  ADD KEY `fk_lend_user` (`customer_code`);

--
-- Indexes for table `order_payment`
--
ALTER TABLE `order_payment`
  ADD PRIMARY KEY (`id`),
  ADD KEY `valid` (`valid`),
  ADD KEY `pay_date` (`pay_date`),
  ADD KEY `acc_no` (`acc_no`),
  ADD KEY `user` (`user`),
  ADD KEY `is_deposit` (`is_deposit`),
  ADD KEY `order_code` (`order_code`);

--
-- Indexes for table `order_quotation`
--
ALTER TABLE `order_quotation`
  ADD PRIMARY KEY (`code`),
  ADD KEY `fk_customer` (`customer_code`),
  ADD KEY `ref_code` (`reference`),
  ADD KEY `customer_ref` (`contact`),
  ADD KEY `credit_term` (`credit_term`),
  ADD KEY `is_term` (`is_term`),
  ADD KEY `is_closed` (`is_closed`);

--
-- Indexes for table `order_quotation_detail`
--
ALTER TABLE `order_quotation_detail`
  ADD PRIMARY KEY (`id`),
  ADD KEY `order_code` (`quotation_code`),
  ADD KEY `fk_order_style` (`style_code`),
  ADD KEY `fk_product_code` (`product_code`),
  ADD KEY `count_stock` (`count_stock`),
  ADD KEY `is_cancle` (`is_cancle`);

--
-- Indexes for table `order_repay`
--
ALTER TABLE `order_repay`
  ADD PRIMARY KEY (`code`),
  ADD KEY `customer_code` (`customer_code`),
  ADD KEY `status` (`status`),
  ADD KEY `date_add` (`date_add`),
  ADD KEY `pay_type` (`pay_type`);

--
-- Indexes for table `order_repay_detail`
--
ALTER TABLE `order_repay_detail`
  ADD PRIMARY KEY (`id`),
  ADD KEY `repay_code` (`repay_code`),
  ADD KEY `reference` (`reference`);

--
-- Indexes for table `order_role`
--
ALTER TABLE `order_role`
  ADD PRIMARY KEY (`code`);

--
-- Indexes for table `order_sold`
--
ALTER TABLE `order_sold`
  ADD PRIMARY KEY (`id`),
  ADD KEY `reference` (`reference`),
  ADD KEY `id_policy` (`id_policy`),
  ADD KEY `id_rule` (`id_rule`),
  ADD KEY `inv_code` (`inv_code`),
  ADD KEY `fk_order_sold_sale_code` (`sale_code`);

--
-- Indexes for table `order_state`
--
ALTER TABLE `order_state`
  ADD PRIMARY KEY (`state`);

--
-- Indexes for table `order_state_change`
--
ALTER TABLE `order_state_change`
  ADD PRIMARY KEY (`id`),
  ADD KEY `order_code` (`order_code`);

--
-- Indexes for table `order_transform`
--
ALTER TABLE `order_transform`
  ADD PRIMARY KEY (`order_code`),
  ADD KEY `is_closed` (`is_closed`);

--
-- Indexes for table `order_transform_detail`
--
ALTER TABLE `order_transform_detail`
  ADD PRIMARY KEY (`id`),
  ADD KEY `order_code` (`order_code`),
  ADD KEY `id_order_detail` (`id_order_detail`),
  ADD KEY `original_code` (`original_code`),
  ADD KEY `product_code` (`product_code`);

--
-- Indexes for table `payment_method`
--
ALTER TABLE `payment_method`
  ADD PRIMARY KEY (`code`),
  ADD KEY `role` (`role`);

--
-- Indexes for table `payment_receive`
--
ALTER TABLE `payment_receive`
  ADD PRIMARY KEY (`id`),
  ADD KEY `reference` (`reference`),
  ADD KEY `customer_code` (`customer_code`),
  ADD KEY `fk_payment_type` (`payment_type`);

--
-- Indexes for table `payment_role`
--
ALTER TABLE `payment_role`
  ADD PRIMARY KEY (`id`);

--
-- Indexes for table `payment_type`
--
ALTER TABLE `payment_type`
  ADD PRIMARY KEY (`code`);

--
-- Indexes for table `permission`
--
ALTER TABLE `permission`
  ADD PRIMARY KEY (`id`),
  ADD UNIQUE KEY `menu` (`menu`,`uid`,`id_profile`);

--
-- Indexes for table `po`
--
ALTER TABLE `po`
  ADD PRIMARY KEY (`code`),
  ADD KEY `vender_code` (`vender_code`),
  ADD KEY `status` (`status`);

--
-- Indexes for table `po_detail`
--
ALTER TABLE `po_detail`
  ADD PRIMARY KEY (`id`),
  ADD KEY `valid` (`valid`),
  ADD KEY `po_product` (`product_code`);

--
-- Indexes for table `prepare`
--
ALTER TABLE `prepare`
  ADD PRIMARY KEY (`id`),
  ADD KEY `order_code` (`order_code`),
  ADD KEY `product_code` (`product_code`);

--
-- Indexes for table `price_logs`
--
ALTER TABLE `price_logs`
  ADD PRIMARY KEY (`id`);

--
-- Indexes for table `products`
--
ALTER TABLE `products`
  ADD PRIMARY KEY (`code`),
  ADD KEY `style_code` (`style_code`),
  ADD KEY `color_code` (`color_code`),
  ADD KEY `size_code` (`size_code`),
  ADD KEY `group_code` (`group_code`),
  ADD KEY `category_code` (`category_code`),
  ADD KEY `kind_code` (`kind_code`),
  ADD KEY `type_code` (`type_code`),
  ADD KEY `brand_code` (`brand_code`),
  ADD KEY `year` (`year`),
  ADD KEY `count_stock` (`count_stock`),
  ADD KEY `can_sell` (`can_sell`),
  ADD KEY `active` (`active`),
  ADD KEY `is_deleted` (`is_deleted`),
  ADD KEY `date_upd` (`date_upd`),
  ADD KEY `barcode` (`barcode`),
  ADD KEY `is_api` (`is_api`);

--
-- Indexes for table `product_brand`
--
ALTER TABLE `product_brand`
  ADD PRIMARY KEY (`code`);

--
-- Indexes for table `product_category`
--
ALTER TABLE `product_category`
  ADD PRIMARY KEY (`code`);

--
-- Indexes for table `product_color`
--
ALTER TABLE `product_color`
  ADD PRIMARY KEY (`code`),
  ADD KEY `active` (`active`),
  ADD KEY `code` (`code`),
  ADD KEY `gen_code` (`gen_code`),
  ADD KEY `id_group` (`id_group`);

--
-- Indexes for table `product_color_group`
--
ALTER TABLE `product_color_group`
  ADD PRIMARY KEY (`id`);

--
-- Indexes for table `product_group`
--
ALTER TABLE `product_group`
  ADD PRIMARY KEY (`code`);

--
-- Indexes for table `product_kind`
--
ALTER TABLE `product_kind`
  ADD PRIMARY KEY (`code`);

--
-- Indexes for table `product_size`
--
ALTER TABLE `product_size`
  ADD PRIMARY KEY (`code`),
  ADD KEY `active` (`active`);

--
-- Indexes for table `product_style`
--
ALTER TABLE `product_style`
  ADD PRIMARY KEY (`code`),
  ADD KEY `group_code` (`group_code`),
  ADD KEY `category_code` (`category_code`),
  ADD KEY `kind_code` (`kind_code`),
  ADD KEY `type_code` (`type_code`),
  ADD KEY `brand_code` (`brand_code`),
  ADD KEY `year` (`year`),
  ADD KEY `unit_code` (`unit_code`),
  ADD KEY `count_stock` (`count_stock`),
  ADD KEY `can_sell` (`can_sell`),
  ADD KEY `active` (`active`),
  ADD KEY `is_deleted` (`is_deleted`),
  ADD KEY `sub_group_code` (`sub_group_code`),
  ADD KEY `is_api` (`is_api`);

--
-- Indexes for table `product_sub_group`
--
ALTER TABLE `product_sub_group`
  ADD PRIMARY KEY (`code`);

--
-- Indexes for table `product_tab`
--
ALTER TABLE `product_tab`
  ADD PRIMARY KEY (`id`);

--
-- Indexes for table `product_tab_style`
--
ALTER TABLE `product_tab_style`
  ADD KEY `style_code` (`style_code`),
  ADD KEY `id_tab` (`id_tab`);

--
-- Indexes for table `product_type`
--
ALTER TABLE `product_type`
  ADD PRIMARY KEY (`code`);

--
-- Indexes for table `profile`
--
ALTER TABLE `profile`
  ADD PRIMARY KEY (`id`),
  ADD UNIQUE KEY `name` (`name`);

--
-- Indexes for table `qc`
--
ALTER TABLE `qc`
  ADD PRIMARY KEY (`id`),
  ADD KEY `order_code` (`order_code`),
  ADD KEY `product_code` (`product_code`),
  ADD KEY `box_id` (`box_id`);

--
-- Indexes for table `qc_box`
--
ALTER TABLE `qc_box`
  ADD PRIMARY KEY (`id`),
  ADD KEY `code` (`code`),
  ADD KEY `order_code` (`order_code`);

--
-- Indexes for table `receive_product`
--
ALTER TABLE `receive_product`
  ADD PRIMARY KEY (`code`),
  ADD KEY `vendor_code` (`vender_code`),
  ADD KEY `po_code` (`po_code`),
  ADD KEY `date_add` (`date_add`),
  ADD KEY `is_save` (`status`),
  ADD KEY `invoice_code` (`invoice_code`);

--
-- Indexes for table `receive_product_detail`
--
ALTER TABLE `receive_product_detail`
  ADD PRIMARY KEY (`id`),
  ADD KEY `receive_code` (`receive_code`),
  ADD KEY `style_code` (`style_code`),
  ADD KEY `product_code` (`product_code`),
  ADD KEY `is_cancle` (`status`),
  ADD KEY `po_code` (`po_code`);

--
-- Indexes for table `receive_transform`
--
ALTER TABLE `receive_transform`
  ADD PRIMARY KEY (`code`),
  ADD KEY `order_code` (`order_code`),
  ADD KEY `invoice_code` (`invoice_code`),
  ADD KEY `date_add` (`date_add`),
  ADD KEY `inv_code` (`inv_code`),
  ADD KEY `status` (`status`);

--
-- Indexes for table `receive_transform_detail`
--
ALTER TABLE `receive_transform_detail`
  ADD PRIMARY KEY (`id`),
  ADD KEY `receive_code` (`receive_code`),
  ADD KEY `style_code` (`style_code`),
  ADD KEY `product_code` (`product_code`),
  ADD KEY `is_cancle` (`is_cancle`);

--
-- Indexes for table `return_lend`
--
ALTER TABLE `return_lend`
  ADD PRIMARY KEY (`code`),
  ADD KEY `order_code` (`lend_code`),
  ADD KEY `customer_code` (`customer_code`),
  ADD KEY `ีdate_add` (`date_add`),
  ADD KEY `from_warehouse` (`from_warehouse`),
  ADD KEY `from_zone` (`from_zone`),
  ADD KEY `to_warehouse` (`to_warehouse`),
  ADD KEY `to_zone` (`to_zone`),
  ADD KEY `inv_code` (`inv_code`);

--
-- Indexes for table `return_lend_detail`
--
ALTER TABLE `return_lend_detail`
  ADD PRIMARY KEY (`id`),
  ADD KEY `return_code` (`return_code`),
  ADD KEY `product_code` (`product_code`),
  ADD KEY `is_cancle` (`status`),
  ADD KEY `lend_code` (`lend_code`);

--
-- Indexes for table `return_order`
--
ALTER TABLE `return_order`
  ADD PRIMARY KEY (`code`),
  ADD KEY `customer_code` (`customer_code`),
  ADD KEY `date_add` (`date_add`),
  ADD KEY `user` (`user`),
  ADD KEY `warehouse_code` (`warehouse_code`),
  ADD KEY `zone_code` (`zone_code`),
  ADD KEY `inv_code` (`inv_code`),
  ADD KEY `Invoice` (`invoice`) USING BTREE,
  ADD KEY `approver` (`approver`),
  ADD KEY `is_approve` (`is_approve`);

--
-- Indexes for table `return_order_detail`
--
ALTER TABLE `return_order_detail`
  ADD PRIMARY KEY (`id`),
  ADD KEY `valid` (`is_cancle`),
  ADD KEY `return_code` (`return_code`),
  ADD KEY `product_code` (`product_code`),
  ADD KEY `invoice_code` (`invoice_code`);

--
-- Indexes for table `saleman`
--
ALTER TABLE `saleman`
  ADD PRIMARY KEY (`code`),
  ADD KEY `area_code` (`area_code`);

--
-- Indexes for table `stock`
--
ALTER TABLE `stock`
  ADD PRIMARY KEY (`id`),
  ADD UNIQUE KEY `stock_zone` (`product_code`,`zone_code`) USING BTREE,
  ADD KEY `product_code` (`product_code`),
  ADD KEY `zone_code` (`zone_code`);

--
-- Indexes for table `stock_movement`
--
ALTER TABLE `stock_movement`
  ADD PRIMARY KEY (`id`),
  ADD KEY `stock_zone` (`zone_code`),
  ADD KEY `stock_wh` (`warehouse_code`);

--
-- Indexes for table `transfer`
--
ALTER TABLE `transfer`
  ADD PRIMARY KEY (`code`),
  ADD KEY `status` (`status`),
  ADD KEY `date_add` (`date_add`),
  ADD KEY `from_warehouse` (`from_warehouse`),
  ADD KEY `to_warehouse` (`to_warehouse`),
  ADD KEY `is_approve` (`is_approve`),
  ADD KEY `inv_code` (`inv_code`);

--
-- Indexes for table `transfer_detail`
--
ALTER TABLE `transfer_detail`
  ADD PRIMARY KEY (`id`),
  ADD KEY `transfer_code` (`transfer_code`),
  ADD KEY `product_code` (`product_code`),
  ADD KEY `valid` (`valid`);

--
-- Indexes for table `transfer_temp`
--
ALTER TABLE `transfer_temp`
  ADD PRIMARY KEY (`id`),
  ADD KEY `fk_transfer_code` (`transfer_code`),
  ADD KEY `fk_transfer_product` (`product_code`),
  ADD KEY `zone_code` (`zone_code`);

--
-- Indexes for table `unit`
--
ALTER TABLE `unit`
  ADD PRIMARY KEY (`code`);

--
-- Indexes for table `user`
--
ALTER TABLE `user`
  ADD PRIMARY KEY (`id`),
  ADD UNIQUE KEY `uname` (`uname`),
  ADD UNIQUE KEY `name` (`name`),
  ADD UNIQUE KEY `uid` (`uid`),
  ADD KEY `active` (`active`),
  ADD KEY `fk_profile_id` (`id_profile`),
  ADD KEY `id_employee` (`emp_code`),
  ADD KEY `sale_id` (`sale_code`),
  ADD KEY `is_viewer` (`is_viewer`);

--
-- Indexes for table `vat_group`
--
ALTER TABLE `vat_group`
  ADD PRIMARY KEY (`code`);

--
-- Indexes for table `vender`
--
ALTER TABLE `vender`
  ADD PRIMARY KEY (`code`),
  ADD KEY `active` (`active`);

--
-- Indexes for table `warehouse`
--
ALTER TABLE `warehouse`
  ADD PRIMARY KEY (`code`),
  ADD KEY `role` (`role`),
  ADD KEY `active` (`active`),
  ADD KEY `auz` (`auz`),
  ADD KEY `sap_credateDate` (`date_add`);

--
-- Indexes for table `warehouse_role`
--
ALTER TABLE `warehouse_role`
  ADD PRIMARY KEY (`id`);

--
-- Indexes for table `zone`
--
ALTER TABLE `zone`
  ADD PRIMARY KEY (`id`),
  ADD UNIQUE KEY `code` (`code`) USING BTREE,
  ADD KEY `warehouse_code` (`warehouse_code`),
  ADD KEY `sap_createDate` (`date_add`);

--
-- Indexes for table `zone_customer`
--
ALTER TABLE `zone_customer`
  ADD PRIMARY KEY (`id`),
  ADD UNIQUE KEY `zone_code_2` (`zone_code`,`customer_code`),
  ADD KEY `zone_code` (`zone_code`),
  ADD KEY `customer_code` (`customer_code`),
  ADD KEY `customer_name` (`customer_name`);

--
-- AUTO_INCREMENT for dumped tables
--

--
-- AUTO_INCREMENT for table `address_bill_to`
--
ALTER TABLE `address_bill_to`
  MODIFY `id` int(11) NOT NULL AUTO_INCREMENT, AUTO_INCREMENT=2;

--
-- AUTO_INCREMENT for table `address_info`
--
ALTER TABLE `address_info`
  MODIFY `id` int(11) NOT NULL AUTO_INCREMENT, AUTO_INCREMENT=7427;

--
-- AUTO_INCREMENT for table `address_sender`
--
ALTER TABLE `address_sender`
  MODIFY `id` int(5) NOT NULL AUTO_INCREMENT, AUTO_INCREMENT=6;

--
-- AUTO_INCREMENT for table `address_ship_to`
--
ALTER TABLE `address_ship_to`
  MODIFY `id` int(11) NOT NULL AUTO_INCREMENT, AUTO_INCREMENT=8;

--
-- AUTO_INCREMENT for table `address_transport`
--
ALTER TABLE `address_transport`
  MODIFY `id` int(11) NOT NULL AUTO_INCREMENT, AUTO_INCREMENT=2;

--
-- AUTO_INCREMENT for table `adjust_detail`
--
ALTER TABLE `adjust_detail`
  MODIFY `id` int(11) NOT NULL AUTO_INCREMENT, AUTO_INCREMENT=8;

--
-- AUTO_INCREMENT for table `bank_account`
--
ALTER TABLE `bank_account`
  MODIFY `id` int(11) NOT NULL AUTO_INCREMENT, AUTO_INCREMENT=3;

--
-- AUTO_INCREMENT for table `buffer`
--
ALTER TABLE `buffer`
  MODIFY `id` int(11) NOT NULL AUTO_INCREMENT;

--
-- AUTO_INCREMENT for table `cancle`
--
ALTER TABLE `cancle`
  MODIFY `id` int(11) NOT NULL AUTO_INCREMENT;

--
-- AUTO_INCREMENT for table `consign_box`
--
ALTER TABLE `consign_box`
  MODIFY `id` int(11) NOT NULL AUTO_INCREMENT, AUTO_INCREMENT=3;

--
-- AUTO_INCREMENT for table `consign_box_detail`
--
ALTER TABLE `consign_box_detail`
  MODIFY `id` int(11) NOT NULL AUTO_INCREMENT, AUTO_INCREMENT=10;

--
-- AUTO_INCREMENT for table `consign_check_detail`
--
ALTER TABLE `consign_check_detail`
  MODIFY `id` int(11) NOT NULL AUTO_INCREMENT, AUTO_INCREMENT=19;

--
-- AUTO_INCREMENT for table `consign_order_detail`
--
ALTER TABLE `consign_order_detail`
  MODIFY `id` int(11) NOT NULL AUTO_INCREMENT, AUTO_INCREMENT=23;

--
-- AUTO_INCREMENT for table `discount_logs`
--
ALTER TABLE `discount_logs`
  MODIFY `id` int(11) NOT NULL AUTO_INCREMENT, AUTO_INCREMENT=12;

--
-- AUTO_INCREMENT for table `discount_policy`
--
ALTER TABLE `discount_policy`
  MODIFY `id` int(11) NOT NULL AUTO_INCREMENT, AUTO_INCREMENT=2;

--
-- AUTO_INCREMENT for table `discount_rule`
--
ALTER TABLE `discount_rule`
  MODIFY `id` int(11) NOT NULL AUTO_INCREMENT, AUTO_INCREMENT=6;

--
-- AUTO_INCREMENT for table `discount_rule_channels`
--
ALTER TABLE `discount_rule_channels`
  MODIFY `id` int(11) NOT NULL AUTO_INCREMENT;

--
-- AUTO_INCREMENT for table `discount_rule_customer`
--
ALTER TABLE `discount_rule_customer`
  MODIFY `id` int(11) NOT NULL AUTO_INCREMENT;

--
-- AUTO_INCREMENT for table `discount_rule_customer_area`
--
ALTER TABLE `discount_rule_customer_area`
  MODIFY `id` int(11) NOT NULL AUTO_INCREMENT;

--
-- AUTO_INCREMENT for table `discount_rule_customer_class`
--
ALTER TABLE `discount_rule_customer_class`
  MODIFY `id` int(11) NOT NULL AUTO_INCREMENT;

--
-- AUTO_INCREMENT for table `discount_rule_customer_group`
--
ALTER TABLE `discount_rule_customer_group`
  MODIFY `id` int(11) NOT NULL AUTO_INCREMENT, AUTO_INCREMENT=5;

--
-- AUTO_INCREMENT for table `discount_rule_customer_kind`
--
ALTER TABLE `discount_rule_customer_kind`
  MODIFY `id` int(11) NOT NULL AUTO_INCREMENT;

--
-- AUTO_INCREMENT for table `discount_rule_customer_type`
--
ALTER TABLE `discount_rule_customer_type`
  MODIFY `id` int(11) NOT NULL AUTO_INCREMENT;

--
-- AUTO_INCREMENT for table `discount_rule_payment`
--
ALTER TABLE `discount_rule_payment`
  MODIFY `id` int(11) NOT NULL AUTO_INCREMENT;

--
-- AUTO_INCREMENT for table `discount_rule_product`
--
ALTER TABLE `discount_rule_product`
  MODIFY `id` int(11) NOT NULL AUTO_INCREMENT, AUTO_INCREMENT=3;

--
-- AUTO_INCREMENT for table `discount_rule_product_brand`
--
ALTER TABLE `discount_rule_product_brand`
  MODIFY `id` int(11) NOT NULL AUTO_INCREMENT;

--
-- AUTO_INCREMENT for table `discount_rule_product_category`
--
ALTER TABLE `discount_rule_product_category`
  MODIFY `id` int(11) NOT NULL AUTO_INCREMENT, AUTO_INCREMENT=3;

--
-- AUTO_INCREMENT for table `discount_rule_product_group`
--
ALTER TABLE `discount_rule_product_group`
  MODIFY `id` int(11) NOT NULL AUTO_INCREMENT, AUTO_INCREMENT=4;

--
-- AUTO_INCREMENT for table `discount_rule_product_kind`
--
ALTER TABLE `discount_rule_product_kind`
  MODIFY `id` int(11) NOT NULL AUTO_INCREMENT;

--
-- AUTO_INCREMENT for table `discount_rule_product_style`
--
ALTER TABLE `discount_rule_product_style`
  MODIFY `id` int(11) NOT NULL AUTO_INCREMENT;

--
-- AUTO_INCREMENT for table `discount_rule_product_sub_group`
--
ALTER TABLE `discount_rule_product_sub_group`
  MODIFY `id` int(11) NOT NULL AUTO_INCREMENT;

--
-- AUTO_INCREMENT for table `discount_rule_product_type`
--
ALTER TABLE `discount_rule_product_type`
  MODIFY `id` int(11) NOT NULL AUTO_INCREMENT;

--
-- AUTO_INCREMENT for table `discount_rule_product_year`
--
ALTER TABLE `discount_rule_product_year`
  MODIFY `id` int(11) NOT NULL AUTO_INCREMENT;

--
-- AUTO_INCREMENT for table `images`
--
ALTER TABLE `images`
  MODIFY `id` int(11) NOT NULL AUTO_INCREMENT, AUTO_INCREMENT=27;

--
-- AUTO_INCREMENT for table `image_product`
--
ALTER TABLE `image_product`
  MODIFY `id` int(11) NOT NULL AUTO_INCREMENT, AUTO_INCREMENT=190;

--
-- AUTO_INCREMENT for table `keys`
--
ALTER TABLE `keys`
  MODIFY `id` int(11) NOT NULL AUTO_INCREMENT, AUTO_INCREMENT=2;

--
-- AUTO_INCREMENT for table `move_detail`
--
ALTER TABLE `move_detail`
  MODIFY `id` int(11) NOT NULL AUTO_INCREMENT, AUTO_INCREMENT=5;

--
-- AUTO_INCREMENT for table `move_temp`
--
ALTER TABLE `move_temp`
  MODIFY `id` int(11) NOT NULL AUTO_INCREMENT;

--
-- AUTO_INCREMENT for table `order_credit`
--
ALTER TABLE `order_credit`
  MODIFY `id` int(11) NOT NULL AUTO_INCREMENT, AUTO_INCREMENT=13;

--
-- AUTO_INCREMENT for table `order_details`
--
ALTER TABLE `order_details`
  MODIFY `id` int(11) NOT NULL AUTO_INCREMENT, AUTO_INCREMENT=100;

--
-- AUTO_INCREMENT for table `order_lend_detail`
--
ALTER TABLE `order_lend_detail`
  MODIFY `id` int(11) NOT NULL AUTO_INCREMENT;

--
-- AUTO_INCREMENT for table `order_payment`
--
ALTER TABLE `order_payment`
  MODIFY `id` int(11) NOT NULL AUTO_INCREMENT, AUTO_INCREMENT=11;

--
-- AUTO_INCREMENT for table `order_quotation_detail`
--
ALTER TABLE `order_quotation_detail`
  MODIFY `id` int(11) NOT NULL AUTO_INCREMENT, AUTO_INCREMENT=28;

--
-- AUTO_INCREMENT for table `order_repay_detail`
--
ALTER TABLE `order_repay_detail`
  MODIFY `id` int(11) NOT NULL AUTO_INCREMENT, AUTO_INCREMENT=11;

--
-- AUTO_INCREMENT for table `order_sold`
--
ALTER TABLE `order_sold`
  MODIFY `id` int(11) NOT NULL AUTO_INCREMENT, AUTO_INCREMENT=113;

--
-- AUTO_INCREMENT for table `order_state_change`
--
ALTER TABLE `order_state_change`
  MODIFY `id` int(11) NOT NULL AUTO_INCREMENT, AUTO_INCREMENT=146;

--
-- AUTO_INCREMENT for table `order_transform_detail`
--
ALTER TABLE `order_transform_detail`
  MODIFY `id` int(11) NOT NULL AUTO_INCREMENT;

--
-- AUTO_INCREMENT for table `payment_receive`
--
ALTER TABLE `payment_receive`
  MODIFY `id` int(11) NOT NULL AUTO_INCREMENT, AUTO_INCREMENT=29;

--
-- AUTO_INCREMENT for table `payment_role`
--
ALTER TABLE `payment_role`
  MODIFY `id` int(2) NOT NULL AUTO_INCREMENT, AUTO_INCREMENT=6;

--
-- AUTO_INCREMENT for table `permission`
--
ALTER TABLE `permission`
  MODIFY `id` int(11) NOT NULL AUTO_INCREMENT, AUTO_INCREMENT=3681;

--
-- AUTO_INCREMENT for table `po_detail`
--
ALTER TABLE `po_detail`
  MODIFY `id` int(11) NOT NULL AUTO_INCREMENT, AUTO_INCREMENT=104;

--
-- AUTO_INCREMENT for table `prepare`
--
ALTER TABLE `prepare`
  MODIFY `id` int(11) NOT NULL AUTO_INCREMENT, AUTO_INCREMENT=50;

--
-- AUTO_INCREMENT for table `price_logs`
--
ALTER TABLE `price_logs`
  MODIFY `id` int(11) NOT NULL AUTO_INCREMENT, AUTO_INCREMENT=3;

--
-- AUTO_INCREMENT for table `product_color_group`
--
ALTER TABLE `product_color_group`
  MODIFY `id` int(11) NOT NULL AUTO_INCREMENT, AUTO_INCREMENT=17;

--
-- AUTO_INCREMENT for table `product_tab`
--
ALTER TABLE `product_tab`
  MODIFY `id` int(5) NOT NULL AUTO_INCREMENT, AUTO_INCREMENT=18;

--
-- AUTO_INCREMENT for table `profile`
--
ALTER TABLE `profile`
  MODIFY `id` int(11) NOT NULL AUTO_INCREMENT, AUTO_INCREMENT=6;

--
-- AUTO_INCREMENT for table `qc`
--
ALTER TABLE `qc`
  MODIFY `id` int(11) NOT NULL AUTO_INCREMENT, AUTO_INCREMENT=12;

--
-- AUTO_INCREMENT for table `qc_box`
--
ALTER TABLE `qc_box`
  MODIFY `id` int(11) NOT NULL AUTO_INCREMENT, AUTO_INCREMENT=6;

--
-- AUTO_INCREMENT for table `receive_product_detail`
--
ALTER TABLE `receive_product_detail`
  MODIFY `id` int(11) NOT NULL AUTO_INCREMENT, AUTO_INCREMENT=104;

--
-- AUTO_INCREMENT for table `receive_transform_detail`
--
ALTER TABLE `receive_transform_detail`
  MODIFY `id` int(11) NOT NULL AUTO_INCREMENT;

--
-- AUTO_INCREMENT for table `return_lend_detail`
--
ALTER TABLE `return_lend_detail`
  MODIFY `id` int(11) NOT NULL AUTO_INCREMENT;

--
-- AUTO_INCREMENT for table `return_order_detail`
--
ALTER TABLE `return_order_detail`
  MODIFY `id` int(11) NOT NULL AUTO_INCREMENT;

--
-- AUTO_INCREMENT for table `stock`
--
ALTER TABLE `stock`
  MODIFY `id` int(11) NOT NULL AUTO_INCREMENT, AUTO_INCREMENT=256;

--
-- AUTO_INCREMENT for table `stock_movement`
--
ALTER TABLE `stock_movement`
  MODIFY `id` int(11) NOT NULL AUTO_INCREMENT, AUTO_INCREMENT=473;

--
-- AUTO_INCREMENT for table `transfer_detail`
--
ALTER TABLE `transfer_detail`
  MODIFY `id` int(11) NOT NULL AUTO_INCREMENT, AUTO_INCREMENT=37;

--
-- AUTO_INCREMENT for table `transfer_temp`
--
ALTER TABLE `transfer_temp`
  MODIFY `id` int(11) NOT NULL AUTO_INCREMENT;

--
-- AUTO_INCREMENT for table `user`
--
ALTER TABLE `user`
  MODIFY `id` int(11) NOT NULL AUTO_INCREMENT, AUTO_INCREMENT=8;

--
-- AUTO_INCREMENT for table `warehouse_role`
--
ALTER TABLE `warehouse_role`
  MODIFY `id` tinyint(2) NOT NULL AUTO_INCREMENT, AUTO_INCREMENT=9;

--
-- AUTO_INCREMENT for table `zone`
--
ALTER TABLE `zone`
  MODIFY `id` int(11) NOT NULL AUTO_INCREMENT, AUTO_INCREMENT=6;

--
-- AUTO_INCREMENT for table `zone_customer`
--
ALTER TABLE `zone_customer`
  MODIFY `id` int(11) NOT NULL AUTO_INCREMENT, AUTO_INCREMENT=2;

--
-- Constraints for dumped tables
--

--
-- Constraints for table `address_transport`
--
ALTER TABLE `address_transport`
  ADD CONSTRAINT `sender_customer` FOREIGN KEY (`customer_code`) REFERENCES `customers` (`code`) ON DELETE SET NULL ON UPDATE SET NULL;

--
-- Constraints for table `adjust_detail`
--
ALTER TABLE `adjust_detail`
  ADD CONSTRAINT `fk_adjust` FOREIGN KEY (`adjust_code`) REFERENCES `adjust` (`code`) ON UPDATE CASCADE,
  ADD CONSTRAINT `fk_adjust_product` FOREIGN KEY (`product_code`) REFERENCES `products` (`code`) ON UPDATE CASCADE,
  ADD CONSTRAINT `fk_adjust_warehouse` FOREIGN KEY (`warehouse_code`) REFERENCES `warehouse` (`code`) ON UPDATE CASCADE,
  ADD CONSTRAINT `fk_adjust_zone` FOREIGN KEY (`zone_code`) REFERENCES `zone` (`code`) ON UPDATE CASCADE;

--
-- Constraints for table `buffer`
--
ALTER TABLE `buffer`
  ADD CONSTRAINT `fk_bf_order_code` FOREIGN KEY (`order_code`) REFERENCES `orders` (`code`) ON UPDATE CASCADE,
  ADD CONSTRAINT `fk_bf_product_code` FOREIGN KEY (`product_code`) REFERENCES `products` (`code`) ON UPDATE CASCADE;

--
-- Constraints for table `channels`
--
ALTER TABLE `channels`
  ADD CONSTRAINT `fk_ch_cus_code` FOREIGN KEY (`customer_code`) REFERENCES `customers` (`code`) ON DELETE SET NULL ON UPDATE CASCADE;

--
-- Constraints for table `config`
--
ALTER TABLE `config`
  ADD CONSTRAINT `config_group` FOREIGN KEY (`group_code`) REFERENCES `config_group` (`code`) ON DELETE SET NULL ON UPDATE CASCADE;

--
-- Constraints for table `consign_check`
--
ALTER TABLE `consign_check`
  ADD CONSTRAINT `fk_ck_customer` FOREIGN KEY (`customer_code`) REFERENCES `customers` (`code`) ON UPDATE CASCADE,
  ADD CONSTRAINT `fk_ck_zone` FOREIGN KEY (`zone_code`) REFERENCES `zone` (`code`) ON UPDATE CASCADE;

--
-- Constraints for table `consign_check_detail`
--
ALTER TABLE `consign_check_detail`
  ADD CONSTRAINT `fk_ck_code` FOREIGN KEY (`check_code`) REFERENCES `consign_check` (`code`) ON UPDATE CASCADE;

--
-- Constraints for table `consign_order`
--
ALTER TABLE `consign_order`
  ADD CONSTRAINT `fk_consign_customer` FOREIGN KEY (`customer_code`) REFERENCES `customers` (`code`) ON UPDATE CASCADE,
  ADD CONSTRAINT `fk_consign_zone` FOREIGN KEY (`zone_code`) REFERENCES `zone` (`code`) ON UPDATE CASCADE;

--
-- Constraints for table `consign_order_detail`
--
ALTER TABLE `consign_order_detail`
  ADD CONSTRAINT `fk_consign_product` FOREIGN KEY (`product_code`) REFERENCES `products` (`code`) ON UPDATE CASCADE,
  ADD CONSTRAINT `fk_consign_ref_code` FOREIGN KEY (`ref_code`) REFERENCES `consign_order` (`ref_code`) ON DELETE SET NULL ON UPDATE CASCADE,
  ADD CONSTRAINT `fk_consign_style` FOREIGN KEY (`style_code`) REFERENCES `product_style` (`code`) ON UPDATE CASCADE;

--
-- Constraints for table `customers`
--
ALTER TABLE `customers`
  ADD CONSTRAINT `fk_customer_area` FOREIGN KEY (`area_code`) REFERENCES `customer_area` (`code`) ON DELETE SET NULL ON UPDATE CASCADE,
  ADD CONSTRAINT `fk_customer_class` FOREIGN KEY (`class_code`) REFERENCES `customer_class` (`code`) ON DELETE SET NULL ON UPDATE CASCADE,
  ADD CONSTRAINT `fk_customer_group` FOREIGN KEY (`group_code`) REFERENCES `customer_group` (`code`) ON DELETE SET NULL ON UPDATE CASCADE,
  ADD CONSTRAINT `fk_customer_kind` FOREIGN KEY (`kind_code`) REFERENCES `customer_kind` (`code`) ON DELETE SET NULL ON UPDATE CASCADE,
  ADD CONSTRAINT `fk_customer_type` FOREIGN KEY (`type_code`) REFERENCES `customer_type` (`code`) ON DELETE SET NULL ON UPDATE CASCADE;

--
-- Constraints for table `discount_rule`
--
ALTER TABLE `discount_rule`
  ADD CONSTRAINT `fk_id_policy` FOREIGN KEY (`id_policy`) REFERENCES `discount_policy` (`id`) ON UPDATE NO ACTION;

--
-- Constraints for table `image_product`
--
ALTER TABLE `image_product`
  ADD CONSTRAINT `fk_id_mage` FOREIGN KEY (`id_image`) REFERENCES `images` (`id`) ON DELETE SET NULL ON UPDATE NO ACTION;

--
-- Constraints for table `menu`
--
ALTER TABLE `menu`
  ADD CONSTRAINT `fk_menu_group` FOREIGN KEY (`group_code`) REFERENCES `menu_group` (`code`) ON UPDATE CASCADE,
  ADD CONSTRAINT `fk_menu_sub_group` FOREIGN KEY (`sub_group`) REFERENCES `menu_sub_group` (`code`) ON UPDATE CASCADE;

--
-- Constraints for table `menu_sub_group`
--
ALTER TABLE `menu_sub_group`
  ADD CONSTRAINT `fk_menu_group_code` FOREIGN KEY (`group_code`) REFERENCES `menu_group` (`code`) ON DELETE SET NULL ON UPDATE CASCADE;

--
-- Constraints for table `orders`
--
ALTER TABLE `orders`
  ADD CONSTRAINT `fk_channels_code` FOREIGN KEY (`channels_code`) REFERENCES `channels` (`code`) ON DELETE SET NULL ON UPDATE CASCADE,
  ADD CONSTRAINT `fk_customer` FOREIGN KEY (`customer_code`) REFERENCES `customers` (`code`) ON UPDATE CASCADE,
  ADD CONSTRAINT `fk_payment_code` FOREIGN KEY (`payment_code`) REFERENCES `payment_method` (`code`) ON DELETE SET NULL ON UPDATE CASCADE,
  ADD CONSTRAINT `fk_sale_code` FOREIGN KEY (`sale_code`) REFERENCES `saleman` (`code`) ON DELETE SET NULL ON UPDATE CASCADE;

--
-- Constraints for table `order_details`
--
ALTER TABLE `order_details`
  ADD CONSTRAINT `fk_order_code` FOREIGN KEY (`order_code`) REFERENCES `orders` (`code`) ON UPDATE CASCADE,
  ADD CONSTRAINT `fk_order_style` FOREIGN KEY (`style_code`) REFERENCES `product_style` (`code`) ON UPDATE CASCADE,
  ADD CONSTRAINT `fk_product_code` FOREIGN KEY (`product_code`) REFERENCES `products` (`code`) ON UPDATE CASCADE,
  ADD CONSTRAINT `fl_id_rule` FOREIGN KEY (`id_rule`) REFERENCES `discount_rule` (`id`) ON UPDATE NO ACTION;

--
-- Constraints for table `order_lend_detail`
--
ALTER TABLE `order_lend_detail`
  ADD CONSTRAINT `fk_lend_order_code` FOREIGN KEY (`order_code`) REFERENCES `orders` (`code`) ON UPDATE CASCADE,
  ADD CONSTRAINT `fk_lend_product_code` FOREIGN KEY (`product_code`) REFERENCES `products` (`code`) ON UPDATE CASCADE,
  ADD CONSTRAINT `fk_lend_user` FOREIGN KEY (`customer_code`) REFERENCES `customers` (`code`) ON UPDATE CASCADE;

--
-- Constraints for table `order_quotation`
--
ALTER TABLE `order_quotation`
  ADD CONSTRAINT `fk_qt_customer` FOREIGN KEY (`customer_code`) REFERENCES `customers` (`code`) ON UPDATE CASCADE;

--
-- Constraints for table `order_quotation_detail`
--
ALTER TABLE `order_quotation_detail`
  ADD CONSTRAINT `fk_qt_product` FOREIGN KEY (`product_code`) REFERENCES `products` (`code`) ON UPDATE CASCADE;

--
-- Constraints for table `order_sold`
--
ALTER TABLE `order_sold`
  ADD CONSTRAINT `fk_order_sold_sale_code` FOREIGN KEY (`sale_code`) REFERENCES `saleman` (`code`);

--
-- Constraints for table `order_transform_detail`
--
ALTER TABLE `order_transform_detail`
  ADD CONSTRAINT `fk_origin_code` FOREIGN KEY (`original_code`) REFERENCES `products` (`code`) ON UPDATE CASCADE,
  ADD CONSTRAINT `fk_transform_code` FOREIGN KEY (`order_code`) REFERENCES `orders` (`code`) ON UPDATE CASCADE,
  ADD CONSTRAINT `fk_transform_product` FOREIGN KEY (`product_code`) REFERENCES `products` (`code`) ON UPDATE CASCADE;

--
-- Constraints for table `payment_receive`
--
ALTER TABLE `payment_receive`
  ADD CONSTRAINT `fk_payment_customer` FOREIGN KEY (`customer_code`) REFERENCES `customers` (`code`) ON DELETE NO ACTION ON UPDATE CASCADE,
  ADD CONSTRAINT `fk_payment_type` FOREIGN KEY (`payment_type`) REFERENCES `payment_type` (`code`) ON DELETE SET NULL ON UPDATE CASCADE;

--
-- Constraints for table `po`
--
ALTER TABLE `po`
  ADD CONSTRAINT `po_vender` FOREIGN KEY (`vender_code`) REFERENCES `vender` (`code`) ON UPDATE CASCADE;

--
-- Constraints for table `po_detail`
--
ALTER TABLE `po_detail`
  ADD CONSTRAINT `po_product` FOREIGN KEY (`product_code`) REFERENCES `products` (`code`) ON UPDATE CASCADE;

--
-- Constraints for table `prepare`
--
ALTER TABLE `prepare`
  ADD CONSTRAINT `fk_item_code` FOREIGN KEY (`product_code`) REFERENCES `products` (`code`) ON UPDATE CASCADE,
  ADD CONSTRAINT `fk_orderCode` FOREIGN KEY (`order_code`) REFERENCES `orders` (`code`) ON UPDATE CASCADE;

--
-- Constraints for table `products`
--
ALTER TABLE `products`
  ADD CONSTRAINT `fk_product_brand` FOREIGN KEY (`brand_code`) REFERENCES `product_brand` (`code`) ON DELETE SET NULL ON UPDATE CASCADE,
  ADD CONSTRAINT `fk_product_category` FOREIGN KEY (`category_code`) REFERENCES `product_category` (`code`) ON DELETE SET NULL ON UPDATE CASCADE,
  ADD CONSTRAINT `fk_product_group` FOREIGN KEY (`group_code`) REFERENCES `product_group` (`code`) ON DELETE SET NULL ON UPDATE CASCADE,
  ADD CONSTRAINT `fk_product_kind` FOREIGN KEY (`kind_code`) REFERENCES `product_kind` (`code`) ON DELETE SET NULL ON UPDATE CASCADE,
  ADD CONSTRAINT `fk_product_size` FOREIGN KEY (`size_code`) REFERENCES `product_size` (`code`) ON DELETE SET NULL ON UPDATE CASCADE,
  ADD CONSTRAINT `fk_product_style` FOREIGN KEY (`style_code`) REFERENCES `product_style` (`code`) ON UPDATE CASCADE,
  ADD CONSTRAINT `fk_product_type` FOREIGN KEY (`type_code`) REFERENCES `product_type` (`code`) ON DELETE SET NULL ON UPDATE CASCADE;

--
-- Constraints for table `product_style`
--
ALTER TABLE `product_style`
  ADD CONSTRAINT `fk_style_brand` FOREIGN KEY (`brand_code`) REFERENCES `product_brand` (`code`) ON DELETE SET NULL ON UPDATE CASCADE,
  ADD CONSTRAINT `fk_style_category` FOREIGN KEY (`category_code`) REFERENCES `product_category` (`code`) ON DELETE SET NULL ON UPDATE CASCADE,
  ADD CONSTRAINT `fk_style_group` FOREIGN KEY (`group_code`) REFERENCES `product_group` (`code`) ON DELETE SET NULL ON UPDATE CASCADE,
  ADD CONSTRAINT `fk_style_kind` FOREIGN KEY (`kind_code`) REFERENCES `product_kind` (`code`) ON DELETE SET NULL ON UPDATE CASCADE,
  ADD CONSTRAINT `fk_style_sub_group` FOREIGN KEY (`sub_group_code`) REFERENCES `product_sub_group` (`code`) ON DELETE SET NULL ON UPDATE CASCADE,
  ADD CONSTRAINT `fk_style_type` FOREIGN KEY (`type_code`) REFERENCES `product_type` (`code`) ON DELETE SET NULL ON UPDATE CASCADE;

--
-- Constraints for table `receive_product_detail`
--
ALTER TABLE `receive_product_detail`
  ADD CONSTRAINT `fk_rc_pd_code` FOREIGN KEY (`product_code`) REFERENCES `products` (`code`) ON UPDATE CASCADE,
  ADD CONSTRAINT `fk_rc_style_code` FOREIGN KEY (`style_code`) REFERENCES `product_style` (`code`) ON UPDATE CASCADE;

--
-- Constraints for table `return_order`
--
ALTER TABLE `return_order`
  ADD CONSTRAINT `fk_return_cus` FOREIGN KEY (`customer_code`) REFERENCES `customers` (`code`) ON UPDATE CASCADE;

--
-- Constraints for table `stock`
--
ALTER TABLE `stock`
  ADD CONSTRAINT `fk_pd_stock` FOREIGN KEY (`product_code`) REFERENCES `products` (`code`) ON UPDATE CASCADE,
  ADD CONSTRAINT `fk_zone_stock` FOREIGN KEY (`zone_code`) REFERENCES `zone` (`code`) ON UPDATE CASCADE;

--
-- Constraints for table `stock_movement`
--
ALTER TABLE `stock_movement`
  ADD CONSTRAINT `stock_wh` FOREIGN KEY (`warehouse_code`) REFERENCES `warehouse` (`code`) ON UPDATE CASCADE,
  ADD CONSTRAINT `stock_zone` FOREIGN KEY (`zone_code`) REFERENCES `zone` (`code`) ON UPDATE CASCADE;

--
-- Constraints for table `transfer_temp`
--
ALTER TABLE `transfer_temp`
  ADD CONSTRAINT `fk_transfer_code` FOREIGN KEY (`transfer_code`) REFERENCES `transfer` (`code`) ON DELETE SET NULL ON UPDATE CASCADE,
  ADD CONSTRAINT `fk_transfer_product` FOREIGN KEY (`product_code`) REFERENCES `products` (`code`) ON UPDATE CASCADE;

--
-- Constraints for table `user`
--
ALTER TABLE `user`
  ADD CONSTRAINT `fk_profile_id` FOREIGN KEY (`id_profile`) REFERENCES `profile` (`id`) ON DELETE SET NULL ON UPDATE NO ACTION;

--
-- Constraints for table `zone`
--
ALTER TABLE `zone`
  ADD CONSTRAINT `fk_zone_warehouse` FOREIGN KEY (`warehouse_code`) REFERENCES `warehouse` (`code`) ON UPDATE CASCADE;

--
-- Constraints for table `zone_customer`
--
ALTER TABLE `zone_customer`
  ADD CONSTRAINT `fk_zone` FOREIGN KEY (`zone_code`) REFERENCES `zone` (`code`) ON DELETE SET NULL ON UPDATE CASCADE,
  ADD CONSTRAINT `fk_zone_cust_code` FOREIGN KEY (`customer_code`) REFERENCES `customers` (`code`) ON DELETE SET NULL ON UPDATE CASCADE;
COMMIT;

/*!40101 SET CHARACTER_SET_CLIENT=@OLD_CHARACTER_SET_CLIENT */;
/*!40101 SET CHARACTER_SET_RESULTS=@OLD_CHARACTER_SET_RESULTS */;
/*!40101 SET COLLATION_CONNECTION=@OLD_COLLATION_CONNECTION */;
